customer_id,age,sex,bmi,weight_kg,children,smoker,region,exercise_freq,date_of_birth,smoker_score,age_score,bmi_score,exercise_score,health_score,health_band,age_group,bmi_category,annual_charge,risk_tier,predicted_tier,predicted_cost,final_premium,top_risk_factors,premium_explanation
HW1000,56,female,29.7,85.6,1,no,south,3.0,1970-05-14,100.0,17.39,78.4,42.86,70.49,Good,50-64,Overweight,14924.08,Medium,Medium,15957.66,19627.93,Raised BMI; Age,"The premium is moderate mainly because this customer has a BMI of 29.7 (overweight range), is 56 years old. Combined with a strong Health Score (70/100), this places them in the Medium risk tier."
HW1001,46,female,24.1,69.9,4,yes,west,5.0,1980-09-17,0.0,39.13,100.0,71.43,36.3,Fair,40-49,Normal,45450.69,High,High,42765.49,52601.55,Smoker; Dependents,"The premium is high mainly because this customer is a smoker, has 4 dependents. Combined with a low Health Score (36/100), this places them in the High risk tier."
HW1002,32,female,34.4,100.1,0,yes,north,3.0,1994-05-07,0.0,69.57,57.25,42.86,34.34,Poor,30-39,Obese,43874.19,High,High,45800.48,56334.59,Smoker; High BMI,"The premium is high mainly because this customer is a smoker, has a BMI of 34.4 (obese range). Combined with a low Health Score (34/100), this places them in the High risk tier."
HW1003,60,female,27.0,78.7,0,yes,north,4.0,1966-11-22,0.0,8.7,90.55,57.14,25.12,Poor,50-64,Overweight,48107.39,High,High,46103.74,56707.6,Smoker; Raised BMI; Age,"The premium is high mainly because this customer is a smoker, has a BMI of 27.0 (overweight range), is 60 years old. Combined with a low Health Score (25/100), this places them in the High risk tier."
HW1004,25,male,31.3,90.0,1,no,north,4.0,2001-06-12,100.0,84.78,71.2,57.14,88.21,Excellent,18-29,Obese,13745.61,Medium,Medium,13818.64,16996.93,High BMI,"The premium is moderate mainly because this customer has a BMI of 31.3 (obese range). Combined with a strong Health Score (88/100), this places them in the Medium risk tier."
HW1005,38,male,22.5,65.8,2,no,south,5.0,1988-07-06,100.0,56.52,100.0,71.43,87.26,Excellent,30-39,Normal,7498.53,Low,Low,7989.14,9826.65,No elevated risk factors,"The premium is low because this customer is a non-smoker, has a healthy BMI of 22.5, exercises 5x per week. With a strong Health Score (87/100) they sit in the Low risk tier."
HW1006,56,male,27.8,79.8,0,yes,south,5.0,1970-05-16,0.0,17.39,86.95,71.43,26.87,Poor,50-64,Overweight,45206.27,High,High,46179.84,56801.2,Smoker; Raised BMI; Age,"The premium is high mainly because this customer is a smoker, has a BMI of 27.8 (overweight range), is 56 years old. Combined with a low Health Score (27/100), this places them in the High risk tier."
HW1007,36,male,40.0,116.9,4,yes,east,1.0,1990-10-05,0.0,60.87,32.05,14.29,25.43,Poor,30-39,Obese,55009.88,High,High,52747.59,64879.54,Smoker; High BMI; Low activity,"The premium is high mainly because this customer is a smoker, has a BMI of 40.0 (obese range), exercises only 1x per week. Combined with a low Health Score (25/100), this places them in the High risk tier."
HW1008,40,female,33.8,96.4,0,no,south,2.0,1986-09-14,100.0,52.17,59.95,28.57,75.85,Excellent,40-49,Obese,14616.03,Medium,Medium,14886.58,18310.49,High BMI; Low activity,"The premium is moderate mainly because this customer has a BMI of 33.8 (obese range), exercises only 2x per week. Combined with a strong Health Score (76/100), this places them in the Medium risk tier."
HW1009,28,male,29.8,86.3,4,no,west,2.0,1998-08-14,100.0,78.26,77.95,28.57,87.73,Excellent,18-29,Overweight,8901.55,Low,Low,8411.3,10345.9,Raised BMI; Low activity; Dependents,"The premium is low overall. The main factor pushing it up is that this customer has a BMI of 29.8 (overweight range), exercises only 2x per week, has 4 dependents, but with a strong Health Score (88/100) they still sit in the Low risk tier."
HW1010,28,male,25.3,69.9,3,no,east,5.0,1998-12-10,100.0,78.26,98.2,71.43,93.06,Excellent,18-29,Overweight,8484.2,Low,Low,7802.19,9596.7,Raised BMI; Dependents,"The premium is low overall. The main factor pushing it up is that this customer has a BMI of 25.3 (overweight range), has 3 dependents, but with a strong Health Score (93/100) they still sit in the Low risk tier."
HW1011,41,female,28.4,81.3,3,yes,east,3.0,1985-04-20,0.0,50.0,84.25,42.86,35.31,Fair,40-49,Overweight,10945.81,Low,Medium,19293.29,23730.75,Smoker; Raised BMI; Dependents,"The premium is moderate mainly because this customer is a smoker, has a BMI of 28.4 (overweight range), has 3 dependents. Combined with a low Health Score (35/100), this places them in the Medium risk tier."
HW1012,53,female,29.2,85.5,4,yes,west,4.0,1973-10-21,0.0,23.91,80.65,57.14,27.07,Poor,50-64,Overweight,47648.25,High,High,47818.29,58816.49,Smoker; Raised BMI; Age,"The premium is high mainly because this customer is a smoker, has a BMI of 29.2 (overweight range), is 53 years old. Combined with a low Health Score (27/100), this places them in the High risk tier."
HW1013,57,female,30.7,86.7,2,no,west,3.0,1969-03-15,100.0,15.22,73.9,42.86,68.77,Good,50-64,Obese,16176.53,Medium,Medium,16569.95,20381.04,High BMI; Age,"The premium is moderate mainly because this customer has a BMI of 30.7 (obese range), is 57 years old. Combined with a mid-range Health Score (69/100), this places them in the Medium risk tier."
HW1014,41,female,21.5,61.5,0,no,west,4.0,1985-08-23,100.0,50.0,100.0,57.14,85.26,Excellent,40-49,Normal,13081.89,Medium,Low,7139.86,8782.03,No elevated risk factors,"The premium is low because this customer is a non-smoker, has a healthy BMI of 21.5. With a strong Health Score (85/100) they sit in the Low risk tier."
HW1015,20,male,32.0,87.7,0,yes,east,4.0,2006-05-10,0.0,95.65,68.05,57.14,44.59,Fair,18-29,Obese,45010.67,High,High,41943.63,51590.66,Smoker; High BMI,"The premium is high mainly because this customer is a smoker, has a BMI of 32.0 (obese range). Combined with a low Health Score (45/100), this places them in the High risk tier."
HW1016,39,male,21.5,59.4,3,no,east,5.0,1987-03-21,100.0,54.35,100.0,71.43,86.64,Excellent,30-39,Normal,7657.83,Low,Low,8232.07,10125.44,Dependents,"The premium is low overall. The main factor pushing it up is that this customer has 3 dependents, but with a strong Health Score (87/100) they still sit in the Low risk tier."
HW1017,19,female,37.8,107.0,4,yes,east,2.0,2007-03-26,0.0,97.83,41.95,28.57,38.59,Fair,18-29,Obese,47574.47,High,High,47262.03,58132.3,Smoker; High BMI; Low activity,"The premium is high mainly because this customer is a smoker, has a BMI of 37.8 (obese range), exercises only 2x per week. Combined with a low Health Score (39/100), this places them in the High risk tier."
HW1018,41,male,23.4,67.8,0,no,west,5.0,1985-05-16,100.0,50.0,100.0,71.43,85.39,Excellent,40-49,Normal,7811.15,Low,Low,7699.97,9470.96,No elevated risk factors,"The premium is low because this customer is a non-smoker, has a healthy BMI of 23.4, exercises 5x per week. With a strong Health Score (85/100) they sit in the Low risk tier."
HW1019,61,male,29.8,86.8,0,no,west,4.0,1965-01-06,100.0,6.52,77.95,57.14,67.39,Good,50-64,Overweight,15035.23,Medium,Medium,16599.33,20417.18,Raised BMI; Age,"The premium is moderate mainly because this customer has a BMI of 29.8 (overweight range), is 61 years old. Combined with a mid-range Health Score (67/100), this places them in the Medium risk tier."
HW1020,47,male,34.0,98.1,2,yes,north,2.0,1979-10-20,0.0,36.96,59.05,28.57,25.29,Poor,40-49,Obese,48132.56,High,High,49975.02,61469.28,Smoker; High BMI; Low activity,"The premium is high mainly because this customer is a smoker, has a BMI of 34.0 (obese range), exercises only 2x per week. Combined with a low Health Score (25/100), this places them in the High risk tier."
HW1021,55,female,26.5,75.8,1,no,south,5.0,1971-04-16,100.0,19.57,92.8,71.43,74.89,Good,50-64,Overweight,14680.71,Medium,Medium,15461.46,19017.6,Raised BMI; Age,"The premium is moderate mainly because this customer has a BMI of 26.5 (overweight range), is 55 years old. Combined with a strong Health Score (75/100), this places them in the Medium risk tier."
HW1022,19,male,30.0,85.9,3,no,north,5.0,2007-08-02,100.0,97.83,77.05,71.43,93.52,Excellent,18-29,Obese,14292.63,Medium,Medium,13711.66,16865.35,High BMI; Dependents,"The premium is moderate mainly because this customer has a BMI of 30.0 (obese range), has 3 dependents. Combined with a strong Health Score (94/100), this places them in the Medium risk tier."
HW1023,38,female,36.6,107.2,3,no,west,2.0,1988-04-15,100.0,56.52,47.35,28.57,74.02,Good,30-39,Obese,16943.06,Medium,Medium,16255.45,19994.21,High BMI; Low activity; Dependents,"The premium is moderate mainly because this customer has a BMI of 36.6 (obese range), exercises only 2x per week, has 3 dependents. Combined with a strong Health Score (74/100), this places them in the Medium risk tier."
HW1024,50,male,31.4,91.2,1,no,east,4.0,1976-02-01,100.0,30.43,70.75,57.14,72.5,Good,50-64,Obese,14514.16,Medium,Medium,15991.89,19670.02,High BMI; Age,"The premium is moderate mainly because this customer has a BMI of 31.4 (obese range), is 50 years old. Combined with a strong Health Score (72/100), this places them in the Medium risk tier."
HW1025,29,male,30.1,86.3,0,yes,west,3.0,1997-10-19,0.0,76.09,76.6,42.86,40.94,Fair,18-29,Obese,18748.28,Medium,High,42782.54,52622.52,Smoker; High BMI,"The premium is high mainly because this customer is a smoker, has a BMI of 30.1 (obese range). Combined with a low Health Score (41/100), this places them in the High risk tier."
HW1026,39,male,17.9,54.3,2,no,south,6.0,1987-12-08,100.0,54.35,95.2,85.71,85.59,Excellent,30-39,Underweight,7901.47,Low,Low,7681.65,9448.43,Low BMI,"The premium is low overall. The main factor pushing it up is that this customer has a BMI of 17.9 (underweight range), but with a strong Health Score (86/100) they still sit in the Low risk tier."
HW1027,61,female,22.4,68.6,2,yes,north,4.0,1965-06-12,0.0,6.52,100.0,57.14,26.8,Poor,50-64,Normal,45191.1,High,High,44245.86,54422.41,Smoker; Age,"The premium is high mainly because this customer is a smoker, is 61 years old. Combined with a low Health Score (27/100), this places them in the High risk tier."
HW1028,42,male,34.3,96.6,3,no,north,4.0,1984-07-18,100.0,47.83,57.7,57.14,74.31,Good,40-49,Obese,41749.94,High,Medium,16563.34,20372.91,High BMI; Dependents,"The premium is moderate mainly because this customer has a BMI of 34.3 (obese range), has 3 dependents. Combined with a strong Health Score (74/100), this places them in the Medium risk tier."
HW1029,44,female,31.4,91.8,2,no,east,2.0,1982-06-14,100.0,43.48,70.75,28.57,75.99,Excellent,40-49,Obese,9079.7,Low,Medium,15501.76,19067.16,High BMI; Low activity,"The premium is moderate mainly because this customer has a BMI of 31.4 (obese range), exercises only 2x per week. Combined with a strong Health Score (76/100), this places them in the Medium risk tier."
HW1030,59,female,32.3,99.5,1,no,north,3.0,1967-08-24,100.0,10.87,66.7,42.86,65.77,Good,50-64,Obese,43813.74,High,High,42001.48,51661.82,High BMI; Age,"The premium is high mainly because this customer has a BMI of 32.3 (obese range), is 59 years old. Combined with a mid-range Health Score (66/100), this places them in the High risk tier."
HW1031,45,female,31.8,92.5,0,yes,north,4.0,1981-04-22,0.0,41.3,68.95,57.14,29.21,Poor,40-49,Obese,43279.04,High,High,46536.84,57240.31,Smoker; High BMI,"The premium is high mainly because this customer is a smoker, has a BMI of 31.8 (obese range). Combined with a low Health Score (29/100), this places them in the High risk tier."
HW1032,33,male,35.7,103.4,1,no,west,2.0,1993-05-09,100.0,67.39,51.4,28.57,78.13,Excellent,30-39,Obese,15317.15,Medium,Medium,15438.87,18989.81,High BMI; Low activity,"The premium is moderate mainly because this customer has a BMI of 35.7 (obese range), exercises only 2x per week. Combined with a strong Health Score (78/100), this places them in the Medium risk tier."
HW1033,32,male,26.4,76.2,4,no,north,4.0,1994-08-02,100.0,69.57,93.25,57.14,89.23,Excellent,30-39,Overweight,8317.48,Low,Low,8422.43,10359.58,Raised BMI; Dependents,"The premium is low overall. The main factor pushing it up is that this customer has a BMI of 26.4 (overweight range), has 4 dependents, but with a strong Health Score (89/100) they still sit in the Low risk tier."
HW1034,64,male,28.7,83.9,3,no,north,4.0,1962-12-16,100.0,0.0,82.9,57.14,66.73,Good,50-64,Overweight,17130.53,Medium,Medium,17538.23,21572.02,Raised BMI; Age; Dependents,"The premium is moderate mainly because this customer has a BMI of 28.7 (overweight range), is 64 years old, has 3 dependents. Combined with a mid-range Health Score (67/100), this places them in the Medium risk tier."
HW1035,61,male,21.8,64.5,2,yes,north,5.0,1965-07-16,0.0,6.52,100.0,71.43,26.93,Poor,50-64,Normal,43641.89,High,High,44122.42,54270.58,Smoker; Age,"The premium is high mainly because this customer is a smoker, is 61 years old. Combined with a low Health Score (27/100), this places them in the High risk tier."
HW1036,20,female,20.3,56.2,4,yes,east,5.0,2006-07-27,0.0,95.65,100.0,71.43,52.52,Fair,18-29,Normal,16422.11,Medium,Medium,16317.07,20070.0,Smoker; Dependents,"The premium is moderate mainly because this customer is a smoker, has 4 dependents. Combined with a mid-range Health Score (53/100), this places them in the Medium risk tier."
HW1037,54,female,18.1,52.3,2,no,east,6.0,1972-12-01,100.0,21.74,96.8,85.71,76.62,Excellent,50-64,Underweight,29691.1,High,Medium,14088.72,17329.13,Low BMI; Age,"The premium is moderate mainly because this customer has a BMI of 18.1 (underweight range), is 54 years old. Combined with a strong Health Score (77/100), this places them in the Medium risk tier."
HW1038,24,female,22.7,61.1,0,no,west,5.0,2002-01-12,100.0,86.96,100.0,71.43,96.0,Excellent,18-29,Normal,11969.56,Medium,Low,6221.75,7652.75,No elevated risk factors,"The premium is low because this customer is a non-smoker, has a healthy BMI of 22.7, is young (24). With a strong Health Score (96/100) they sit in the Low risk tier."
HW1039,38,male,37.3,107.4,0,yes,north,3.0,1988-04-21,0.0,56.52,44.2,42.86,27.41,Poor,30-39,Obese,48500.58,High,High,49370.58,60725.81,Smoker; High BMI,"The premium is high mainly because this customer is a smoker, has a BMI of 37.3 (obese range). Combined with a low Health Score (27/100), this places them in the High risk tier."
HW1040,26,female,18.7,52.2,0,no,east,5.0,2000-04-07,100.0,82.61,100.0,71.43,94.75,Excellent,18-29,Normal,6449.59,Low,Low,6083.13,7482.25,No elevated risk factors,"The premium is low because this customer is a non-smoker, has a healthy BMI of 18.7, is young (26). With a strong Health Score (95/100) they sit in the Low risk tier."
HW1041,56,male,26.2,76.4,2,no,east,4.0,1970-03-07,100.0,17.39,94.15,57.14,74.47,Good,50-64,Overweight,15578.06,Medium,Medium,16056.94,19750.04,Raised BMI; Age,"The premium is moderate mainly because this customer has a BMI of 26.2 (overweight range), is 56 years old. Combined with a strong Health Score (74/100), this places them in the Medium risk tier."
HW1042,35,female,20.2,55.1,4,no,west,5.0,1991-08-22,100.0,63.04,100.0,71.43,89.13,Excellent,30-39,Normal,7412.65,Low,Low,7830.88,9631.98,Dependents,"The premium is low overall. The main factor pushing it up is that this customer has 4 dependents, but with a strong Health Score (89/100) they still sit in the Low risk tier."
HW1043,21,male,24.4,69.5,0,yes,south,4.0,2005-06-16,0.0,93.48,100.0,57.14,51.77,Fair,18-29,Normal,15536.08,Medium,Medium,16407.97,20181.8,Smoker,"The premium is moderate mainly because this customer is a smoker. Combined with a mid-range Health Score (52/100), this places them in the Medium risk tier."
HW1044,42,male,29.0,85.7,4,yes,north,4.0,1984-08-08,0.0,47.83,81.55,57.14,34.16,Poor,40-49,Overweight,19857.08,Medium,Medium,20205.16,24852.35,Smoker; Raised BMI; Dependents,"The premium is moderate mainly because this customer is a smoker, has a BMI of 29.0 (overweight range), has 4 dependents. Combined with a low Health Score (34/100), this places them in the Medium risk tier."
HW1045,31,female,23.8,67.4,2,no,east,6.0,1995-07-22,100.0,71.74,100.0,85.71,91.76,Excellent,30-39,Normal,6903.36,Low,Low,7300.74,8979.91,No elevated risk factors,"The premium is low because this customer is a non-smoker, has a healthy BMI of 23.8, exercises 6x per week. With a strong Health Score (92/100) they sit in the Low risk tier."
HW1046,26,female,34.5,95.9,4,yes,west,3.0,2000-06-10,0.0,82.61,56.8,42.86,37.97,Fair,18-29,Obese,19771.27,Medium,High,46316.65,56969.48,Smoker; High BMI; Dependents,"The premium is high mainly because this customer is a smoker, has a BMI of 34.5 (obese range), has 4 dependents. Combined with a low Health Score (38/100), this places them in the High risk tier."
HW1047,43,female,37.2,108.0,2,no,west,2.0,1983-11-13,100.0,45.65,44.65,28.57,70.24,Good,40-49,Obese,17323.4,Medium,Medium,16504.93,20301.06,High BMI; Low activity,"The premium is moderate mainly because this customer has a BMI of 37.2 (obese range), exercises only 2x per week. Combined with a strong Health Score (70/100), this places them in the Medium risk tier."
HW1048,19,female,16.0,45.1,2,no,west,6.0,2007-06-24,100.0,97.83,80.0,85.71,94.36,Excellent,18-29,Underweight,6094.54,Low,Low,5883.79,7237.06,Low BMI,"The premium is low overall. The main factor pushing it up is that this customer has a BMI of 16.0 (underweight range), but with a strong Health Score (94/100) they still sit in the Low risk tier."
HW1049,37,male,23.9,68.7,3,no,east,5.0,1989-01-21,100.0,58.7,100.0,71.43,87.88,Excellent,30-39,Normal,8247.16,Low,Low,8334.96,10252.0,Dependents,"The premium is low overall. The main factor pushing it up is that this customer has 3 dependents, but with a strong Health Score (88/100) they still sit in the Low risk tier."
HW1050,45,female,28.4,80.6,2,no,north,3.0,1981-03-12,100.0,41.3,84.25,42.86,78.79,Excellent,40-49,Overweight,15425.2,Medium,Medium,15095.66,18567.67,Raised BMI,"The premium is moderate mainly because this customer has a BMI of 28.4 (overweight range). Combined with a strong Health Score (79/100), this places them in the Medium risk tier."
HW1051,64,female,34.8,104.5,2,no,south,3.0,1962-08-27,100.0,0.0,55.45,42.86,59.9,Good,50-64,Obese,44714.44,High,High,44583.58,54837.8,High BMI; Age,"The premium is high mainly because this customer has a BMI of 34.8 (obese range), is 64 years old. Combined with a mid-range Health Score (60/100), this places them in the High risk tier."
HW1052,24,female,25.3,70.0,1,yes,north,4.0,2002-06-18,0.0,86.96,98.2,57.14,49.46,Fair,18-29,Overweight,16659.72,Medium,Medium,16620.12,20442.74,Smoker; Raised BMI,"The premium is moderate mainly because this customer is a smoker, has a BMI of 25.3 (overweight range). Combined with a mid-range Health Score (49/100), this places them in the Medium risk tier."
HW1053,61,male,27.9,86.3,0,no,west,4.0,1965-07-23,100.0,6.52,86.5,57.14,69.48,Good,50-64,Overweight,16041.02,Medium,Medium,16308.04,20058.89,Raised BMI; Age,"The premium is moderate mainly because this customer has a BMI of 27.9 (overweight range), is 61 years old. Combined with a mid-range Health Score (69/100), this places them in the Medium risk tier."
HW1054,25,male,21.1,60.2,3,no,west,6.0,2001-05-08,100.0,84.78,100.0,85.71,95.5,Excellent,18-29,Normal,7714.47,Low,Low,7283.95,8959.26,Dependents,"The premium is low overall. The main factor pushing it up is that this customer has 3 dependents, but with a strong Health Score (96/100) they still sit in the Low risk tier."
HW1055,64,female,18.8,54.7,3,no,south,6.0,1962-05-17,100.0,0.0,100.0,85.71,71.16,Good,50-64,Normal,13054.66,Medium,Medium,15447.48,19000.4,Age; Dependents,"The premium is moderate mainly because this customer is 64 years old, has 3 dependents. Combined with a strong Health Score (71/100), this places them in the Medium risk tier."
HW1056,52,male,36.7,104.9,3,yes,north,3.0,1974-09-20,0.0,26.09,46.9,42.86,19.33,Poor,50-64,Obese,20526.44,Medium,High,53264.02,65514.74,Smoker; High BMI; Age,"The premium is high mainly because this customer is a smoker, has a BMI of 36.7 (obese range), is 52 years old. Combined with a low Health Score (19/100), this places them in the High risk tier."
HW1057,31,female,17.1,48.2,1,yes,west,6.0,1995-02-04,0.0,71.74,88.8,85.71,43.05,Fair,30-39,Underweight,16747.5,Medium,Medium,15960.02,19630.82,Smoker; Low BMI,"The premium is moderate mainly because this customer is a smoker, has a BMI of 17.1 (underweight range). Combined with a low Health Score (43/100), this places them in the Medium risk tier."
HW1058,34,male,42.0,119.8,2,yes,west,3.0,1992-09-02,0.0,65.22,23.05,42.86,24.74,Poor,30-39,Obese,21213.13,Medium,High,52782.9,64922.97,Smoker; High BMI,"The premium is high mainly because this customer is a smoker, has a BMI of 42.0 (obese range). Combined with a low Health Score (25/100), this places them in the High risk tier."
HW1059,53,male,32.4,94.8,0,no,north,3.0,1973-04-18,100.0,23.91,66.25,42.86,69.4,Good,50-64,Obese,17192.51,Medium,Medium,16357.97,20120.3,High BMI; Age,"The premium is moderate mainly because this customer has a BMI of 32.4 (obese range), is 53 years old. Combined with a mid-range Health Score (69/100), this places them in the Medium risk tier."
HW1060,57,male,32.1,89.9,4,no,west,3.0,1969-05-19,100.0,15.22,67.6,42.86,67.23,Good,50-64,Obese,17345.73,Medium,Medium,17846.6,21951.32,High BMI; Age; Dependents,"The premium is moderate mainly because this customer has a BMI of 32.1 (obese range), is 57 years old, has 4 dependents. Combined with a mid-range Health Score (67/100), this places them in the Medium risk tier."
HW1061,21,male,31.5,91.8,2,no,north,4.0,2005-10-18,100.0,93.48,70.3,57.14,90.49,Excellent,18-29,Obese,15271.82,Medium,Medium,13838.21,17021.0,High BMI,"The premium is moderate mainly because this customer has a BMI of 31.5 (obese range). Combined with a strong Health Score (90/100), this places them in the Medium risk tier."
HW1062,19,female,26.5,72.2,1,yes,west,5.0,2007-09-21,0.0,97.83,92.8,71.43,51.39,Fair,18-29,Overweight,16252.13,Medium,Medium,16529.64,20331.46,Smoker; Raised BMI,"The premium is moderate mainly because this customer is a smoker, has a BMI of 26.5 (overweight range). Combined with a mid-range Health Score (51/100), this places them in the Medium risk tier."
HW1063,23,female,28.0,88.4,2,yes,north,3.0,2003-10-05,0.0,89.13,86.05,42.86,46.99,Fair,18-29,Overweight,42938.9,High,Medium,17281.58,21256.34,Smoker; Raised BMI,"The premium is moderate mainly because this customer is a smoker, has a BMI of 28.0 (overweight range). Combined with a mid-range Health Score (47/100), this places them in the Medium risk tier."
HW1064,59,female,26.9,79.4,2,no,south,4.0,1967-01-22,100.0,10.87,91.0,57.14,71.83,Good,50-64,Overweight,15644.57,Medium,Medium,16089.71,19790.34,Raised BMI; Age,"The premium is moderate mainly because this customer has a BMI of 26.9 (overweight range), is 59 years old. Combined with a strong Health Score (72/100), this places them in the Medium risk tier."
HW1065,21,male,31.3,87.9,1,no,west,3.0,2005-07-17,100.0,93.48,71.2,42.86,90.58,Excellent,18-29,Obese,12621.58,Medium,Medium,13565.36,16685.39,High BMI,"The premium is moderate mainly because this customer has a BMI of 31.3 (obese range). Combined with a strong Health Score (91/100), this places them in the Medium risk tier."
HW1066,46,female,27.8,81.7,3,yes,south,4.0,1980-09-24,0.0,39.13,86.95,57.14,32.98,Poor,40-49,Overweight,42176.33,High,High,45162.46,55549.83,Smoker; Raised BMI; Dependents,"The premium is high mainly because this customer is a smoker, has a BMI of 27.8 (overweight range), has 3 dependents. Combined with a low Health Score (33/100), this places them in the High risk tier."
HW1067,35,female,22.3,64.5,3,no,west,5.0,1991-12-14,100.0,63.04,100.0,71.43,89.13,Excellent,30-39,Normal,7987.57,Low,Low,7683.07,9450.18,Dependents,"The premium is low overall. The main factor pushing it up is that this customer has 3 dependents, but with a strong Health Score (89/100) they still sit in the Low risk tier."
HW1068,43,female,22.8,69.1,0,yes,west,6.0,1983-08-23,0.0,45.65,100.0,85.71,38.3,Fair,40-49,Normal,18044.88,Medium,Medium,17607.39,21657.09,Smoker,"The premium is moderate mainly because this customer is a smoker. Combined with a low Health Score (38/100), this places them in the Medium risk tier."
HW1069,61,male,22.1,62.2,0,no,east,5.0,1965-05-19,100.0,6.52,100.0,71.43,72.9,Good,50-64,Normal,15357.32,Medium,Medium,15121.86,18599.89,Age,"The premium is moderate mainly because this customer is 61 years old. Combined with a strong Health Score (73/100), this places them in the Medium risk tier."
HW1070,51,male,33.8,103.3,3,no,north,4.0,1975-12-14,100.0,28.26,59.95,57.14,69.24,Good,50-64,Obese,16304.25,Medium,Medium,17180.23,21131.68,High BMI; Age; Dependents,"The premium is moderate mainly because this customer has a BMI of 33.8 (obese range), is 51 years old, has 3 dependents. Combined with a mid-range Health Score (69/100), this places them in the Medium risk tier."
HW1071,27,male,24.3,65.4,4,yes,south,4.0,1999-09-07,0.0,80.43,100.0,57.14,48.03,Fair,18-29,Normal,19412.92,Medium,Medium,18077.67,22235.54,Smoker; Dependents,"The premium is moderate mainly because this customer is a smoker, has 4 dependents. Combined with a mid-range Health Score (48/100), this places them in the Medium risk tier."
HW1072,53,female,16.5,47.0,2,yes,south,7.0,1973-11-26,0.0,23.91,84.0,100.0,28.27,Poor,50-64,Underweight,38985.57,High,High,38182.42,46964.37,Smoker; Low BMI; Age,"The premium is high mainly because this customer is a smoker, has a BMI of 16.5 (underweight range), is 53 years old. Combined with a low Health Score (28/100), this places them in the High risk tier."
HW1073,31,female,30.4,84.5,4,no,south,4.0,1995-10-08,100.0,71.74,75.25,57.14,85.46,Excellent,30-39,Obese,15249.6,Medium,Medium,14809.56,18215.76,High BMI; Dependents,"The premium is moderate mainly because this customer has a BMI of 30.4 (obese range), has 4 dependents. Combined with a strong Health Score (85/100), this places them in the Medium risk tier."
HW1074,48,female,37.1,110.9,2,yes,north,4.0,1978-06-14,0.0,34.78,45.1,57.14,21.51,Poor,40-49,Obese,51229.62,High,High,51662.97,63545.46,Smoker; High BMI,"The premium is high mainly because this customer is a smoker, has a BMI of 37.1 (obese range). Combined with a low Health Score (22/100), this places them in the High risk tier."
HW1075,32,male,32.6,93.7,3,no,east,2.0,1994-11-14,100.0,69.57,65.35,28.57,82.16,Excellent,30-39,Obese,14327.52,Medium,Medium,15106.1,18580.51,High BMI; Low activity; Dependents,"The premium is moderate mainly because this customer has a BMI of 32.6 (obese range), exercises only 2x per week, has 3 dependents. Combined with a strong Health Score (82/100), this places them in the Medium risk tier."
HW1076,25,male,24.4,70.2,0,no,south,4.0,2001-05-08,100.0,84.78,100.0,57.14,95.25,Excellent,18-29,Normal,7298.6,Low,Low,6781.1,8340.75,No elevated risk factors,"The premium is low because this customer is a non-smoker, has a healthy BMI of 24.4, is young (25). With a strong Health Score (95/100) they sit in the Low risk tier."
HW1077,31,female,18.5,54.4,0,no,north,7.0,1995-03-23,100.0,71.74,100.0,100.0,91.89,Excellent,30-39,Normal,6542.85,Low,Low,6344.72,7804.01,No elevated risk factors,"The premium is low because this customer is a non-smoker, has a healthy BMI of 18.5, exercises 7x per week. With a strong Health Score (92/100) they sit in the Low risk tier."
HW1078,40,male,27.2,78.6,4,no,west,4.0,1986-02-03,100.0,52.17,89.65,57.14,83.36,Excellent,40-49,Overweight,15232.73,Medium,Low,9017.76,11091.85,Raised BMI; Dependents,"The premium is low overall. The main factor pushing it up is that this customer has a BMI of 27.2 (overweight range), has 4 dependents, but with a strong Health Score (83/100) they still sit in the Low risk tier."
HW1079,57,male,27.0,76.8,0,no,south,4.0,1969-12-15,100.0,15.22,90.55,57.14,72.97,Good,50-64,Overweight,16165.3,Medium,Medium,15692.87,19302.23,Raised BMI; Age,"The premium is moderate mainly because this customer has a BMI of 27.0 (overweight range), is 57 years old. Combined with a strong Health Score (73/100), this places them in the Medium risk tier."
HW1080,38,male,22.2,61.6,3,yes,south,4.0,1988-02-05,0.0,56.52,100.0,57.14,41.16,Fair,30-39,Normal,19241.79,Medium,Medium,18472.8,22721.54,Smoker; Dependents,"The premium is moderate mainly because this customer is a smoker, has 3 dependents. Combined with a low Health Score (41/100), this places them in the Medium risk tier."
HW1081,33,male,31.3,90.8,4,no,east,4.0,1993-07-11,100.0,67.39,71.2,57.14,83.22,Excellent,30-39,Obese,16063.19,Medium,Medium,15471.77,19030.28,High BMI; Dependents,"The premium is moderate mainly because this customer has a BMI of 31.3 (obese range), has 4 dependents. Combined with a strong Health Score (83/100), this places them in the Medium risk tier."
HW1082,62,female,39.1,113.8,2,no,south,1.0,1964-10-27,100.0,4.35,36.1,14.29,56.16,Good,50-64,Obese,44114.61,High,High,47868.07,58877.73,High BMI; Age; Low activity,"The premium is high mainly because this customer has a BMI of 39.1 (obese range), is 62 years old, exercises only 1x per week. Combined with a mid-range Health Score (56/100), this places them in the High risk tier."
HW1083,35,male,29.3,86.1,0,no,south,4.0,1991-11-27,100.0,63.04,80.2,57.14,84.17,Excellent,30-39,Overweight,7173.41,Low,Low,7813.19,9610.22,Raised BMI,"The premium is low overall. The main factor pushing it up is that this customer has a BMI of 29.3 (overweight range), but with a strong Health Score (84/100) they still sit in the Low risk tier."
HW1084,64,male,29.0,87.6,1,yes,west,4.0,1962-10-15,0.0,0.0,81.55,57.14,20.43,Poor,50-64,Overweight,50529.13,High,High,49248.58,60575.75,Smoker; Raised BMI; Age,"The premium is high mainly because this customer is a smoker, has a BMI of 29.0 (overweight range), is 64 years old. Combined with a low Health Score (20/100), this places them in the High risk tier."
HW1085,41,male,22.4,60.4,0,yes,north,6.0,1985-01-13,0.0,50.0,100.0,85.71,39.54,Fair,40-49,Normal,17300.49,Medium,Medium,17756.73,21840.78,Smoker,"The premium is moderate mainly because this customer is a smoker. Combined with a low Health Score (40/100), this places them in the Medium risk tier."
HW1086,43,male,36.4,105.1,2,no,north,2.0,1983-10-25,100.0,45.65,48.25,28.57,71.12,Good,40-49,Obese,15793.25,Medium,Medium,16648.72,20477.93,High BMI; Low activity,"The premium is moderate mainly because this customer has a BMI of 36.4 (obese range), exercises only 2x per week. Combined with a strong Health Score (71/100), this places them in the Medium risk tier."
HW1087,42,female,27.5,81.9,4,yes,east,4.0,1984-01-01,0.0,47.83,88.3,57.14,35.81,Fair,40-49,Overweight,19974.89,Medium,Medium,19331.95,23778.3,Smoker; Raised BMI; Dependents,"The premium is moderate mainly because this customer is a smoker, has a BMI of 27.5 (overweight range), has 4 dependents. Combined with a low Health Score (36/100), this places them in the Medium risk tier."
HW1088,62,female,24.5,70.6,2,no,west,4.0,1964-12-26,100.0,4.35,100.0,57.14,72.15,Good,50-64,Normal,14928.95,Medium,Medium,16023.96,19709.47,Age,"The premium is moderate mainly because this customer is 62 years old. Combined with a strong Health Score (72/100), this places them in the Medium risk tier."
HW1089,58,male,28.4,77.4,1,no,north,6.0,1968-08-06,100.0,13.04,84.25,85.71,71.06,Good,50-64,Overweight,38817.55,High,Medium,16489.12,20281.61,Raised BMI; Age,"The premium is moderate mainly because this customer has a BMI of 28.4 (overweight range), is 58 years old. Combined with a strong Health Score (71/100), this places them in the Medium risk tier."
HW1090,46,male,30.8,86.4,3,no,west,3.0,1980-06-12,100.0,39.13,73.45,42.86,75.53,Excellent,40-49,Obese,17081.04,Medium,Medium,16356.48,20118.47,High BMI; Dependents,"The premium is moderate mainly because this customer has a BMI of 30.8 (obese range), has 3 dependents. Combined with a strong Health Score (76/100), this places them in the Medium risk tier."
HW1091,32,male,28.8,83.9,0,no,north,4.0,1994-09-15,100.0,69.57,82.45,57.14,86.59,Excellent,30-39,Overweight,6942.64,Low,Low,7571.3,9312.69,Raised BMI,"The premium is low overall. The main factor pushing it up is that this customer has a BMI of 28.8 (overweight range), but with a strong Health Score (87/100) they still sit in the Low risk tier."
HW1092,62,male,35.2,102.3,4,no,west,4.0,1964-04-24,100.0,4.35,53.65,57.14,60.83,Good,50-64,Obese,43897.13,High,High,46785.99,57546.77,High BMI; Age; Dependents,"The premium is high mainly because this customer has a BMI of 35.2 (obese range), is 62 years old, has 4 dependents. Combined with a mid-range Health Score (61/100), this places them in the High risk tier."
HW1093,18,male,30.3,88.9,3,no,east,3.0,2008-04-02,100.0,100.0,75.7,42.86,93.55,Excellent,18-29,Obese,12114.1,Medium,Medium,13651.24,16791.02,High BMI; Dependents,"The premium is moderate mainly because this customer has a BMI of 30.3 (obese range), has 3 dependents. Combined with a strong Health Score (94/100), this places them in the Medium risk tier."
HW1094,42,male,26.3,74.4,2,yes,south,5.0,1984-11-24,0.0,47.83,93.7,71.43,37.25,Fair,40-49,Overweight,42224.9,High,Medium,19226.53,23648.63,Smoker; Raised BMI,"The premium is moderate mainly because this customer is a smoker, has a BMI of 26.3 (overweight range). Combined with a low Health Score (37/100), this places them in the Medium risk tier."
HW1095,24,female,30.4,88.4,4,no,east,3.0,2002-12-07,100.0,86.96,75.25,42.86,89.7,Excellent,18-29,Obese,14026.44,Medium,Medium,14156.73,17412.78,High BMI; Dependents,"The premium is moderate mainly because this customer has a BMI of 30.4 (obese range), has 4 dependents. Combined with a strong Health Score (90/100), this places them in the Medium risk tier."
HW1096,26,male,31.0,87.7,3,no,north,4.0,2000-04-09,100.0,82.61,72.55,57.14,87.92,Excellent,18-29,Obese,13893.09,Medium,Medium,14593.58,17950.11,High BMI; Dependents,"The premium is moderate mainly because this customer has a BMI of 31.0 (obese range), has 3 dependents. Combined with a strong Health Score (88/100), this places them in the Medium risk tier."
HW1097,41,female,20.2,58.9,4,no,east,5.0,1985-09-08,100.0,50.0,100.0,71.43,85.39,Excellent,40-49,Normal,8752.51,Low,Low,8125.63,9994.52,Dependents,"The premium is low overall. The main factor pushing it up is that this customer has 4 dependents, but with a strong Health Score (85/100) they still sit in the Low risk tier."
HW1098,18,female,34.9,101.0,1,no,south,2.0,2008-01-23,100.0,100.0,55.0,28.57,88.37,Excellent,18-29,Obese,13701.78,Medium,Medium,13533.25,16645.89,High BMI; Low activity,"The premium is moderate mainly because this customer has a BMI of 34.9 (obese range), exercises only 2x per week. Combined with a strong Health Score (88/100), this places them in the Medium risk tier."
HW1099,61,male,26.2,74.1,1,no,east,5.0,1965-05-23,100.0,6.52,94.15,71.43,71.48,Good,50-64,Overweight,16294.06,Medium,Medium,16198.25,19923.85,Raised BMI; Age,"The premium is moderate mainly because this customer has a BMI of 26.2 (overweight range), is 61 years old. Combined with a strong Health Score (71/100), this places them in the Medium risk tier."
HW1100,25,female,26.3,79.1,0,no,north,5.0,2001-12-25,100.0,84.78,93.7,71.43,93.84,Excellent,18-29,Overweight,13249.67,Medium,Low,6541.98,8046.63,Raised BMI,"The premium is low overall. The main factor pushing it up is that this customer has a BMI of 26.3 (overweight range), but with a strong Health Score (94/100) they still sit in the Low risk tier."
HW1101,41,female,32.5,90.5,0,no,north,2.0,1985-02-13,100.0,50.0,65.8,28.57,76.65,Excellent,40-49,Obese,13547.27,Medium,Medium,14951.27,18390.06,High BMI; Low activity,"The premium is moderate mainly because this customer has a BMI of 32.5 (obese range), exercises only 2x per week. Combined with a strong Health Score (77/100), this places them in the Medium risk tier."
HW1102,28,female,32.5,93.6,1,yes,east,3.0,1998-11-04,0.0,78.26,65.8,42.86,38.92,Fair,18-29,Obese,45504.83,High,High,44231.3,54404.5,Smoker; High BMI,"The premium is high mainly because this customer is a smoker, has a BMI of 32.5 (obese range). Combined with a low Health Score (39/100), this places them in the High risk tier."
HW1103,34,female,23.8,67.1,4,no,south,6.0,1992-04-18,100.0,65.22,100.0,85.71,89.89,Excellent,30-39,Normal,7837.68,Low,Low,8070.4,9926.59,Dependents,"The premium is low overall. The main factor pushing it up is that this customer has 4 dependents, but with a strong Health Score (90/100) they still sit in the Low risk tier."
HW1104,25,female,32.8,98.5,1,no,east,4.0,2001-03-16,100.0,84.78,64.45,57.14,86.57,Excellent,18-29,Obese,13169.21,Medium,Medium,13698.36,16848.98,High BMI,"The premium is moderate mainly because this customer has a BMI of 32.8 (obese range). Combined with a strong Health Score (87/100), this places them in the Medium risk tier."
HW1105,52,female,24.6,72.3,0,no,south,4.0,1974-11-14,100.0,26.09,100.0,57.14,78.39,Excellent,50-64,Normal,8362.98,Low,Medium,14540.24,17884.49,Age,"The premium is moderate mainly because this customer is 52 years old. Combined with a strong Health Score (78/100), this places them in the Medium risk tier."
HW1106,52,male,38.9,111.1,1,no,west,2.0,1974-08-12,100.0,26.09,37.0,28.57,62.75,Good,50-64,Obese,17370.74,Medium,Medium,17524.1,21554.65,High BMI; Age; Low activity,"The premium is moderate mainly because this customer has a BMI of 38.9 (obese range), is 52 years old, exercises only 2x per week. Combined with a mid-range Health Score (63/100), this places them in the Medium risk tier."
HW1107,50,female,23.0,65.9,1,no,south,6.0,1976-09-06,100.0,30.43,100.0,85.71,79.9,Excellent,50-64,Normal,14353.71,Medium,Medium,14190.54,17454.37,Age,"The premium is moderate mainly because this customer is 50 years old. Combined with a strong Health Score (80/100), this places them in the Medium risk tier."
HW1108,22,female,29.4,88.7,4,yes,west,3.0,2004-10-18,0.0,91.3,79.75,42.86,46.07,Fair,18-29,Overweight,17992.08,Medium,Medium,18038.35,22187.17,Smoker; Raised BMI; Dependents,"The premium is moderate mainly because this customer is a smoker, has a BMI of 29.4 (overweight range), has 4 dependents. Combined with a mid-range Health Score (46/100), this places them in the Medium risk tier."
HW1109,59,female,23.3,65.4,3,no,east,5.0,1967-02-23,100.0,10.87,100.0,71.43,74.15,Good,50-64,Normal,15974.81,Medium,Medium,15737.16,19356.71,Age; Dependents,"The premium is moderate mainly because this customer is 59 years old, has 3 dependents. Combined with a strong Health Score (74/100), this places them in the Medium risk tier."
HW1110,56,male,41.3,115.8,0,yes,south,1.0,1970-08-24,0.0,17.39,26.2,14.29,11.52,Poor,50-64,Obese,54272.26,High,High,56150.54,69065.17,Smoker; High BMI; Age,"The premium is high mainly because this customer is a smoker, has a BMI of 41.3 (obese range), is 56 years old. Combined with a low Health Score (12/100), this places them in the High risk tier."
HW1111,58,female,20.6,60.1,4,no,west,6.0,1968-06-10,100.0,13.04,100.0,85.71,74.91,Good,50-64,Normal,16252.09,Medium,Medium,15544.52,19119.76,Age; Dependents,"The premium is moderate mainly because this customer is 58 years old, has 4 dependents. Combined with a strong Health Score (75/100), this places them in the Medium risk tier."
HW1112,45,male,31.1,90.5,1,no,west,3.0,1981-08-17,100.0,41.3,72.1,42.86,75.82,Excellent,40-49,Obese,7918.12,Low,Medium,15725.98,19342.95,High BMI,"The premium is moderate mainly because this customer has a BMI of 31.1 (obese range). Combined with a strong Health Score (76/100), this places them in the Medium risk tier."
HW1113,24,female,23.6,69.5,1,yes,west,5.0,2002-09-12,0.0,86.96,100.0,71.43,50.03,Fair,18-29,Normal,16904.8,Medium,Medium,16304.62,20054.68,Smoker,"The premium is moderate mainly because this customer is a smoker. Combined with a mid-range Health Score (50/100), this places them in the Medium risk tier."
HW1114,26,male,25.9,76.2,3,yes,north,6.0,2000-01-13,0.0,82.61,95.5,85.71,47.81,Fair,18-29,Overweight,16329.88,Medium,Medium,18015.75,22159.38,Smoker; Raised BMI; Dependents,"The premium is moderate mainly because this customer is a smoker, has a BMI of 25.9 (overweight range), has 3 dependents. Combined with a mid-range Health Score (48/100), this places them in the Medium risk tier."
HW1115,25,male,30.7,92.3,0,no,east,3.0,2001-03-12,100.0,84.78,73.9,42.86,88.75,Excellent,18-29,Obese,12722.9,Medium,Medium,13536.0,16649.28,High BMI,"The premium is moderate mainly because this customer has a BMI of 30.7 (obese range). Combined with a strong Health Score (89/100), this places them in the Medium risk tier."
HW1116,29,female,35.3,98.6,0,yes,west,4.0,1997-09-27,0.0,76.09,53.2,57.14,35.35,Fair,18-29,Obese,46395.25,High,High,45804.65,56339.72,Smoker; High BMI,"The premium is high mainly because this customer is a smoker, has a BMI of 35.3 (obese range). Combined with a low Health Score (35/100), this places them in the High risk tier."
HW1117,51,female,37.7,106.5,2,no,south,2.0,1975-05-25,100.0,28.26,42.4,28.57,64.7,Good,50-64,Obese,15418.7,Medium,Medium,17263.11,21233.63,High BMI; Age; Low activity,"The premium is moderate mainly because this customer has a BMI of 37.7 (obese range), is 51 years old, exercises only 2x per week. Combined with a mid-range Health Score (65/100), this places them in the Medium risk tier."
HW1118,50,male,18.8,55.7,0,yes,west,5.0,1976-09-06,0.0,30.43,100.0,71.43,33.8,Poor,50-64,Normal,39719.67,High,High,38963.57,47925.19,Smoker; Age,"The premium is high mainly because this customer is a smoker, is 50 years old. Combined with a low Health Score (34/100), this places them in the High risk tier."
HW1119,40,female,29.6,83.3,3,yes,north,6.0,1986-11-17,0.0,52.17,78.85,85.71,35.0,Fair,40-49,Overweight,18293.79,Medium,Medium,19444.79,23917.09,Smoker; Raised BMI; Dependents,"The premium is moderate mainly because this customer is a smoker, has a BMI of 29.6 (overweight range), has 3 dependents. Combined with a low Health Score (35/100), this places them in the Medium risk tier."
HW1120,41,male,36.8,103.4,2,no,east,2.0,1985-10-23,100.0,50.0,46.45,28.57,71.93,Good,40-49,Obese,15746.84,Medium,Medium,16531.65,20333.93,High BMI; Low activity,"The premium is moderate mainly because this customer has a BMI of 36.8 (obese range), exercises only 2x per week. Combined with a strong Health Score (72/100), this places them in the Medium risk tier."
HW1121,54,male,17.9,55.5,2,no,north,5.0,1972-06-25,100.0,21.74,95.2,71.43,76.1,Excellent,50-64,Underweight,13538.43,Medium,Medium,14586.22,17941.04,Low BMI; Age,"The premium is moderate mainly because this customer has a BMI of 17.9 (underweight range), is 54 years old. Combined with a strong Health Score (76/100), this places them in the Medium risk tier."
HW1122,52,male,29.9,83.2,1,no,north,4.0,1974-07-11,100.0,26.09,77.5,57.14,72.9,Good,50-64,Overweight,14913.0,Medium,Medium,16121.37,19829.28,Raised BMI; Age,"The premium is moderate mainly because this customer has a BMI of 29.9 (overweight range), is 52 years old. Combined with a strong Health Score (73/100), this places them in the Medium risk tier."
HW1123,61,male,28.0,80.2,1,no,north,4.0,1965-12-13,100.0,6.52,86.05,57.14,69.37,Good,50-64,Overweight,15078.35,Medium,Medium,16553.77,20361.13,Raised BMI; Age,"The premium is moderate mainly because this customer has a BMI of 28.0 (overweight range), is 61 years old. Combined with a mid-range Health Score (69/100), this places them in the Medium risk tier."
HW1124,57,male,30.5,88.0,0,no,south,4.0,1969-04-07,100.0,15.22,74.8,57.14,69.12,Good,50-64,Obese,18269.07,Medium,Medium,16225.28,19957.1,High BMI; Age,"The premium is moderate mainly because this customer has a BMI of 30.5 (obese range), is 57 years old. Combined with a mid-range Health Score (69/100), this places them in the Medium risk tier."
HW1125,39,female,23.4,70.2,2,no,east,5.0,1987-02-06,100.0,54.35,100.0,71.43,86.64,Excellent,30-39,Normal,7629.89,Low,Low,7733.28,9511.94,No elevated risk factors,"The premium is low because this customer is a non-smoker, has a healthy BMI of 23.4, exercises 5x per week. With a strong Health Score (87/100) they sit in the Low risk tier."
HW1126,44,male,19.4,52.3,1,no,east,7.0,1982-06-18,100.0,43.48,100.0,100.0,83.77,Excellent,40-49,Normal,7285.16,Low,Low,7931.4,9755.62,No elevated risk factors,"The premium is low because this customer is a non-smoker, has a healthy BMI of 19.4, exercises 7x per week. With a strong Health Score (84/100) they sit in the Low risk tier."
HW1127,52,male,16.5,48.5,3,no,south,6.0,1974-04-08,100.0,26.09,84.0,85.71,74.74,Good,50-64,Underweight,13804.09,Medium,Medium,14452.09,17776.07,Low BMI; Age; Dependents,"The premium is moderate mainly because this customer has a BMI of 16.5 (underweight range), is 52 years old, has 3 dependents. Combined with a strong Health Score (75/100), this places them in the Medium risk tier."
HW1128,18,female,33.9,96.2,1,no,east,2.0,2008-08-08,100.0,100.0,59.5,28.57,89.47,Excellent,18-29,Obese,13144.99,Medium,Medium,13269.28,16321.21,High BMI; Low activity,"The premium is moderate mainly because this customer has a BMI of 33.9 (obese range), exercises only 2x per week. Combined with a strong Health Score (89/100), this places them in the Medium risk tier."
HW1129,52,male,34.6,101.2,1,no,north,3.0,1974-08-01,100.0,26.09,56.35,42.86,67.61,Good,50-64,Obese,41888.35,High,Medium,16933.77,20828.54,High BMI; Age,"The premium is moderate mainly because this customer has a BMI of 34.6 (obese range), is 52 years old. Combined with a mid-range Health Score (68/100), this places them in the Medium risk tier."
HW1130,54,female,29.8,84.3,2,yes,east,3.0,1972-02-12,0.0,21.74,77.95,42.86,25.66,Poor,50-64,Overweight,45349.68,High,High,48048.62,59099.8,Smoker; Raised BMI; Age,"The premium is high mainly because this customer is a smoker, has a BMI of 29.8 (overweight range), is 54 years old. Combined with a low Health Score (26/100), this places them in the High risk tier."
HW1131,64,female,24.8,74.8,2,no,south,4.0,1962-04-25,100.0,0.0,100.0,57.14,70.9,Good,50-64,Normal,15334.69,Medium,Medium,16206.45,19933.93,Age,"The premium is moderate mainly because this customer is 64 years old. Combined with a strong Health Score (71/100), this places them in the Medium risk tier."
HW1132,31,female,18.3,51.1,4,yes,north,5.0,1995-03-14,0.0,71.74,98.4,71.43,45.27,Fair,30-39,Underweight,18006.14,Medium,Medium,17016.85,20930.72,Smoker; Low BMI; Dependents,"The premium is moderate mainly because this customer is a smoker, has a BMI of 18.3 (underweight range), has 4 dependents. Combined with a mid-range Health Score (45/100), this places them in the Medium risk tier."
HW1133,20,male,31.4,85.8,3,no,south,5.0,2006-06-23,100.0,95.65,70.75,71.43,91.35,Excellent,18-29,Obese,12689.56,Medium,Medium,14211.67,17480.35,High BMI; Dependents,"The premium is moderate mainly because this customer has a BMI of 31.4 (obese range), has 3 dependents. Combined with a strong Health Score (91/100), this places them in the Medium risk tier."
HW1134,18,male,21.4,60.3,2,yes,west,5.0,2008-08-13,0.0,100.0,100.0,71.43,53.77,Fair,18-29,Normal,14364.73,Medium,Medium,16166.93,19885.32,Smoker,"The premium is moderate mainly because this customer is a smoker. Combined with a mid-range Health Score (54/100), this places them in the Medium risk tier."
HW1135,22,male,23.7,68.0,0,no,north,5.0,2004-07-19,100.0,91.3,100.0,71.43,97.25,Excellent,18-29,Normal,6441.42,Low,Low,6491.95,7985.1,No elevated risk factors,"The premium is low because this customer is a non-smoker, has a healthy BMI of 23.7, is young (22). With a strong Health Score (97/100) they sit in the Low risk tier."
HW1136,43,female,24.5,73.0,3,no,north,4.0,1983-06-05,100.0,45.65,100.0,57.14,84.01,Excellent,40-49,Normal,7420.73,Low,Low,8326.32,10241.37,Dependents,"The premium is low overall. The main factor pushing it up is that this customer has 3 dependents, but with a strong Health Score (84/100) they still sit in the Low risk tier."
HW1137,31,male,26.8,74.9,3,yes,east,3.0,1995-12-26,0.0,71.74,91.45,42.86,43.31,Fair,30-39,Overweight,17850.2,Medium,Medium,18515.86,22774.51,Smoker; Raised BMI; Dependents,"The premium is moderate mainly because this customer is a smoker, has a BMI of 26.8 (overweight range), has 3 dependents. Combined with a low Health Score (43/100), this places them in the Medium risk tier."
HW1138,56,female,23.4,65.1,2,yes,north,5.0,1970-04-01,0.0,17.39,100.0,71.43,30.05,Poor,50-64,Normal,41596.51,High,High,43804.86,53879.97,Smoker; Age,"The premium is high mainly because this customer is a smoker, is 56 years old. Combined with a low Health Score (30/100), this places them in the High risk tier."
HW1139,44,male,28.2,83.4,3,yes,south,4.0,1982-07-24,0.0,43.48,85.15,57.14,33.79,Poor,40-49,Overweight,19037.13,Medium,Medium,19924.1,24506.65,Smoker; Raised BMI; Dependents,"The premium is moderate mainly because this customer is a smoker, has a BMI of 28.2 (overweight range), has 3 dependents. Combined with a low Health Score (34/100), this places them in the Medium risk tier."
HW1140,26,female,24.3,67.5,2,no,east,5.0,2000-02-07,100.0,82.61,100.0,71.43,94.75,Excellent,18-29,Normal,7035.29,Low,Low,7002.12,8612.61,No elevated risk factors,"The premium is low because this customer is a non-smoker, has a healthy BMI of 24.3, is young (26). With a strong Health Score (95/100) they sit in the Low risk tier."
HW1141,32,male,32.2,92.7,1,no,west,1.0,1994-06-05,100.0,69.57,67.15,14.29,82.47,Excellent,30-39,Obese,14867.35,Medium,Medium,14809.88,18216.15,High BMI; Low activity,"The premium is moderate mainly because this customer has a BMI of 32.2 (obese range), exercises only 1x per week. Combined with a strong Health Score (82/100), this places them in the Medium risk tier."
HW1142,32,male,34.2,98.5,4,yes,south,2.0,1994-04-02,0.0,69.57,58.15,28.57,34.43,Poor,30-39,Obese,46559.38,High,High,47928.93,58952.58,Smoker; High BMI; Low activity,"The premium is high mainly because this customer is a smoker, has a BMI of 34.2 (obese range), exercises only 2x per week. Combined with a low Health Score (34/100), this places them in the High risk tier."
HW1143,43,male,28.7,83.4,1,no,west,5.0,1983-10-22,100.0,45.65,82.9,71.43,79.96,Excellent,40-49,Overweight,8483.53,Low,Low,8525.06,10485.82,Raised BMI,"The premium is low overall. The main factor pushing it up is that this customer has a BMI of 28.7 (overweight range), but with a strong Health Score (80/100) they still sit in the Low risk tier."
HW1144,59,female,30.8,87.5,2,no,west,3.0,1967-05-18,100.0,10.87,73.45,42.86,67.41,Good,50-64,Obese,39689.7,High,High,41266.25,50757.48,High BMI; Age,"The premium is high mainly because this customer has a BMI of 30.8 (obese range), is 59 years old. Combined with a mid-range Health Score (67/100), this places them in the High risk tier."
HW1145,30,female,40.7,115.8,2,no,west,2.0,1996-10-23,100.0,73.91,28.9,28.57,74.51,Good,30-39,Obese,16136.75,Medium,Medium,15937.31,19602.89,High BMI; Low activity,"The premium is moderate mainly because this customer has a BMI of 40.7 (obese range), exercises only 2x per week. Combined with a strong Health Score (75/100), this places them in the Medium risk tier."
HW1146,49,male,21.0,61.4,1,no,north,4.0,1977-06-15,100.0,32.61,100.0,57.14,80.27,Excellent,40-49,Normal,30500.21,High,Medium,14261.81,17542.03,No elevated risk factors,"The premium is moderate because this customer is a non-smoker, has a healthy BMI of 21.0. With a strong Health Score (80/100) they sit in the Medium risk tier."
HW1147,56,male,20.6,57.7,0,no,south,6.0,1970-11-09,100.0,17.39,100.0,85.71,76.15,Excellent,50-64,Normal,8482.36,Low,Medium,14462.68,17789.09,Age,"The premium is moderate mainly because this customer is 56 years old. Combined with a strong Health Score (76/100), this places them in the Medium risk tier."
HW1148,49,female,32.2,90.3,0,no,south,4.0,1977-11-26,100.0,32.61,67.15,57.14,72.24,Good,40-49,Obese,15667.97,Medium,Medium,15572.39,19154.05,High BMI,"The premium is moderate mainly because this customer has a BMI of 32.2 (obese range). Combined with a strong Health Score (72/100), this places them in the Medium risk tier."
HW1149,21,female,39.7,117.2,0,yes,north,3.0,2005-05-25,0.0,93.48,33.4,42.86,35.38,Fair,18-29,Obese,50999.76,High,High,46894.59,57680.35,Smoker; High BMI,"The premium is high mainly because this customer is a smoker, has a BMI of 39.7 (obese range). Combined with a low Health Score (35/100), this places them in the High risk tier."
HW1150,47,female,26.4,77.3,2,yes,east,5.0,1979-09-17,0.0,36.96,93.25,71.43,34.02,Poor,40-49,Overweight,40932.0,High,High,44097.95,54240.47,Smoker; Raised BMI,"The premium is high mainly because this customer is a smoker, has a BMI of 26.4 (overweight range). Combined with a low Health Score (34/100), this places them in the High risk tier."
HW1151,54,male,38.4,114.5,3,yes,west,3.0,1972-05-09,0.0,21.74,39.25,42.86,16.21,Poor,50-64,Obese,59200.37,High,High,54382.75,66890.78,Smoker; High BMI; Age,"The premium is high mainly because this customer is a smoker, has a BMI of 38.4 (obese range), is 54 years old. Combined with a low Health Score (16/100), this places them in the High risk tier."
HW1152,40,female,28.6,84.2,2,yes,south,4.0,1986-07-16,0.0,52.17,83.35,57.14,35.85,Fair,40-49,Overweight,19729.02,Medium,Medium,18904.93,23253.06,Smoker; Raised BMI,"The premium is moderate mainly because this customer is a smoker, has a BMI of 28.6 (overweight range). Combined with a low Health Score (36/100), this places them in the Medium risk tier."
HW1153,56,male,23.9,66.5,3,no,north,4.0,1970-06-22,100.0,17.39,100.0,57.14,75.9,Excellent,50-64,Normal,17666.58,Medium,Medium,15991.29,19669.29,Age; Dependents,"The premium is moderate mainly because this customer is 56 years old, has 3 dependents. Combined with a strong Health Score (76/100), this places them in the Medium risk tier."
HW1154,62,female,22.1,64.1,1,no,west,6.0,1964-11-23,100.0,4.35,100.0,85.71,72.41,Good,50-64,Normal,15982.74,Medium,Medium,15423.04,18970.34,Age,"The premium is moderate mainly because this customer is 62 years old. Combined with a strong Health Score (72/100), this places them in the Medium risk tier."
HW1155,32,male,31.8,89.9,4,no,east,4.0,1994-01-04,100.0,69.57,68.95,57.14,83.3,Excellent,30-39,Obese,14614.81,Medium,Medium,15502.11,19067.59,High BMI; Dependents,"The premium is moderate mainly because this customer has a BMI of 31.8 (obese range), has 4 dependents. Combined with a strong Health Score (83/100), this places them in the Medium risk tier."
HW1156,60,female,22.5,61.7,3,yes,east,4.0,1966-01-22,0.0,8.7,100.0,57.14,27.43,Poor,50-64,Normal,45709.11,High,High,44366.73,54571.07,Smoker; Age; Dependents,"The premium is high mainly because this customer is a smoker, is 60 years old, has 3 dependents. Combined with a low Health Score (27/100), this places them in the High risk tier."
HW1157,46,female,28.5,81.5,0,yes,west,3.0,1980-04-01,0.0,39.13,83.8,42.86,32.08,Poor,40-49,Overweight,43066.83,High,High,44248.8,54426.02,Smoker; Raised BMI,"The premium is high mainly because this customer is a smoker, has a BMI of 28.5 (overweight range). Combined with a low Health Score (32/100), this places them in the High risk tier."
HW1158,53,female,37.5,110.3,2,no,east,2.0,1973-09-12,100.0,23.91,43.3,28.57,63.67,Good,50-64,Obese,17305.67,Medium,Medium,17286.01,21261.79,High BMI; Age; Low activity,"The premium is moderate mainly because this customer has a BMI of 37.5 (obese range), is 53 years old, exercises only 2x per week. Combined with a mid-range Health Score (64/100), this places them in the Medium risk tier."
HW1159,30,female,26.2,76.3,1,no,south,3.0,1996-04-22,100.0,73.91,94.15,42.86,90.57,Excellent,30-39,Overweight,6617.39,Low,Low,7137.93,8779.66,Raised BMI,"The premium is low overall. The main factor pushing it up is that this customer has a BMI of 26.2 (overweight range), but with a strong Health Score (91/100) they still sit in the Low risk tier."
HW1160,49,female,35.9,101.0,0,yes,south,2.0,1977-07-08,0.0,32.61,50.5,28.57,21.95,Poor,40-49,Obese,48423.34,High,High,49460.6,60836.53,Smoker; High BMI; Low activity,"The premium is high mainly because this customer is a smoker, has a BMI of 35.9 (obese range), exercises only 2x per week. Combined with a low Health Score (22/100), this places them in the High risk tier."
HW1161,24,male,20.7,58.9,1,no,south,4.0,2002-12-13,100.0,86.96,100.0,57.14,95.87,Excellent,18-29,Normal,7149.64,Low,Low,6739.58,8289.68,No elevated risk factors,"The premium is low because this customer is a non-smoker, has a healthy BMI of 20.7, is young (24). With a strong Health Score (96/100) they sit in the Low risk tier."
HW1162,39,female,24.8,71.4,4,no,east,4.0,1987-11-09,100.0,54.35,100.0,57.14,86.51,Excellent,30-39,Normal,8521.08,Low,Low,8323.14,10237.46,Dependents,"The premium is low overall. The main factor pushing it up is that this customer has 4 dependents, but with a strong Health Score (87/100) they still sit in the Low risk tier."
HW1163,45,female,19.6,53.3,2,no,south,6.0,1981-09-24,100.0,41.3,100.0,85.71,83.02,Excellent,40-49,Normal,14324.81,Medium,Medium,13598.05,16725.6,No elevated risk factors,"The premium is moderate because this customer is a non-smoker, has a healthy BMI of 19.6, exercises 6x per week. With a strong Health Score (83/100) they sit in the Medium risk tier."
HW1164,19,female,28.4,83.5,2,no,north,4.0,2007-10-11,100.0,97.83,84.25,57.14,95.15,Excellent,18-29,Overweight,6282.98,Low,Low,6787.35,8348.44,Raised BMI,"The premium is low overall. The main factor pushing it up is that this customer has a BMI of 28.4 (overweight range), but with a strong Health Score (95/100) they still sit in the Low risk tier."
HW1165,59,male,32.7,94.0,4,yes,south,3.0,1967-12-14,0.0,10.87,64.9,42.86,19.35,Poor,50-64,Obese,48798.21,High,High,51979.53,63934.83,Smoker; High BMI; Age,"The premium is high mainly because this customer is a smoker, has a BMI of 32.7 (obese range), is 59 years old. Combined with a low Health Score (19/100), this places them in the High risk tier."
HW1166,62,female,28.5,79.6,2,yes,south,4.0,1964-03-12,0.0,4.35,83.8,57.14,22.22,Poor,50-64,Overweight,50288.09,High,High,47938.55,58964.41,Smoker; Raised BMI; Age,"The premium is high mainly because this customer is a smoker, has a BMI of 28.5 (overweight range), is 62 years old. Combined with a low Health Score (22/100), this places them in the High risk tier."
HW1167,23,male,35.4,99.4,3,no,east,3.0,2003-02-21,100.0,89.13,52.75,42.86,84.83,Excellent,18-29,Obese,15881.91,Medium,Medium,14859.73,18277.47,High BMI; Dependents,"The premium is moderate mainly because this customer has a BMI of 35.4 (obese range), has 3 dependents. Combined with a strong Health Score (85/100), this places them in the Medium risk tier."
HW1168,45,female,23.5,70.1,1,no,south,4.0,1981-01-03,100.0,41.3,100.0,57.14,82.76,Excellent,40-49,Normal,13995.38,Medium,Medium,13976.8,17191.46,No elevated risk factors,"The premium is moderate because this customer is a non-smoker, has a healthy BMI of 23.5. With a strong Health Score (83/100) they sit in the Medium risk tier."
HW1169,45,female,29.4,84.2,0,no,west,4.0,1981-01-19,100.0,41.3,79.75,57.14,77.82,Excellent,40-49,Overweight,14944.3,Medium,Medium,14720.23,18105.89,Raised BMI,"The premium is moderate mainly because this customer has a BMI of 29.4 (overweight range). Combined with a strong Health Score (78/100), this places them in the Medium risk tier."
HW1170,61,male,24.8,74.1,4,no,north,5.0,1965-04-23,100.0,6.52,100.0,71.43,72.9,Good,50-64,Normal,17737.53,Medium,Medium,16854.01,20730.43,Age; Dependents,"The premium is moderate mainly because this customer is 61 years old, has 4 dependents. Combined with a strong Health Score (73/100), this places them in the Medium risk tier."
HW1171,61,female,30.2,90.4,3,yes,east,3.0,1965-12-16,0.0,6.52,76.15,42.86,20.85,Poor,50-64,Obese,50046.74,High,High,50005.92,61507.29,Smoker; High BMI; Age,"The premium is high mainly because this customer is a smoker, has a BMI of 30.2 (obese range), is 61 years old. Combined with a low Health Score (21/100), this places them in the High risk tier."
HW1172,37,male,31.0,91.6,0,no,north,3.0,1989-12-21,100.0,58.7,72.55,42.86,80.93,Excellent,30-39,Obese,15078.0,Medium,Medium,14595.26,17952.16,High BMI,"The premium is moderate mainly because this customer has a BMI of 31.0 (obese range). Combined with a strong Health Score (81/100), this places them in the Medium risk tier."
HW1173,47,male,31.5,90.0,0,yes,west,4.0,1979-05-13,0.0,36.96,70.3,57.14,28.29,Poor,40-49,Obese,48571.68,High,High,47132.96,57973.54,Smoker; High BMI,"The premium is high mainly because this customer is a smoker, has a BMI of 31.5 (obese range). Combined with a low Health Score (28/100), this places them in the High risk tier."
HW1174,28,female,21.6,57.4,4,no,east,5.0,1998-01-08,100.0,78.26,100.0,71.43,93.5,Excellent,18-29,Normal,7365.92,Low,Low,7447.53,9160.46,Dependents,"The premium is low overall. The main factor pushing it up is that this customer has 4 dependents, but with a strong Health Score (94/100) they still sit in the Low risk tier."
HW1175,45,male,22.7,66.2,3,no,east,5.0,1981-04-26,100.0,41.3,100.0,71.43,82.89,Excellent,40-49,Normal,14449.96,Medium,Medium,14811.35,18217.96,Dependents,"The premium is moderate mainly because this customer has 3 dependents. Combined with a strong Health Score (83/100), this places them in the Medium risk tier."
HW1176,42,female,23.8,73.0,0,no,south,5.0,1984-05-18,100.0,47.83,100.0,71.43,84.76,Excellent,40-49,Normal,7595.92,Low,Low,7424.15,9131.7,No elevated risk factors,"The premium is low because this customer is a non-smoker, has a healthy BMI of 23.8, exercises 5x per week. With a strong Health Score (85/100) they sit in the Low risk tier."
HW1177,56,female,26.6,76.8,0,no,north,5.0,1970-12-17,100.0,17.39,92.35,71.43,74.16,Good,50-64,Overweight,41006.31,High,Medium,14989.29,18436.83,Raised BMI; Age,"The premium is moderate mainly because this customer has a BMI of 26.6 (overweight range), is 56 years old. Combined with a strong Health Score (74/100), this places them in the Medium risk tier."
HW1178,50,male,28.5,78.4,3,no,west,4.0,1976-09-15,100.0,30.43,83.8,57.14,75.69,Excellent,50-64,Overweight,15517.08,Medium,Medium,16335.29,20092.41,Raised BMI; Age; Dependents,"The premium is moderate mainly because this customer has a BMI of 28.5 (overweight range), is 50 years old, has 3 dependents. Combined with a strong Health Score (76/100), this places them in the Medium risk tier."
HW1179,18,male,32.2,91.7,2,no,west,4.0,2008-02-06,100.0,100.0,67.15,57.14,91.59,Excellent,18-29,Obese,13218.33,Medium,Medium,13831.42,17012.64,High BMI,"The premium is moderate mainly because this customer has a BMI of 32.2 (obese range). Combined with a strong Health Score (92/100), this places them in the Medium risk tier."
HW1180,44,male,22.9,65.8,0,no,east,5.0,1982-01-16,100.0,43.48,100.0,71.43,83.52,Excellent,40-49,Normal,7081.62,Low,Low,7862.87,9671.33,No elevated risk factors,"The premium is low because this customer is a non-smoker, has a healthy BMI of 22.9, exercises 5x per week. With a strong Health Score (84/100) they sit in the Low risk tier."
HW1181,30,male,18.4,51.0,1,yes,south,5.0,1996-01-25,0.0,73.91,99.2,71.43,46.09,Fair,30-39,Underweight,16853.32,Medium,Medium,16413.98,20189.2,Smoker; Low BMI,"The premium is moderate mainly because this customer is a smoker, has a BMI of 18.4 (underweight range). Combined with a mid-range Health Score (46/100), this places them in the Medium risk tier."
HW1182,58,female,40.9,113.1,3,yes,east,2.0,1968-04-09,0.0,13.04,28.0,28.57,10.84,Poor,50-64,Obese,22795.06,Medium,High,56709.16,69752.26,Smoker; High BMI; Age,"The premium is high mainly because this customer is a smoker, has a BMI of 40.9 (obese range), is 58 years old. Combined with a low Health Score (11/100), this places them in the High risk tier."
HW1183,20,female,21.2,61.1,0,yes,east,6.0,2006-11-05,0.0,95.65,100.0,85.71,52.65,Fair,18-29,Normal,13955.7,Medium,Medium,15131.42,18611.65,Smoker,"The premium is moderate mainly because this customer is a smoker. Combined with a mid-range Health Score (53/100), this places them in the Medium risk tier."
HW1184,56,male,33.0,93.8,4,yes,east,3.0,1970-07-01,0.0,17.39,63.55,42.86,20.9,Poor,50-64,Obese,51675.54,High,High,52040.43,64009.73,Smoker; High BMI; Age,"The premium is high mainly because this customer is a smoker, has a BMI of 33.0 (obese range), is 56 years old. Combined with a low Health Score (21/100), this places them in the High risk tier."
HW1185,23,female,28.2,85.0,1,no,east,3.0,2003-06-24,100.0,89.13,85.15,42.86,92.74,Excellent,18-29,Overweight,7558.58,Low,Low,6732.34,8280.77,Raised BMI,"The premium is low overall. The main factor pushing it up is that this customer has a BMI of 28.2 (overweight range), but with a strong Health Score (93/100) they still sit in the Low risk tier."
HW1186,25,female,29.5,85.5,0,no,west,5.0,2001-01-25,100.0,84.78,79.3,71.43,90.32,Excellent,18-29,Overweight,6701.59,Low,Low,6794.05,8356.68,Raised BMI,"The premium is low overall. The main factor pushing it up is that this customer has a BMI of 29.5 (overweight range), but with a strong Health Score (90/100) they still sit in the Low risk tier."
HW1187,44,female,28.0,81.9,1,no,west,5.0,1982-03-01,100.0,43.48,86.05,71.43,80.11,Excellent,40-49,Overweight,8012.77,Low,Low,8138.33,10010.14,Raised BMI,"The premium is low overall. The main factor pushing it up is that this customer has a BMI of 28.0 (overweight range), but with a strong Health Score (80/100) they still sit in the Low risk tier."
HW1188,26,female,25.7,74.0,1,yes,east,4.0,2000-01-13,0.0,82.61,96.4,57.14,47.77,Fair,18-29,Overweight,18206.14,Medium,Medium,16913.91,20804.1,Smoker; Raised BMI,"The premium is moderate mainly because this customer is a smoker, has a BMI of 25.7 (overweight range). Combined with a mid-range Health Score (48/100), this places them in the Medium risk tier."
HW1189,54,male,30.8,89.2,2,no,east,3.0,1972-11-06,100.0,21.74,73.45,42.86,70.53,Good,50-64,Obese,16769.49,Medium,Medium,16485.81,20277.54,High BMI; Age,"The premium is moderate mainly because this customer has a BMI of 30.8 (obese range), is 54 years old. Combined with a strong Health Score (71/100), this places them in the Medium risk tier."
HW1190,50,male,25.4,70.1,1,no,south,5.0,1976-11-06,100.0,30.43,97.75,71.43,79.22,Excellent,50-64,Overweight,14035.12,Medium,Medium,15127.26,18606.53,Raised BMI; Age,"The premium is moderate mainly because this customer has a BMI of 25.4 (overweight range), is 50 years old. Combined with a strong Health Score (79/100), this places them in the Medium risk tier."
HW1191,59,female,35.0,99.1,2,no,east,3.0,1967-01-14,100.0,10.87,54.55,42.86,62.8,Good,50-64,Obese,45200.2,High,High,44416.46,54632.24,High BMI; Age,"The premium is high mainly because this customer has a BMI of 35.0 (obese range), is 59 years old. Combined with a mid-range Health Score (63/100), this places them in the High risk tier."
HW1192,61,male,31.4,92.9,3,no,west,2.0,1965-03-23,100.0,6.52,70.75,28.57,65.38,Good,50-64,Obese,45224.27,High,High,42762.87,52598.33,High BMI; Age; Low activity,"The premium is high mainly because this customer has a BMI of 31.4 (obese range), is 61 years old, exercises only 2x per week. Combined with a mid-range Health Score (65/100), this places them in the High risk tier."
HW1193,41,male,31.6,91.7,2,no,north,5.0,1985-10-19,100.0,50.0,69.85,71.43,78.03,Excellent,40-49,Obese,15502.66,Medium,Medium,15567.12,19147.55,High BMI,"The premium is moderate mainly because this customer has a BMI of 31.6 (obese range). Combined with a strong Health Score (78/100), this places them in the Medium risk tier."
HW1194,32,male,25.0,71.5,4,yes,west,4.0,1994-03-19,0.0,69.57,99.55,57.14,44.8,Fair,30-39,Overweight,18857.44,Medium,Medium,18705.21,23007.41,Smoker; Raised BMI; Dependents,"The premium is moderate mainly because this customer is a smoker, has a BMI of 25.0 (overweight range), has 4 dependents. Combined with a low Health Score (45/100), this places them in the Medium risk tier."
HW1195,49,female,26.6,77.8,0,yes,south,4.0,1977-12-23,0.0,32.61,92.35,57.14,32.43,Poor,40-49,Overweight,41239.86,High,High,43257.13,53206.27,Smoker; Raised BMI,"The premium is high mainly because this customer is a smoker, has a BMI of 26.6 (overweight range). Combined with a low Health Score (32/100), this places them in the High risk tier."
HW1196,49,female,20.9,61.4,3,no,west,5.0,1977-04-20,100.0,32.61,100.0,71.43,80.39,Excellent,40-49,Normal,13533.47,Medium,Medium,14631.12,17996.27,Dependents,"The premium is moderate mainly because this customer has 3 dependents. Combined with a strong Health Score (80/100), this places them in the Medium risk tier."
HW1197,41,female,25.9,78.8,3,no,north,6.0,1985-03-10,100.0,50.0,95.5,85.71,84.42,Excellent,40-49,Overweight,8132.13,Low,Low,8350.04,10270.54,Raised BMI; Dependents,"The premium is low overall. The main factor pushing it up is that this customer has a BMI of 25.9 (overweight range), has 3 dependents, but with a strong Health Score (84/100) they still sit in the Low risk tier."
HW1198,58,male,21.8,63.3,4,no,east,5.0,1968-11-25,100.0,13.04,100.0,71.43,74.78,Good,50-64,Normal,16203.24,Medium,Medium,16088.22,19788.51,Age; Dependents,"The premium is moderate mainly because this customer is 58 years old, has 4 dependents. Combined with a strong Health Score (75/100), this places them in the Medium risk tier."
HW1199,29,female,28.0,101.6,2,yes,north,4.0,1997-02-04,0.0,76.09,86.05,57.14,43.37,Fair,18-29,Overweight,45729.45,High,Medium,17831.79,21933.1,Smoker; Raised BMI,"The premium is moderate mainly because this customer is a smoker, has a BMI of 28.0 (overweight range). Combined with a low Health Score (43/100), this places them in the Medium risk tier."
HW1200,56,female,28.3,81.6,0,no,east,4.0,1970-08-06,100.0,17.39,84.7,57.14,72.16,Good,50-64,Overweight,15080.3,Medium,Medium,15384.84,18923.36,Raised BMI; Age,"The premium is moderate mainly because this customer has a BMI of 28.3 (overweight range), is 56 years old. Combined with a strong Health Score (72/100), this places them in the Medium risk tier."
HW1201,19,male,29.0,85.0,2,no,east,3.0,2007-07-16,100.0,97.83,81.55,42.86,94.36,Excellent,18-29,Overweight,7304.28,Low,Low,7277.11,8950.84,Raised BMI,"The premium is low overall. The main factor pushing it up is that this customer has a BMI of 29.0 (overweight range), but with a strong Health Score (94/100) they still sit in the Low risk tier."
HW1202,20,female,26.6,78.9,1,no,west,4.0,2006-07-18,100.0,95.65,92.35,57.14,96.5,Excellent,18-29,Overweight,6128.89,Low,Low,6520.96,8020.78,Raised BMI,"The premium is low overall. The main factor pushing it up is that this customer has a BMI of 26.6 (overweight range), but with a strong Health Score (96/100) they still sit in the Low risk tier."
HW1203,54,female,29.2,81.2,2,yes,west,4.0,1972-04-26,0.0,21.74,80.65,57.14,26.45,Poor,50-64,Overweight,46756.16,High,High,47306.46,58186.95,Smoker; Raised BMI; Age,"The premium is high mainly because this customer is a smoker, has a BMI of 29.2 (overweight range), is 54 years old. Combined with a low Health Score (26/100), this places them in the High risk tier."
HW1204,34,male,42.8,124.2,3,yes,west,1.0,1992-10-22,0.0,65.22,19.45,14.29,23.6,Poor,30-39,Obese,55560.69,High,High,53550.84,65867.53,Smoker; High BMI; Low activity,"The premium is high mainly because this customer is a smoker, has a BMI of 42.8 (obese range), exercises only 1x per week. Combined with a low Health Score (24/100), this places them in the High risk tier."
HW1205,19,male,26.2,73.9,0,no,south,5.0,2007-03-09,100.0,97.83,94.15,71.43,97.69,Excellent,18-29,Overweight,6367.79,Low,Low,6600.86,8119.06,Raised BMI,"The premium is low overall. The main factor pushing it up is that this customer has a BMI of 26.2 (overweight range), but with a strong Health Score (98/100) they still sit in the Low risk tier."
HW1206,19,male,24.1,68.5,2,no,west,5.0,2007-04-10,100.0,97.83,100.0,71.43,99.12,Excellent,18-29,Normal,6562.58,Low,Low,6902.96,8490.64,No elevated risk factors,"The premium is low because this customer is a non-smoker, has a healthy BMI of 24.1, is young (19). With a strong Health Score (99/100) they sit in the Low risk tier."
HW1207,45,female,31.2,91.9,0,yes,south,4.0,1981-02-16,0.0,41.3,71.65,57.14,29.87,Poor,40-49,Obese,49583.22,High,High,45161.99,55549.25,Smoker; High BMI,"The premium is high mainly because this customer is a smoker, has a BMI of 31.2 (obese range). Combined with a low Health Score (30/100), this places them in the High risk tier."
HW1208,40,female,16.0,47.7,0,yes,west,6.0,1986-06-17,0.0,52.17,80.0,85.71,35.28,Fair,40-49,Underweight,16383.04,Medium,Medium,16276.24,20019.77,Smoker; Low BMI,"The premium is moderate mainly because this customer is a smoker, has a BMI of 16.0 (underweight range). Combined with a low Health Score (35/100), this places them in the Medium risk tier."
HW1209,54,female,28.4,80.7,1,no,east,3.0,1972-06-13,100.0,21.74,84.25,42.86,73.17,Good,50-64,Overweight,14846.45,Medium,Medium,15512.97,19080.96,Raised BMI; Age,"The premium is moderate mainly because this customer has a BMI of 28.4 (overweight range), is 54 years old. Combined with a strong Health Score (73/100), this places them in the Medium risk tier."
HW1210,49,male,25.8,74.2,1,no,south,5.0,1977-12-10,100.0,32.61,95.95,71.43,79.41,Excellent,40-49,Overweight,15678.15,Medium,Medium,15180.53,18672.05,Raised BMI,"The premium is moderate mainly because this customer has a BMI of 25.8 (overweight range). Combined with a strong Health Score (79/100), this places them in the Medium risk tier."
HW1211,50,male,22.0,62.5,3,no,north,5.0,1976-01-08,100.0,30.43,100.0,71.43,79.77,Excellent,50-64,Normal,15340.5,Medium,Medium,15128.2,18607.68,Age; Dependents,"The premium is moderate mainly because this customer is 50 years old, has 3 dependents. Combined with a strong Health Score (80/100), this places them in the Medium risk tier."
HW1212,18,female,31.0,95.4,4,no,south,1.0,2008-05-22,100.0,100.0,72.55,14.29,92.53,Excellent,18-29,Obese,12976.83,Medium,Medium,13650.96,16790.68,High BMI; Low activity; Dependents,"The premium is moderate mainly because this customer has a BMI of 31.0 (obese range), exercises only 1x per week, has 4 dependents. Combined with a strong Health Score (93/100), this places them in the Medium risk tier."
HW1213,36,female,28.3,82.3,0,no,south,4.0,1990-02-02,100.0,60.87,84.7,57.14,84.64,Excellent,30-39,Overweight,7401.97,Low,Low,7333.84,9020.62,Raised BMI,"The premium is low overall. The main factor pushing it up is that this customer has a BMI of 28.3 (overweight range), but with a strong Health Score (85/100) they still sit in the Low risk tier."
HW1214,19,male,17.2,48.0,4,yes,north,5.0,2007-12-09,0.0,97.83,89.6,71.43,50.61,Fair,18-29,Underweight,15838.7,Medium,Medium,16118.98,19826.34,Smoker; Low BMI; Dependents,"The premium is moderate mainly because this customer is a smoker, has a BMI of 17.2 (underweight range), has 4 dependents. Combined with a mid-range Health Score (51/100), this places them in the Medium risk tier."
HW1215,61,male,24.1,72.3,3,no,south,5.0,1965-03-22,100.0,6.52,100.0,71.43,72.9,Good,50-64,Normal,17424.07,Medium,Medium,16480.81,20271.4,Age; Dependents,"The premium is moderate mainly because this customer is 61 years old, has 3 dependents. Combined with a strong Health Score (73/100), this places them in the Medium risk tier."
HW1216,43,male,16.0,49.0,0,no,east,7.0,1983-10-21,100.0,45.65,80.0,100.0,79.51,Excellent,40-49,Underweight,7566.6,Low,Low,7269.09,8940.98,Low BMI,"The premium is low overall. The main factor pushing it up is that this customer has a BMI of 16.0 (underweight range), but with a strong Health Score (80/100) they still sit in the Low risk tier."
HW1217,49,male,29.8,89.7,0,no,west,5.0,1977-12-04,100.0,32.61,77.95,71.43,75.01,Excellent,40-49,Overweight,13590.35,Medium,Medium,15506.52,19073.02,Raised BMI,"The premium is moderate mainly because this customer has a BMI of 29.8 (overweight range). Combined with a strong Health Score (75/100), this places them in the Medium risk tier."
HW1218,23,female,29.7,90.0,4,no,north,4.0,2003-10-02,100.0,89.13,78.4,57.14,91.22,Excellent,18-29,Overweight,8612.31,Low,Low,7749.12,9531.42,Raised BMI; Dependents,"The premium is low overall. The main factor pushing it up is that this customer has a BMI of 29.7 (overweight range), has 4 dependents, but with a strong Health Score (91/100) they still sit in the Low risk tier."
HW1219,49,male,23.2,68.5,2,yes,west,4.0,1977-08-10,0.0,32.61,100.0,57.14,34.29,Poor,40-49,Normal,42571.03,High,High,43183.51,53115.72,Smoker,"The premium is high mainly because this customer is a smoker. Combined with a low Health Score (34/100), this places them in the High risk tier."
HW1220,21,female,31.2,89.5,1,yes,east,4.0,2005-07-11,0.0,93.48,71.65,57.14,44.85,Fair,18-29,Obese,44870.25,High,High,41288.2,50784.49,Smoker; High BMI,"The premium is high mainly because this customer is a smoker, has a BMI of 31.2 (obese range). Combined with a low Health Score (45/100), this places them in the High risk tier."
HW1221,28,female,20.3,58.3,2,no,north,5.0,1998-02-22,100.0,78.26,100.0,71.43,93.5,Excellent,18-29,Normal,7126.22,Low,Low,6795.78,8358.81,No elevated risk factors,"The premium is low because this customer is a non-smoker, has a healthy BMI of 20.3, is young (28). With a strong Health Score (94/100) they sit in the Low risk tier."
HW1222,34,female,22.2,63.6,4,yes,west,5.0,1992-08-23,0.0,65.22,100.0,71.43,43.79,Fair,30-39,Normal,18149.41,Medium,Medium,18020.45,22165.15,Smoker; Dependents,"The premium is moderate mainly because this customer is a smoker, has 4 dependents. Combined with a low Health Score (44/100), this places them in the Medium risk tier."
HW1223,55,male,30.5,87.3,1,yes,west,3.0,1971-01-21,0.0,19.57,74.8,42.86,24.27,Poor,50-64,Obese,48305.51,High,High,48576.5,59749.1,Smoker; High BMI; Age,"The premium is high mainly because this customer is a smoker, has a BMI of 30.5 (obese range), is 55 years old. Combined with a low Health Score (24/100), this places them in the High risk tier."
HW1224,41,male,23.9,71.6,2,no,east,5.0,1985-02-06,100.0,50.0,100.0,71.43,85.39,Excellent,40-49,Normal,9513.45,Low,Low,8248.74,10145.95,No elevated risk factors,"The premium is low because this customer is a non-smoker, has a healthy BMI of 23.9, exercises 5x per week. With a strong Health Score (85/100) they sit in the Low risk tier."
HW1225,22,male,27.6,79.8,1,no,west,3.0,2004-07-14,100.0,91.3,87.85,42.86,94.02,Excellent,18-29,Overweight,7055.76,Low,Low,7104.16,8738.12,Raised BMI,"The premium is low overall. The main factor pushing it up is that this customer has a BMI of 27.6 (overweight range), but with a strong Health Score (94/100) they still sit in the Low risk tier."
HW1226,51,male,24.6,73.0,0,no,east,5.0,1975-07-03,100.0,28.26,100.0,71.43,79.15,Excellent,50-64,Normal,14168.8,Medium,Medium,14768.0,18164.64,Age,"The premium is moderate mainly because this customer is 51 years old. Combined with a strong Health Score (79/100), this places them in the Medium risk tier."
HW1227,23,female,25.5,75.0,2,no,south,4.0,2003-07-15,100.0,89.13,97.3,57.14,95.84,Excellent,18-29,Overweight,6658.41,Low,Low,6877.14,8458.89,Raised BMI,"The premium is low overall. The main factor pushing it up is that this customer has a BMI of 25.5 (overweight range), but with a strong Health Score (96/100) they still sit in the Low risk tier."
HW1228,39,male,25.8,72.4,1,no,east,5.0,1987-05-24,100.0,54.35,95.95,71.43,85.65,Excellent,30-39,Overweight,8054.48,Low,Low,7972.74,9806.47,Raised BMI,"The premium is low overall. The main factor pushing it up is that this customer has a BMI of 25.8 (overweight range), but with a strong Health Score (86/100) they still sit in the Low risk tier."
HW1229,28,male,23.8,65.3,1,no,south,4.0,1998-12-16,100.0,78.26,100.0,57.14,93.37,Excellent,18-29,Normal,12743.38,Medium,Low,7189.43,8843.0,No elevated risk factors,"The premium is low because this customer is a non-smoker, has a healthy BMI of 23.8, is young (28). With a strong Health Score (93/100) they sit in the Low risk tier."
HW1230,33,female,29.8,83.6,1,no,north,4.0,1993-08-07,100.0,67.39,77.95,57.14,84.87,Excellent,30-39,Overweight,8065.81,Low,Low,7485.41,9207.05,Raised BMI,"The premium is low overall. The main factor pushing it up is that this customer has a BMI of 29.8 (overweight range), but with a strong Health Score (85/100) they still sit in the Low risk tier."
HW1231,50,male,24.2,69.1,2,no,west,4.0,1976-06-02,100.0,30.43,100.0,57.14,79.64,Excellent,50-64,Normal,15888.42,Medium,Medium,15284.43,18799.85,Age,"The premium is moderate mainly because this customer is 50 years old. Combined with a strong Health Score (80/100), this places them in the Medium risk tier."
HW1232,26,female,28.1,81.5,3,no,east,4.0,2000-06-13,100.0,82.61,85.6,57.14,91.11,Excellent,18-29,Overweight,14111.54,Medium,Low,7526.08,9257.08,Raised BMI; Dependents,"The premium is low overall. The main factor pushing it up is that this customer has a BMI of 28.1 (overweight range), has 3 dependents, but with a strong Health Score (91/100) they still sit in the Low risk tier."
HW1233,23,female,23.6,66.9,2,no,east,5.0,2003-12-15,100.0,89.13,100.0,71.43,96.62,Excellent,18-29,Normal,6665.29,Low,Low,6767.91,8324.53,No elevated risk factors,"The premium is low because this customer is a non-smoker, has a healthy BMI of 23.6, is young (23). With a strong Health Score (97/100) they sit in the Low risk tier."
HW1234,33,female,18.8,55.7,4,no,west,5.0,1993-11-09,100.0,67.39,100.0,71.43,90.38,Excellent,30-39,Normal,7788.43,Low,Low,7506.87,9233.45,Dependents,"The premium is low overall. The main factor pushing it up is that this customer has 4 dependents, but with a strong Health Score (90/100) they still sit in the Low risk tier."
HW1235,46,female,33.5,95.8,2,no,west,2.0,1980-02-17,100.0,39.13,61.3,28.57,72.43,Good,40-49,Obese,16703.17,Medium,Medium,16017.39,19701.39,High BMI; Low activity,"The premium is moderate mainly because this customer has a BMI of 33.5 (obese range), exercises only 2x per week. Combined with a strong Health Score (72/100), this places them in the Medium risk tier."
HW1236,20,female,31.0,90.1,1,no,north,4.0,2006-11-05,100.0,95.65,72.55,57.14,91.66,Excellent,18-29,Obese,12708.61,Medium,Medium,13079.04,16087.22,High BMI,"The premium is moderate mainly because this customer has a BMI of 31.0 (obese range). Combined with a strong Health Score (92/100), this places them in the Medium risk tier."
HW1237,37,female,41.7,120.7,0,yes,north,1.0,1989-11-22,0.0,58.7,24.4,14.29,22.94,Poor,30-39,Obese,51637.56,High,High,51177.87,62948.78,Smoker; High BMI; Low activity,"The premium is high mainly because this customer is a smoker, has a BMI of 41.7 (obese range), exercises only 1x per week. Combined with a low Health Score (23/100), this places them in the High risk tier."
HW1238,53,female,21.7,66.2,2,no,east,5.0,1973-03-24,100.0,23.91,100.0,71.43,77.9,Excellent,50-64,Normal,15243.03,Medium,Medium,14605.36,17964.6,Age,"The premium is moderate mainly because this customer is 53 years old. Combined with a strong Health Score (78/100), this places them in the Medium risk tier."
HW1239,36,female,26.7,75.2,2,yes,north,4.0,1990-07-02,0.0,60.87,91.9,57.14,40.43,Fair,30-39,Overweight,18516.05,Medium,Medium,18181.34,22363.05,Smoker; Raised BMI,"The premium is moderate mainly because this customer is a smoker, has a BMI of 26.7 (overweight range). Combined with a low Health Score (40/100), this places them in the Medium risk tier."
HW1240,43,male,27.2,83.0,1,no,south,5.0,1983-12-23,100.0,45.65,89.65,71.43,81.61,Excellent,40-49,Overweight,8543.96,Low,Low,8394.38,10325.09,Raised BMI,"The premium is low overall. The main factor pushing it up is that this customer has a BMI of 27.2 (overweight range), but with a strong Health Score (82/100) they still sit in the Low risk tier."
HW1241,20,male,33.9,96.8,0,no,north,3.0,2006-01-25,100.0,95.65,59.5,42.86,88.35,Excellent,18-29,Obese,14768.39,Medium,Medium,13585.53,16710.2,High BMI,"The premium is moderate mainly because this customer has a BMI of 33.9 (obese range). Combined with a strong Health Score (88/100), this places them in the Medium risk tier."
HW1242,36,male,25.0,69.6,0,no,north,5.0,1990-07-06,100.0,60.87,99.55,71.43,88.4,Excellent,30-39,Overweight,7658.56,Low,Low,7439.22,9150.24,Raised BMI,"The premium is low overall. The main factor pushing it up is that this customer has a BMI of 25.0 (overweight range), but with a strong Health Score (88/100) they still sit in the Low risk tier."
HW1243,37,male,21.0,60.3,4,no,east,6.0,1989-02-03,100.0,58.7,100.0,85.71,88.01,Excellent,30-39,Normal,8026.52,Low,Low,8291.88,10199.01,Dependents,"The premium is low overall. The main factor pushing it up is that this customer has 4 dependents, but with a strong Health Score (88/100) they still sit in the Low risk tier."
HW1244,49,female,35.2,108.2,2,no,south,3.0,1977-01-15,100.0,32.61,53.65,42.86,68.82,Good,40-49,Obese,15379.89,Medium,Medium,16640.3,20467.57,High BMI,"The premium is moderate mainly because this customer has a BMI of 35.2 (obese range). Combined with a mid-range Health Score (69/100), this places them in the Medium risk tier."
HW1245,24,male,26.1,77.2,0,no,north,5.0,2002-10-13,100.0,86.96,94.6,71.43,94.68,Excellent,18-29,Overweight,6978.92,Low,Low,6830.71,8401.77,Raised BMI,"The premium is low overall. The main factor pushing it up is that this customer has a BMI of 26.1 (overweight range), but with a strong Health Score (95/100) they still sit in the Low risk tier."
HW1246,58,female,33.3,97.4,0,no,south,4.0,1968-05-25,100.0,13.04,62.2,57.14,65.42,Good,50-64,Obese,41068.36,High,Medium,16369.57,20134.58,High BMI; Age,"The premium is moderate mainly because this customer has a BMI of 33.3 (obese range), is 58 years old. Combined with a mid-range Health Score (65/100), this places them in the Medium risk tier."
HW1247,50,male,32.6,95.8,3,no,south,3.0,1976-06-05,100.0,30.43,65.35,42.86,71.05,Good,50-64,Obese,17745.48,Medium,Medium,16989.77,20897.42,High BMI; Age; Dependents,"The premium is moderate mainly because this customer has a BMI of 32.6 (obese range), is 50 years old, has 3 dependents. Combined with a strong Health Score (71/100), this places them in the Medium risk tier."
HW1248,57,male,27.8,78.8,3,yes,south,4.0,1969-12-19,0.0,15.22,86.95,57.14,26.11,Poor,50-64,Overweight,50939.86,High,High,47697.93,58668.45,Smoker; Raised BMI; Age,"The premium is high mainly because this customer is a smoker, has a BMI of 27.8 (overweight range), is 57 years old. Combined with a low Health Score (26/100), this places them in the High risk tier."
HW1249,56,male,27.0,78.7,0,yes,west,4.0,1970-05-24,0.0,17.39,90.55,57.14,27.62,Poor,50-64,Overweight,44036.53,High,High,45879.59,56431.9,Smoker; Raised BMI; Age,"The premium is high mainly because this customer is a smoker, has a BMI of 27.0 (overweight range), is 56 years old. Combined with a low Health Score (28/100), this places them in the High risk tier."
HW1250,35,female,25.7,74.3,4,yes,west,5.0,1991-12-18,0.0,63.04,96.4,71.43,42.28,Fair,30-39,Overweight,17853.74,Medium,Medium,18709.89,23013.16,Smoker; Raised BMI; Dependents,"The premium is moderate mainly because this customer is a smoker, has a BMI of 25.7 (overweight range), has 4 dependents. Combined with a low Health Score (42/100), this places them in the Medium risk tier."
HW1251,57,male,27.9,84.2,0,no,west,4.0,1969-05-22,100.0,15.22,86.5,57.14,71.98,Good,50-64,Overweight,15915.26,Medium,Medium,15948.44,19616.58,Raised BMI; Age,"The premium is moderate mainly because this customer has a BMI of 27.9 (overweight range), is 57 years old. Combined with a strong Health Score (72/100), this places them in the Medium risk tier."
HW1252,18,female,33.2,95.7,1,no,west,3.0,2008-10-24,100.0,100.0,62.65,42.86,90.37,Excellent,18-29,Obese,6626.03,Low,Medium,13264.94,16315.88,High BMI,"The premium is moderate mainly because this customer has a BMI of 33.2 (obese range). Combined with a strong Health Score (90/100), this places them in the Medium risk tier."
HW1253,28,female,23.2,66.3,2,no,east,6.0,1998-08-15,100.0,78.26,100.0,85.71,93.63,Excellent,18-29,Normal,6936.09,Low,Low,7024.35,8639.96,No elevated risk factors,"The premium is low because this customer is a non-smoker, has a healthy BMI of 23.2, is young (28). With a strong Health Score (94/100) they sit in the Low risk tier."
HW1254,45,male,28.7,80.6,4,yes,north,4.0,1981-05-25,0.0,41.3,82.9,57.14,32.62,Poor,40-49,Overweight,45939.89,High,High,46670.75,57405.02,Smoker; Raised BMI; Dependents,"The premium is high mainly because this customer is a smoker, has a BMI of 28.7 (overweight range), has 4 dependents. Combined with a low Health Score (33/100), this places them in the High risk tier."
HW1255,42,male,21.3,61.8,1,yes,west,4.0,1984-04-25,0.0,47.83,100.0,57.14,38.66,Fair,40-49,Normal,17217.0,Medium,Medium,18069.28,22225.22,Smoker,"The premium is moderate mainly because this customer is a smoker. Combined with a low Health Score (39/100), this places them in the Medium risk tier."
HW1256,40,male,22.0,64.2,4,no,east,4.0,1986-11-23,100.0,52.17,100.0,57.14,85.88,Excellent,40-49,Normal,8931.65,Low,Low,8559.42,10528.09,Dependents,"The premium is low overall. The main factor pushing it up is that this customer has 4 dependents, but with a strong Health Score (86/100) they still sit in the Low risk tier."
HW1257,48,female,27.8,77.9,1,yes,north,4.0,1978-06-04,0.0,34.78,86.95,57.14,31.73,Poor,40-49,Overweight,44825.51,High,High,44822.87,55132.12,Smoker; Raised BMI,"The premium is high mainly because this customer is a smoker, has a BMI of 27.8 (overweight range). Combined with a low Health Score (32/100), this places them in the High risk tier."
HW1258,47,male,16.2,47.7,2,no,west,6.0,1979-02-24,100.0,36.96,81.6,85.71,77.28,Excellent,40-49,Underweight,8839.67,Low,Medium,13579.86,16703.23,Low BMI,"The premium is moderate mainly because this customer has a BMI of 16.2 (underweight range). Combined with a strong Health Score (77/100), this places them in the Medium risk tier."
HW1259,59,female,40.4,117.2,2,no,north,3.0,1967-06-03,100.0,10.87,30.25,42.86,56.86,Good,50-64,Obese,48116.21,High,High,47816.68,58814.51,High BMI; Age,"The premium is high mainly because this customer has a BMI of 40.4 (obese range), is 59 years old. Combined with a mid-range Health Score (57/100), this places them in the High risk tier."
HW1260,52,female,20.8,62.1,3,no,west,5.0,1974-07-10,100.0,26.09,100.0,71.43,78.52,Excellent,50-64,Normal,15743.68,Medium,Medium,14692.13,18071.32,Age; Dependents,"The premium is moderate mainly because this customer is 52 years old, has 3 dependents. Combined with a strong Health Score (79/100), this places them in the Medium risk tier."
HW1261,24,male,27.8,82.8,1,yes,east,4.0,2002-07-06,0.0,86.96,86.95,57.14,46.71,Fair,18-29,Overweight,16928.08,Medium,Medium,17431.28,21440.48,Smoker; Raised BMI,"The premium is moderate mainly because this customer is a smoker, has a BMI of 27.8 (overweight range). Combined with a mid-range Health Score (47/100), this places them in the Medium risk tier."
HW1262,33,male,35.0,101.3,3,yes,south,2.0,1993-02-24,0.0,67.39,54.55,28.57,32.93,Poor,30-39,Obese,46885.83,High,High,48426.96,59565.16,Smoker; High BMI; Low activity,"The premium is high mainly because this customer is a smoker, has a BMI of 35.0 (obese range), exercises only 2x per week. Combined with a low Health Score (33/100), this places them in the High risk tier."
HW1263,43,female,22.8,63.8,1,yes,south,5.0,1983-01-13,0.0,45.65,100.0,71.43,38.17,Fair,40-49,Normal,19987.78,Medium,Medium,17854.48,21961.01,Smoker,"The premium is moderate mainly because this customer is a smoker. Combined with a low Health Score (38/100), this places them in the Medium risk tier."
HW1264,19,female,16.0,44.6,3,no,north,5.0,2007-01-06,100.0,97.83,80.0,71.43,94.24,Excellent,18-29,Underweight,5895.99,Low,Low,6156.33,7572.28,Low BMI; Dependents,"The premium is low overall. The main factor pushing it up is that this customer has a BMI of 16.0 (underweight range), has 3 dependents, but with a strong Health Score (94/100) they still sit in the Low risk tier."
HW1265,18,female,25.3,76.6,2,no,east,4.0,2008-05-25,100.0,100.0,98.2,57.14,99.18,Excellent,18-29,Overweight,6176.88,Low,Low,6609.04,8129.12,Raised BMI,"The premium is low overall. The main factor pushing it up is that this customer has a BMI of 25.3 (overweight range), but with a strong Health Score (99/100) they still sit in the Low risk tier."
HW1266,29,male,28.0,66.2,4,yes,south,5.0,1997-12-23,0.0,76.09,86.05,71.43,43.5,Fair,18-29,Overweight,37921.76,High,Medium,18847.19,23182.05,Smoker; Raised BMI; Dependents,"The premium is moderate mainly because this customer is a smoker, has a BMI of 28.0 (overweight range), has 4 dependents. Combined with a low Health Score (44/100), this places them in the Medium risk tier."
HW1267,22,female,16.0,49.7,3,no,west,6.0,2004-02-12,100.0,91.3,80.0,85.71,92.49,Excellent,18-29,Underweight,7212.09,Low,Low,6403.59,7876.42,Low BMI; Dependents,"The premium is low overall. The main factor pushing it up is that this customer has a BMI of 16.0 (underweight range), has 3 dependents, but with a strong Health Score (92/100) they still sit in the Low risk tier."
HW1268,54,male,29.7,86.8,1,no,south,5.0,1972-07-15,100.0,21.74,78.4,71.43,72.0,Good,50-64,Overweight,16028.77,Medium,Medium,16199.39,19925.24,Raised BMI; Age,"The premium is moderate mainly because this customer has a BMI of 29.7 (overweight range), is 54 years old. Combined with a strong Health Score (72/100), this places them in the Medium risk tier."
HW1269,49,female,29.2,85.9,1,yes,north,5.0,1977-03-16,0.0,32.61,80.65,71.43,29.7,Poor,40-49,Overweight,46516.11,High,High,45622.96,56116.24,Smoker; Raised BMI,"The premium is high mainly because this customer is a smoker, has a BMI of 29.2 (overweight range). Combined with a low Health Score (30/100), this places them in the High risk tier."
HW1270,26,female,34.9,102.7,2,no,north,2.0,2000-01-27,100.0,82.61,55.0,28.57,83.38,Excellent,18-29,Obese,14488.26,Medium,Medium,14452.43,17776.49,High BMI; Low activity,"The premium is moderate mainly because this customer has a BMI of 34.9 (obese range), exercises only 2x per week. Combined with a strong Health Score (83/100), this places them in the Medium risk tier."
HW1271,58,male,21.3,59.1,1,no,east,4.0,1968-08-12,100.0,13.04,100.0,57.14,74.65,Good,50-64,Normal,14492.93,Medium,Medium,15031.94,18489.28,Age,"The premium is moderate mainly because this customer is 58 years old. Combined with a strong Health Score (75/100), this places them in the Medium risk tier."
HW1272,52,female,18.4,53.8,0,yes,north,6.0,1974-03-27,0.0,26.09,99.2,85.71,32.48,Poor,50-64,Underweight,38306.65,High,High,38780.11,47699.54,Smoker; Low BMI; Age,"The premium is high mainly because this customer is a smoker, has a BMI of 18.4 (underweight range), is 52 years old. Combined with a low Health Score (32/100), this places them in the High risk tier."
HW1273,36,male,25.6,71.5,4,no,south,5.0,1990-08-23,100.0,60.87,96.85,71.43,87.74,Excellent,30-39,Overweight,8988.56,Low,Low,8624.73,10608.41,Raised BMI; Dependents,"The premium is low overall. The main factor pushing it up is that this customer has a BMI of 25.6 (overweight range), has 4 dependents, but with a strong Health Score (88/100) they still sit in the Low risk tier."
HW1274,33,male,27.5,78.9,3,no,south,3.0,1993-12-15,100.0,67.39,88.3,42.86,87.27,Excellent,30-39,Overweight,7778.36,Low,Low,8316.03,10228.72,Raised BMI; Dependents,"The premium is low overall. The main factor pushing it up is that this customer has a BMI of 27.5 (overweight range), has 3 dependents, but with a strong Health Score (87/100) they still sit in the Low risk tier."
HW1275,20,female,33.5,98.1,4,no,south,3.0,2006-02-17,100.0,95.65,61.3,42.86,88.79,Excellent,18-29,Obese,37788.5,High,Medium,14384.92,17693.45,High BMI; Dependents,"The premium is moderate mainly because this customer has a BMI of 33.5 (obese range), has 4 dependents. Combined with a strong Health Score (89/100), this places them in the Medium risk tier."
HW1276,37,male,36.5,103.4,2,no,south,4.0,1989-07-13,100.0,58.7,47.8,57.14,75.01,Excellent,30-39,Obese,17475.63,Medium,Medium,16116.43,19823.2,High BMI,"The premium is moderate mainly because this customer has a BMI of 36.5 (obese range). Combined with a strong Health Score (75/100), this places them in the Medium risk tier."
HW1277,41,male,35.3,103.1,3,no,east,3.0,1985-01-06,100.0,50.0,53.2,42.86,73.7,Good,40-49,Obese,16912.14,Medium,Medium,16582.33,20396.27,High BMI; Dependents,"The premium is moderate mainly because this customer has a BMI of 35.3 (obese range), has 3 dependents. Combined with a strong Health Score (74/100), this places them in the Medium risk tier."
HW1278,50,female,29.7,82.8,3,no,west,4.0,1976-11-10,100.0,30.43,78.4,57.14,74.37,Good,50-64,Overweight,17196.06,Medium,Medium,16135.59,19846.78,Raised BMI; Age; Dependents,"The premium is moderate mainly because this customer has a BMI of 29.7 (overweight range), is 50 years old, has 3 dependents. Combined with a strong Health Score (74/100), this places them in the Medium risk tier."
HW1279,41,male,32.8,97.1,0,no,west,3.0,1985-11-26,100.0,50.0,64.45,42.86,76.45,Excellent,40-49,Obese,14064.73,Medium,Medium,15354.07,18885.5,High BMI,"The premium is moderate mainly because this customer has a BMI of 32.8 (obese range). Combined with a strong Health Score (76/100), this places them in the Medium risk tier."
HW1280,28,male,24.2,68.6,2,no,east,5.0,1998-08-23,100.0,78.26,100.0,71.43,93.5,Excellent,18-29,Normal,6692.48,Low,Low,7526.85,9258.03,No elevated risk factors,"The premium is low because this customer is a non-smoker, has a healthy BMI of 24.2, is young (28). With a strong Health Score (94/100) they sit in the Low risk tier."
HW1281,25,male,29.0,81.8,1,no,north,4.0,2001-04-17,100.0,84.78,81.55,57.14,90.74,Excellent,18-29,Overweight,7579.19,Low,Low,7343.7,9032.75,Raised BMI,"The premium is low overall. The main factor pushing it up is that this customer has a BMI of 29.0 (overweight range), but with a strong Health Score (91/100) they still sit in the Low risk tier."
HW1282,53,female,20.9,57.5,0,yes,west,5.0,1973-01-04,0.0,23.91,100.0,71.43,31.93,Poor,50-64,Normal,17769.29,Medium,High,40504.84,49820.96,Smoker; Age,"The premium is high mainly because this customer is a smoker, is 53 years old. Combined with a low Health Score (32/100), this places them in the High risk tier."
HW1283,55,male,28.4,80.9,0,no,north,5.0,1971-05-23,100.0,19.57,84.25,71.43,72.8,Good,50-64,Overweight,16627.89,Medium,Medium,15649.38,19248.74,Raised BMI; Age,"The premium is moderate mainly because this customer has a BMI of 28.4 (overweight range), is 55 years old. Combined with a strong Health Score (73/100), this places them in the Medium risk tier."
HW1284,57,female,28.5,78.5,4,no,west,3.0,1969-04-10,100.0,15.22,83.8,42.86,71.19,Good,50-64,Overweight,16465.6,Medium,Medium,16879.34,20761.59,Raised BMI; Age; Dependents,"The premium is moderate mainly because this customer has a BMI of 28.5 (overweight range), is 57 years old, has 4 dependents. Combined with a strong Health Score (71/100), this places them in the Medium risk tier."
HW1285,37,female,38.3,109.6,4,no,north,2.0,1989-12-01,100.0,58.7,39.7,28.57,72.78,Good,30-39,Obese,16741.47,Medium,Medium,16673.85,20508.84,High BMI; Low activity; Dependents,"The premium is moderate mainly because this customer has a BMI of 38.3 (obese range), exercises only 2x per week, has 4 dependents. Combined with a strong Health Score (73/100), this places them in the Medium risk tier."
HW1286,52,male,26.6,79.1,4,no,east,4.0,1974-11-26,100.0,26.09,92.35,57.14,76.53,Excellent,50-64,Overweight,16500.89,Medium,Medium,16408.74,20182.75,Raised BMI; Age; Dependents,"The premium is moderate mainly because this customer has a BMI of 26.6 (overweight range), is 52 years old, has 4 dependents. Combined with a strong Health Score (77/100), this places them in the Medium risk tier."
HW1287,42,male,28.5,82.0,0,yes,south,4.0,1984-07-18,0.0,47.83,83.8,57.14,34.71,Poor,40-49,Overweight,10750.8,Low,Medium,18883.01,23226.1,Smoker; Raised BMI,"The premium is moderate mainly because this customer is a smoker, has a BMI of 28.5 (overweight range). Combined with a low Health Score (35/100), this places them in the Medium risk tier."
HW1288,52,male,29.4,82.6,1,no,north,4.0,1974-11-18,100.0,26.09,79.75,57.14,73.45,Good,50-64,Overweight,15543.62,Medium,Medium,15970.41,19643.61,Raised BMI; Age,"The premium is moderate mainly because this customer has a BMI of 29.4 (overweight range), is 52 years old. Combined with a strong Health Score (73/100), this places them in the Medium risk tier."
HW1289,42,female,25.3,73.6,3,yes,south,5.0,1984-08-10,0.0,47.83,98.2,71.43,38.35,Fair,40-49,Overweight,17715.82,Medium,Medium,18966.24,23328.48,Smoker; Raised BMI; Dependents,"The premium is moderate mainly because this customer is a smoker, has a BMI of 25.3 (overweight range), has 3 dependents. Combined with a low Health Score (38/100), this places them in the Medium risk tier."
HW1290,46,male,23.2,67.3,4,no,north,4.0,1980-10-10,100.0,39.13,100.0,57.14,82.14,Excellent,40-49,Normal,8917.36,Low,Medium,15364.0,18897.72,Dependents,"The premium is moderate mainly because this customer has 4 dependents. Combined with a strong Health Score (82/100), this places them in the Medium risk tier."
HW1291,35,male,35.8,107.4,1,no,north,4.0,1991-05-10,100.0,63.04,50.95,57.14,77.03,Excellent,30-39,Obese,16874.04,Medium,Medium,15485.76,19047.48,High BMI,"The premium is moderate mainly because this customer has a BMI of 35.8 (obese range). Combined with a strong Health Score (77/100), this places them in the Medium risk tier."
HW1292,63,male,22.1,65.5,2,no,north,5.0,1963-02-21,100.0,2.17,100.0,71.43,71.66,Good,50-64,Normal,15515.05,Medium,Medium,16095.58,19797.56,Age,"The premium is moderate mainly because this customer is 63 years old. Combined with a strong Health Score (72/100), this places them in the Medium risk tier."
HW1293,35,male,20.0,58.4,4,no,north,4.0,1991-08-06,100.0,63.04,100.0,57.14,89.01,Excellent,30-39,Normal,7823.54,Low,Low,8139.11,10011.11,Dependents,"The premium is low overall. The main factor pushing it up is that this customer has 4 dependents, but with a strong Health Score (89/100) they still sit in the Low risk tier."
HW1294,19,male,32.1,94.6,3,no,north,4.0,2007-03-08,100.0,97.83,67.6,57.14,91.08,Excellent,18-29,Obese,14124.88,Medium,Medium,14156.15,17412.07,High BMI; Dependents,"The premium is moderate mainly because this customer has a BMI of 32.1 (obese range), has 3 dependents. Combined with a strong Health Score (91/100), this places them in the Medium risk tier."
HW1295,52,female,34.9,100.6,2,no,south,4.0,1974-09-05,100.0,26.09,55.0,57.14,67.41,Good,50-64,Obese,15762.61,Medium,Medium,16880.35,20762.83,High BMI; Age,"The premium is moderate mainly because this customer has a BMI of 34.9 (obese range), is 52 years old. Combined with a mid-range Health Score (67/100), this places them in the Medium risk tier."
HW1296,33,female,25.3,73.0,2,no,north,3.0,1993-02-02,100.0,67.39,98.2,42.86,89.69,Excellent,30-39,Overweight,7955.57,Low,Low,7474.56,9193.71,Raised BMI,"The premium is low overall. The main factor pushing it up is that this customer has a BMI of 25.3 (overweight range), but with a strong Health Score (90/100) they still sit in the Low risk tier."
HW1297,58,male,25.4,76.7,3,no,south,5.0,1968-07-17,100.0,13.04,97.75,71.43,74.23,Good,50-64,Overweight,15508.44,Medium,Medium,16519.77,20319.32,Raised BMI; Age; Dependents,"The premium is moderate mainly because this customer has a BMI of 25.4 (overweight range), is 58 years old, has 3 dependents. Combined with a strong Health Score (74/100), this places them in the Medium risk tier."
HW1298,53,male,29.7,82.6,4,no,east,4.0,1973-10-12,100.0,23.91,78.4,57.14,72.5,Good,50-64,Overweight,16820.63,Medium,Medium,17001.15,20911.42,Raised BMI; Age; Dependents,"The premium is moderate mainly because this customer has a BMI of 29.7 (overweight range), is 53 years old, has 4 dependents. Combined with a strong Health Score (72/100), this places them in the Medium risk tier."
HW1299,50,male,23.8,70.7,0,yes,west,6.0,1976-02-10,0.0,30.43,100.0,85.71,33.93,Poor,50-64,Normal,47240.04,High,High,42505.23,52281.44,Smoker; Age,"The premium is high mainly because this customer is a smoker, is 50 years old. Combined with a low Health Score (34/100), this places them in the High risk tier."
HW1300,21,male,23.3,67.1,3,yes,north,5.0,2005-04-01,0.0,93.48,100.0,71.43,51.9,Fair,18-29,Normal,16060.69,Medium,Medium,17065.99,20991.17,Smoker; Dependents,"The premium is moderate mainly because this customer is a smoker, has 3 dependents. Combined with a mid-range Health Score (52/100), this places them in the Medium risk tier."
HW1301,50,female,33.3,95.7,3,no,west,3.0,1976-04-13,100.0,30.43,62.2,42.86,70.28,Good,50-64,Obese,17969.13,Medium,Medium,16767.8,20624.4,High BMI; Age; Dependents,"The premium is moderate mainly because this customer has a BMI of 33.3 (obese range), is 50 years old, has 3 dependents. Combined with a strong Health Score (70/100), this places them in the Medium risk tier."
HW1302,31,male,31.6,90.2,3,no,south,3.0,1995-12-11,100.0,71.74,69.85,42.86,84.01,Excellent,30-39,Obese,15142.12,Medium,Medium,15161.97,18649.22,High BMI; Dependents,"The premium is moderate mainly because this customer has a BMI of 31.6 (obese range), has 3 dependents. Combined with a strong Health Score (84/100), this places them in the Medium risk tier."
HW1303,38,female,35.9,104.1,2,no,east,4.0,1988-10-15,100.0,56.52,50.5,57.14,75.04,Excellent,30-39,Obese,15908.09,Medium,Medium,15602.2,19190.71,High BMI,"The premium is moderate mainly because this customer has a BMI of 35.9 (obese range). Combined with a strong Health Score (75/100), this places them in the Medium risk tier."
HW1304,37,female,20.5,59.2,1,yes,east,5.0,1989-05-25,0.0,58.7,100.0,71.43,41.91,Fair,30-39,Normal,16276.57,Medium,Medium,16997.7,20907.17,Smoker,"The premium is moderate mainly because this customer is a smoker. Combined with a low Health Score (42/100), this places them in the Medium risk tier."
HW1305,25,male,25.0,71.4,0,no,east,4.0,2001-01-05,100.0,84.78,99.55,57.14,95.14,Excellent,18-29,Overweight,7259.44,Low,Low,6856.39,8433.36,Raised BMI,"The premium is low overall. The main factor pushing it up is that this customer has a BMI of 25.0 (overweight range), but with a strong Health Score (95/100) they still sit in the Low risk tier."
HW1306,24,female,29.7,84.4,4,no,west,3.0,2002-02-09,100.0,86.96,78.4,42.86,90.47,Excellent,18-29,Overweight,7651.33,Low,Low,7762.04,9547.32,Raised BMI; Dependents,"The premium is low overall. The main factor pushing it up is that this customer has a BMI of 29.7 (overweight range), has 4 dependents, but with a strong Health Score (90/100) they still sit in the Low risk tier."
HW1307,20,female,22.4,60.9,4,yes,south,4.0,2006-06-18,0.0,95.65,100.0,57.14,52.4,Fair,18-29,Normal,15598.99,Medium,Medium,16695.91,20535.97,Smoker; Dependents,"The premium is moderate mainly because this customer is a smoker, has 4 dependents. Combined with a mid-range Health Score (52/100), this places them in the Medium risk tier."
HW1308,34,female,31.9,90.7,1,no,north,4.0,1992-03-14,100.0,65.22,68.5,57.14,81.94,Excellent,30-39,Obese,15582.09,Medium,Medium,14471.03,17799.37,High BMI,"The premium is moderate mainly because this customer has a BMI of 31.9 (obese range). Combined with a strong Health Score (82/100), this places them in the Medium risk tier."
HW1309,50,female,35.3,101.0,3,no,north,4.0,1976-08-17,100.0,30.43,53.2,57.14,68.21,Good,50-64,Obese,16656.74,Medium,Medium,17017.0,20930.91,High BMI; Age; Dependents,"The premium is moderate mainly because this customer has a BMI of 35.3 (obese range), is 50 years old, has 3 dependents. Combined with a mid-range Health Score (68/100), this places them in the Medium risk tier."
HW1310,29,male,24.5,71.1,0,no,south,4.0,1997-12-03,100.0,76.09,100.0,57.14,92.75,Excellent,18-29,Normal,6263.28,Low,Low,7032.63,8650.13,No elevated risk factors,"The premium is low because this customer is a non-smoker, has a healthy BMI of 24.5, is young (29). With a strong Health Score (93/100) they sit in the Low risk tier."
HW1311,39,male,28.2,85.4,4,no,west,3.0,1987-10-17,100.0,54.35,85.15,42.86,82.75,Excellent,30-39,Overweight,8875.08,Low,Low,8995.26,11064.16,Raised BMI; Dependents,"The premium is low overall. The main factor pushing it up is that this customer has a BMI of 28.2 (overweight range), has 4 dependents, but with a strong Health Score (83/100) they still sit in the Low risk tier."
HW1312,39,female,36.7,104.8,4,no,north,3.0,1987-11-11,100.0,54.35,46.9,42.86,73.41,Good,30-39,Obese,17238.26,Medium,Medium,16609.5,20429.69,High BMI; Dependents,"The premium is moderate mainly because this customer has a BMI of 36.7 (obese range), has 4 dependents. Combined with a strong Health Score (73/100), this places them in the Medium risk tier."
HW1313,63,male,38.8,110.1,3,yes,south,3.0,1963-08-01,0.0,2.17,37.45,42.86,10.15,Poor,50-64,Obese,57557.05,High,High,56105.62,69009.91,Smoker; High BMI; Age,"The premium is high mainly because this customer is a smoker, has a BMI of 38.8 (obese range), is 63 years old. Combined with a low Health Score (10/100), this places them in the High risk tier."
HW1314,47,male,28.0,92.5,1,no,north,3.0,1979-05-04,100.0,36.96,86.05,42.86,77.98,Excellent,40-49,Overweight,15538.21,Medium,Medium,15258.53,18767.99,Raised BMI,"The premium is moderate mainly because this customer has a BMI of 28.0 (overweight range). Combined with a strong Health Score (78/100), this places them in the Medium risk tier."
HW1315,55,male,31.6,91.6,0,no,east,4.0,1971-07-14,100.0,19.57,69.85,57.14,69.16,Good,50-64,Obese,15533.27,Medium,Medium,16318.89,20072.24,High BMI; Age,"The premium is moderate mainly because this customer has a BMI of 31.6 (obese range), is 55 years old. Combined with a mid-range Health Score (69/100), this places them in the Medium risk tier."
HW1316,55,male,22.9,67.4,1,no,north,4.0,1971-05-24,100.0,19.57,100.0,57.14,76.52,Excellent,50-64,Normal,13917.44,Medium,Medium,15219.76,18720.31,Age,"The premium is moderate mainly because this customer is 55 years old. Combined with a strong Health Score (77/100), this places them in the Medium risk tier."
HW1317,62,male,30.2,88.7,1,no,west,3.0,1964-12-11,100.0,4.35,76.15,42.86,66.2,Good,50-64,Obese,41569.03,High,High,41271.74,50764.24,High BMI; Age,"The premium is high mainly because this customer has a BMI of 30.2 (obese range), is 62 years old. Combined with a mid-range Health Score (66/100), this places them in the High risk tier."
HW1318,25,female,31.3,92.1,0,no,south,4.0,2001-01-05,100.0,84.78,71.2,57.14,88.21,Excellent,18-29,Obese,13144.9,Medium,Medium,13271.43,16323.86,High BMI,"The premium is moderate mainly because this customer has a BMI of 31.3 (obese range). Combined with a strong Health Score (88/100), this places them in the Medium risk tier."
HW1319,44,male,26.7,79.1,0,no,west,4.0,1982-04-03,100.0,43.48,91.9,57.14,81.41,Excellent,40-49,Overweight,8495.03,Low,Low,8142.24,10014.96,Raised BMI,"The premium is low overall. The main factor pushing it up is that this customer has a BMI of 26.7 (overweight range), but with a strong Health Score (81/100) they still sit in the Low risk tier."
HW1320,44,male,24.4,70.0,4,yes,south,5.0,1982-05-26,0.0,43.48,100.0,71.43,37.54,Fair,40-49,Normal,19637.87,Medium,Medium,19689.78,24218.43,Smoker; Dependents,"The premium is moderate mainly because this customer is a smoker, has 4 dependents. Combined with a low Health Score (38/100), this places them in the Medium risk tier."
HW1321,51,male,20.3,62.8,4,no,east,4.0,1975-03-16,100.0,28.26,100.0,57.14,79.02,Excellent,50-64,Normal,15038.2,Medium,Medium,15271.84,18784.37,Age; Dependents,"The premium is moderate mainly because this customer is 51 years old, has 4 dependents. Combined with a strong Health Score (79/100), this places them in the Medium risk tier."
HW1322,38,male,17.6,50.2,0,no,south,7.0,1988-08-13,100.0,56.52,92.8,100.0,85.76,Excellent,30-39,Underweight,6962.68,Low,Low,7150.01,8794.51,Low BMI,"The premium is low overall. The main factor pushing it up is that this customer has a BMI of 17.6 (underweight range), but with a strong Health Score (86/100) they still sit in the Low risk tier."
HW1323,47,female,16.3,47.3,2,no,north,6.0,1979-03-01,100.0,36.96,82.4,85.71,77.47,Excellent,40-49,Underweight,13136.43,Medium,Medium,13396.69,16477.93,Low BMI,"The premium is moderate mainly because this customer has a BMI of 16.3 (underweight range). Combined with a strong Health Score (77/100), this places them in the Medium risk tier."
HW1324,50,female,31.5,93.6,4,no,north,3.0,1976-09-09,100.0,30.43,70.3,42.86,72.26,Good,50-64,Obese,16499.7,Medium,Medium,16619.84,20442.4,High BMI; Age; Dependents,"The premium is moderate mainly because this customer has a BMI of 31.5 (obese range), is 50 years old, has 4 dependents. Combined with a strong Health Score (72/100), this places them in the Medium risk tier."
HW1325,45,female,28.9,84.7,2,yes,east,4.0,1981-06-26,0.0,41.3,82.0,57.14,32.4,Poor,40-49,Overweight,47025.36,High,High,45616.08,56107.78,Smoker; Raised BMI,"The premium is high mainly because this customer is a smoker, has a BMI of 28.9 (overweight range). Combined with a low Health Score (32/100), this places them in the High risk tier."
HW1326,64,female,25.1,68.1,0,no,south,4.0,1962-01-24,100.0,0.0,99.1,57.14,70.68,Good,50-64,Overweight,15877.76,Medium,Medium,15662.62,19265.03,Raised BMI; Age,"The premium is moderate mainly because this customer has a BMI of 25.1 (overweight range), is 64 years old. Combined with a strong Health Score (71/100), this places them in the Medium risk tier."
HW1327,50,male,26.0,75.2,4,no,east,4.0,1976-02-09,100.0,30.43,95.05,57.14,78.43,Excellent,50-64,Overweight,16227.2,Medium,Medium,16029.57,19716.37,Raised BMI; Age; Dependents,"The premium is moderate mainly because this customer has a BMI of 26.0 (overweight range), is 50 years old, has 4 dependents. Combined with a strong Health Score (78/100), this places them in the Medium risk tier."
HW1328,22,female,29.3,86.4,1,no,north,3.0,2004-08-19,100.0,91.3,80.2,42.86,92.16,Excellent,18-29,Overweight,6895.22,Low,Low,6835.2,8407.3,Raised BMI,"The premium is low overall. The main factor pushing it up is that this customer has a BMI of 29.3 (overweight range), but with a strong Health Score (92/100) they still sit in the Low risk tier."
HW1329,36,male,27.0,75.3,0,no,west,4.0,1990-05-09,100.0,60.87,90.55,57.14,86.07,Excellent,30-39,Overweight,7296.18,Low,Low,7616.54,9368.34,Raised BMI,"The premium is low overall. The main factor pushing it up is that this customer has a BMI of 27.0 (overweight range), but with a strong Health Score (86/100) they still sit in the Low risk tier."
HW1330,21,male,20.0,59.3,3,no,east,5.0,2005-01-25,100.0,93.48,100.0,71.43,97.87,Excellent,18-29,Normal,7009.71,Low,Low,7023.54,8638.96,Dependents,"The premium is low overall. The main factor pushing it up is that this customer has 3 dependents, but with a strong Health Score (98/100) they still sit in the Low risk tier."
HW1331,52,male,33.5,97.6,2,yes,west,3.0,1974-04-04,0.0,26.09,61.3,42.86,22.84,Poor,50-64,Obese,49191.25,High,High,50808.75,62494.76,Smoker; High BMI; Age,"The premium is high mainly because this customer is a smoker, has a BMI of 33.5 (obese range), is 52 years old. Combined with a low Health Score (23/100), this places them in the High risk tier."
HW1332,34,male,29.8,88.5,0,no,west,3.0,1992-04-10,100.0,65.22,77.95,42.86,84.12,Excellent,30-39,Overweight,7979.95,Low,Low,7660.3,9422.17,Raised BMI,"The premium is low overall. The main factor pushing it up is that this customer has a BMI of 29.8 (overweight range), but with a strong Health Score (84/100) they still sit in the Low risk tier."
HW1333,61,male,29.6,84.2,0,yes,south,3.0,1965-12-25,0.0,6.52,78.85,42.86,21.51,Poor,50-64,Overweight,48154.05,High,High,48215.67,59305.27,Smoker; Raised BMI; Age,"The premium is high mainly because this customer is a smoker, has a BMI of 29.6 (overweight range), is 61 years old. Combined with a low Health Score (22/100), this places them in the High risk tier."
HW1334,45,female,33.0,97.4,4,no,east,2.0,1981-06-27,100.0,41.3,63.55,28.57,73.61,Good,40-49,Obese,17912.88,Medium,Medium,16455.8,20240.63,High BMI; Low activity; Dependents,"The premium is moderate mainly because this customer has a BMI of 33.0 (obese range), exercises only 2x per week, has 4 dependents. Combined with a strong Health Score (74/100), this places them in the Medium risk tier."
HW1335,47,female,23.1,67.1,4,yes,west,4.0,1979-08-12,0.0,36.96,100.0,57.14,35.54,Fair,40-49,Normal,40673.49,High,High,42917.13,52788.06,Smoker; Dependents,"The premium is high mainly because this customer is a smoker, has 4 dependents. Combined with a low Health Score (36/100), this places them in the High risk tier."
HW1336,46,female,35.3,105.5,4,yes,west,1.0,1980-04-16,0.0,39.13,53.2,14.29,24.35,Poor,40-49,Obese,45104.07,High,High,51366.07,63180.26,Smoker; High BMI; Low activity,"The premium is high mainly because this customer is a smoker, has a BMI of 35.3 (obese range), exercises only 1x per week. Combined with a low Health Score (24/100), this places them in the High risk tier."
HW1337,63,female,27.2,84.2,3,no,south,4.0,1963-03-14,100.0,2.17,89.65,57.14,69.0,Good,50-64,Overweight,40631.79,High,Medium,16839.64,20712.76,Raised BMI; Age; Dependents,"The premium is moderate mainly because this customer has a BMI of 27.2 (overweight range), is 63 years old, has 3 dependents. Combined with a mid-range Health Score (69/100), this places them in the Medium risk tier."
HW1338,23,male,33.3,99.3,4,no,south,3.0,2003-01-10,100.0,89.13,62.2,42.86,87.14,Excellent,18-29,Obese,14300.08,Medium,Medium,14936.75,18372.2,High BMI; Dependents,"The premium is moderate mainly because this customer has a BMI of 33.3 (obese range), has 4 dependents. Combined with a strong Health Score (87/100), this places them in the Medium risk tier."
HW1339,52,female,32.4,94.6,0,no,north,3.0,1974-07-04,100.0,26.09,66.25,42.86,70.02,Good,50-64,Obese,15916.95,Medium,Medium,15811.83,19448.55,High BMI; Age,"The premium is moderate mainly because this customer has a BMI of 32.4 (obese range), is 52 years old. Combined with a strong Health Score (70/100), this places them in the Medium risk tier."
HW1340,58,male,21.8,67.6,4,no,west,5.0,1968-08-16,100.0,13.04,100.0,71.43,74.78,Good,50-64,Normal,15021.93,Medium,Medium,16140.11,19852.34,Age; Dependents,"The premium is moderate mainly because this customer is 58 years old, has 4 dependents. Combined with a strong Health Score (75/100), this places them in the Medium risk tier."
HW1341,54,female,31.0,90.8,1,no,north,4.0,1972-03-17,100.0,21.74,72.55,57.14,70.44,Good,50-64,Obese,17728.06,Medium,Medium,15897.67,19554.14,High BMI; Age,"The premium is moderate mainly because this customer has a BMI of 31.0 (obese range), is 54 years old. Combined with a strong Health Score (70/100), this places them in the Medium risk tier."
HW1342,41,male,30.0,84.9,4,no,west,5.0,1985-05-14,100.0,50.0,77.05,71.43,79.78,Excellent,40-49,Obese,15647.14,Medium,Medium,16020.29,19704.96,High BMI; Dependents,"The premium is moderate mainly because this customer has a BMI of 30.0 (obese range), has 4 dependents. Combined with a strong Health Score (80/100), this places them in the Medium risk tier."
HW1343,46,male,28.2,81.4,3,no,north,5.0,1980-02-03,100.0,39.13,85.15,71.43,78.64,Excellent,40-49,Overweight,15208.85,Medium,Medium,15956.16,19626.08,Raised BMI; Dependents,"The premium is moderate mainly because this customer has a BMI of 28.2 (overweight range), has 3 dependents. Combined with a strong Health Score (79/100), this places them in the Medium risk tier."
HW1344,63,female,27.4,80.7,1,yes,south,4.0,1963-06-19,0.0,2.17,88.75,57.14,22.81,Poor,50-64,Overweight,50682.89,High,High,46850.27,57625.83,Smoker; Raised BMI; Age,"The premium is high mainly because this customer is a smoker, has a BMI of 27.4 (overweight range), is 63 years old. Combined with a low Health Score (23/100), this places them in the High risk tier."
HW1345,48,male,27.5,81.1,0,no,east,4.0,1978-03-12,100.0,34.78,88.3,57.14,78.03,Excellent,40-49,Overweight,15766.31,Medium,Medium,15014.02,18467.24,Raised BMI,"The premium is moderate mainly because this customer has a BMI of 27.5 (overweight range). Combined with a strong Health Score (78/100), this places them in the Medium risk tier."
HW1346,52,male,32.9,92.8,0,no,south,4.0,1974-06-05,100.0,26.09,64.0,57.14,69.6,Good,50-64,Obese,43466.12,High,Medium,16286.65,20032.57,High BMI; Age,"The premium is moderate mainly because this customer has a BMI of 32.9 (obese range), is 52 years old. Combined with a mid-range Health Score (70/100), this places them in the Medium risk tier."
HW1347,50,female,31.5,88.8,2,no,north,2.0,1976-10-09,100.0,30.43,70.3,28.57,72.13,Good,50-64,Obese,15865.04,Medium,Medium,16123.89,19832.39,High BMI; Age; Low activity,"The premium is moderate mainly because this customer has a BMI of 31.5 (obese range), is 50 years old, exercises only 2x per week. Combined with a strong Health Score (72/100), this places them in the Medium risk tier."
HW1348,38,male,28.2,80.8,1,yes,north,4.0,1988-01-13,0.0,56.52,85.15,57.14,37.53,Fair,30-39,Overweight,19028.22,Medium,Medium,18712.32,23016.15,Smoker; Raised BMI,"The premium is moderate mainly because this customer is a smoker, has a BMI of 28.2 (overweight range). Combined with a low Health Score (38/100), this places them in the Medium risk tier."
HW1349,49,female,19.0,56.0,2,yes,east,5.0,1977-03-19,0.0,32.61,100.0,71.43,34.42,Poor,40-49,Normal,17637.95,Medium,High,39856.72,49023.77,Smoker,"The premium is high mainly because this customer is a smoker. Combined with a low Health Score (34/100), this places them in the High risk tier."
HW1350,40,female,31.0,90.9,1,yes,west,4.0,1986-11-16,0.0,52.17,72.55,57.14,33.21,Poor,40-49,Obese,43965.75,High,High,45316.42,55739.2,Smoker; High BMI,"The premium is high mainly because this customer is a smoker, has a BMI of 31.0 (obese range). Combined with a low Health Score (33/100), this places them in the High risk tier."
HW1351,50,female,32.3,93.6,1,no,north,4.0,1976-06-24,100.0,30.43,66.7,57.14,71.51,Good,50-64,Obese,16222.41,Medium,Medium,15893.93,19549.53,High BMI; Age,"The premium is moderate mainly because this customer has a BMI of 32.3 (obese range), is 50 years old. Combined with a strong Health Score (72/100), this places them in the Medium risk tier."
HW1352,20,male,41.8,119.1,3,no,north,1.0,2006-03-19,100.0,95.65,23.95,14.29,79.41,Excellent,18-29,Obese,15492.39,Medium,Medium,15843.84,19487.92,High BMI; Low activity; Dependents,"The premium is moderate mainly because this customer has a BMI of 41.8 (obese range), exercises only 1x per week, has 3 dependents. Combined with a strong Health Score (79/100), this places them in the Medium risk tier."
HW1353,35,male,34.5,103.2,2,yes,north,3.0,1991-06-08,0.0,63.04,56.8,42.86,32.36,Poor,30-39,Obese,51772.47,High,High,47777.29,58766.06,Smoker; High BMI,"The premium is high mainly because this customer is a smoker, has a BMI of 34.5 (obese range). Combined with a low Health Score (32/100), this places them in the High risk tier."
HW1354,42,male,16.6,45.8,3,no,east,6.0,1984-06-13,100.0,47.83,84.8,85.71,81.18,Excellent,40-49,Underweight,8377.14,Low,Low,8079.38,9937.63,Low BMI; Dependents,"The premium is low overall. The main factor pushing it up is that this customer has a BMI of 16.6 (underweight range), has 3 dependents, but with a strong Health Score (81/100) they still sit in the Low risk tier."
HW1355,59,female,28.5,85.0,1,no,south,3.0,1967-12-10,100.0,10.87,83.8,42.86,69.94,Good,50-64,Overweight,17729.94,Medium,Medium,16145.79,19859.32,Raised BMI; Age,"The premium is moderate mainly because this customer has a BMI of 28.5 (overweight range), is 59 years old. Combined with a mid-range Health Score (70/100), this places them in the Medium risk tier."
HW1356,48,male,38.9,113.9,0,no,north,3.0,1978-03-04,100.0,34.78,37.0,42.86,65.38,Good,40-49,Obese,15056.19,Medium,Medium,16937.41,20833.01,High BMI,"The premium is moderate mainly because this customer has a BMI of 38.9 (obese range). Combined with a mid-range Health Score (65/100), this places them in the Medium risk tier."
HW1357,20,female,31.7,94.2,1,no,east,4.0,2006-01-13,100.0,95.65,69.4,57.14,90.9,Excellent,18-29,Obese,14611.88,Medium,Medium,12989.63,15977.25,High BMI,"The premium is moderate mainly because this customer has a BMI of 31.7 (obese range). Combined with a strong Health Score (91/100), this places them in the Medium risk tier."
HW1358,57,female,30.0,85.8,3,yes,north,4.0,1969-08-04,0.0,15.22,77.05,57.14,23.7,Poor,50-64,Obese,44537.1,High,High,48846.51,60081.21,Smoker; High BMI; Age,"The premium is high mainly because this customer is a smoker, has a BMI of 30.0 (obese range), is 57 years old. Combined with a low Health Score (24/100), this places them in the High risk tier."
HW1359,63,male,33.4,96.2,2,no,west,3.0,1963-06-11,100.0,2.17,61.75,42.86,62.06,Good,50-64,Obese,42110.36,High,High,44797.9,55101.41,High BMI; Age,"The premium is high mainly because this customer has a BMI of 33.4 (obese range), is 63 years old. Combined with a mid-range Health Score (62/100), this places them in the High risk tier."
HW1360,41,female,24.3,70.3,2,no,east,4.0,1985-03-11,100.0,50.0,100.0,57.14,85.26,Excellent,40-49,Normal,7115.31,Low,Low,7941.24,9767.73,No elevated risk factors,"The premium is low because this customer is a non-smoker, has a healthy BMI of 24.3. With a strong Health Score (85/100) they sit in the Low risk tier."
HW1361,49,male,30.9,88.3,3,no,north,3.0,1977-12-11,100.0,32.61,73.0,42.86,73.55,Good,40-49,Obese,16835.74,Medium,Medium,16551.24,20358.03,High BMI; Dependents,"The premium is moderate mainly because this customer has a BMI of 30.9 (obese range), has 3 dependents. Combined with a strong Health Score (74/100), this places them in the Medium risk tier."
HW1362,64,male,26.5,77.0,2,no,east,4.0,1962-06-12,100.0,0.0,92.8,57.14,69.15,Good,50-64,Overweight,16933.62,Medium,Medium,16827.53,20697.87,Raised BMI; Age,"The premium is moderate mainly because this customer has a BMI of 26.5 (overweight range), is 64 years old. Combined with a mid-range Health Score (69/100), this places them in the Medium risk tier."
HW1363,39,male,27.9,83.8,4,yes,north,4.0,1987-11-09,0.0,54.35,86.5,57.14,37.24,Fair,30-39,Overweight,20642.43,Medium,Medium,19743.58,24284.61,Smoker; Raised BMI; Dependents,"The premium is moderate mainly because this customer is a smoker, has a BMI of 27.9 (overweight range), has 4 dependents. Combined with a low Health Score (37/100), this places them in the Medium risk tier."
HW1364,40,male,33.0,92.8,0,no,south,3.0,1986-09-10,100.0,52.17,63.55,42.86,76.86,Excellent,40-49,Obese,15160.38,Medium,Medium,15297.51,18815.94,High BMI,"The premium is moderate mainly because this customer has a BMI of 33.0 (obese range). Combined with a strong Health Score (77/100), this places them in the Medium risk tier."
HW1365,19,male,22.4,63.4,0,yes,north,5.0,2007-03-03,0.0,97.83,100.0,71.43,53.15,Fair,18-29,Normal,16939.59,Medium,Medium,15733.07,19351.68,Smoker,"The premium is moderate mainly because this customer is a smoker. Combined with a mid-range Health Score (53/100), this places them in the Medium risk tier."
HW1366,44,female,35.7,101.6,0,no,east,3.0,1982-04-23,100.0,43.48,51.4,42.86,71.39,Good,40-49,Obese,14766.58,Medium,Medium,15510.19,19077.54,High BMI,"The premium is moderate mainly because this customer has a BMI of 35.7 (obese range). Combined with a strong Health Score (71/100), this places them in the Medium risk tier."
HW1367,59,female,25.5,73.5,2,no,west,4.0,1967-03-10,100.0,10.87,97.3,57.14,73.37,Good,50-64,Overweight,16918.35,Medium,Medium,15932.6,19597.09,Raised BMI; Age,"The premium is moderate mainly because this customer has a BMI of 25.5 (overweight range), is 59 years old. Combined with a strong Health Score (73/100), this places them in the Medium risk tier."
HW1368,19,female,29.6,85.3,2,yes,west,3.0,2007-08-11,0.0,97.83,78.85,42.86,47.73,Fair,18-29,Overweight,17205.33,Medium,Medium,17338.09,21325.85,Smoker; Raised BMI,"The premium is moderate mainly because this customer is a smoker, has a BMI of 29.6 (overweight range). Combined with a mid-range Health Score (48/100), this places them in the Medium risk tier."
HW1369,43,male,19.6,58.2,1,no,west,6.0,1983-08-06,100.0,45.65,100.0,85.71,84.27,Excellent,40-49,Normal,8858.14,Low,Low,7813.89,9611.08,No elevated risk factors,"The premium is low because this customer is a non-smoker, has a healthy BMI of 19.6, exercises 6x per week. With a strong Health Score (84/100) they sit in the Low risk tier."
HW1370,34,male,32.3,93.4,1,yes,north,3.0,1992-04-11,0.0,65.22,66.7,42.86,35.4,Fair,30-39,Obese,47224.43,High,High,45724.45,56241.08,Smoker; High BMI,"The premium is high mainly because this customer is a smoker, has a BMI of 32.3 (obese range). Combined with a low Health Score (35/100), this places them in the High risk tier."
HW1371,57,male,36.7,106.7,0,no,south,1.0,1969-12-27,100.0,15.22,46.9,14.29,61.92,Good,50-64,Obese,9619.35,Low,Medium,17328.95,21314.61,High BMI; Age; Low activity,"The premium is moderate mainly because this customer has a BMI of 36.7 (obese range), is 57 years old, exercises only 1x per week. Combined with a mid-range Health Score (62/100), this places them in the Medium risk tier."
HW1372,50,female,24.9,72.8,4,no,north,5.0,1976-05-12,100.0,30.43,100.0,71.43,79.77,Excellent,50-64,Normal,15401.33,Medium,Medium,15586.74,19171.7,Age; Dependents,"The premium is moderate mainly because this customer is 50 years old, has 4 dependents. Combined with a strong Health Score (80/100), this places them in the Medium risk tier."
HW1373,26,male,21.3,62.0,1,no,west,5.0,2000-02-13,100.0,82.61,100.0,71.43,94.75,Excellent,18-29,Normal,6459.9,Low,Low,6850.37,8425.95,No elevated risk factors,"The premium is low because this customer is a non-smoker, has a healthy BMI of 21.3, is young (26). With a strong Health Score (95/100) they sit in the Low risk tier."
HW1374,60,female,29.7,87.2,1,no,east,4.0,1966-06-03,100.0,8.7,78.4,57.14,68.13,Good,50-64,Overweight,16669.42,Medium,Medium,16279.64,20023.96,Raised BMI; Age,"The premium is moderate mainly because this customer has a BMI of 29.7 (overweight range), is 60 years old. Combined with a mid-range Health Score (68/100), this places them in the Medium risk tier."
HW1375,56,female,36.7,105.8,2,no,west,2.0,1970-06-21,100.0,17.39,46.9,28.57,62.67,Good,50-64,Obese,17252.22,Medium,Medium,17572.18,21613.78,High BMI; Age; Low activity,"The premium is moderate mainly because this customer has a BMI of 36.7 (obese range), is 56 years old, exercises only 2x per week. Combined with a mid-range Health Score (63/100), this places them in the Medium risk tier."
HW1376,46,male,19.3,59.1,4,no,east,6.0,1980-02-14,100.0,39.13,100.0,85.71,82.4,Excellent,40-49,Normal,15195.75,Medium,Medium,14512.32,17850.15,Dependents,"The premium is moderate mainly because this customer has 4 dependents. Combined with a strong Health Score (82/100), this places them in the Medium risk tier."
HW1377,59,male,21.4,66.9,0,no,south,5.0,1967-05-21,100.0,10.87,100.0,71.43,74.15,Good,50-64,Normal,13752.8,Medium,Medium,14904.15,18332.1,Age,"The premium is moderate mainly because this customer is 59 years old. Combined with a strong Health Score (74/100), this places them in the Medium risk tier."
HW1378,43,female,25.3,74.5,1,no,east,4.0,1983-09-27,100.0,45.65,98.2,57.14,83.57,Excellent,40-49,Overweight,7705.65,Low,Low,7879.81,9692.17,Raised BMI,"The premium is low overall. The main factor pushing it up is that this customer has a BMI of 25.3 (overweight range), but with a strong Health Score (84/100) they still sit in the Low risk tier."
HW1379,52,male,23.1,67.2,4,yes,north,5.0,1974-08-23,0.0,26.09,100.0,71.43,32.55,Poor,50-64,Normal,42507.86,High,High,44697.87,54978.39,Smoker; Age; Dependents,"The premium is high mainly because this customer is a smoker, is 52 years old, has 4 dependents. Combined with a low Health Score (33/100), this places them in the High risk tier."
HW1380,42,female,23.1,68.0,4,no,north,4.0,1984-12-15,100.0,47.83,100.0,57.14,84.64,Excellent,40-49,Normal,7874.2,Low,Low,8417.64,10353.7,Dependents,"The premium is low overall. The main factor pushing it up is that this customer has 4 dependents, but with a strong Health Score (85/100) they still sit in the Low risk tier."
HW1381,41,male,16.0,44.0,0,yes,north,5.0,1985-03-26,0.0,50.0,80.0,71.43,34.53,Poor,40-49,Underweight,17320.45,Medium,Medium,16717.46,20562.48,Smoker; Low BMI,"The premium is moderate mainly because this customer is a smoker, has a BMI of 16.0 (underweight range). Combined with a low Health Score (35/100), this places them in the Medium risk tier."
HW1382,30,male,31.5,91.4,4,no,east,4.0,1996-04-06,100.0,73.91,70.3,57.14,84.87,Excellent,30-39,Obese,16232.06,Medium,Medium,15236.33,18740.68,High BMI; Dependents,"The premium is moderate mainly because this customer has a BMI of 31.5 (obese range), has 4 dependents. Combined with a strong Health Score (85/100), this places them in the Medium risk tier."
HW1383,24,female,30.0,85.2,4,yes,north,3.0,2002-03-27,0.0,86.96,77.05,42.86,44.17,Fair,18-29,Obese,38861.42,High,High,43075.81,52983.25,Smoker; High BMI; Dependents,"The premium is high mainly because this customer is a smoker, has a BMI of 30.0 (obese range), has 4 dependents. Combined with a low Health Score (44/100), this places them in the High risk tier."
HW1384,53,male,17.8,52.5,4,yes,north,5.0,1973-09-08,0.0,23.91,94.4,71.43,30.56,Poor,50-64,Underweight,44691.37,High,High,40762.56,50137.95,Smoker; Low BMI; Age,"The premium is high mainly because this customer is a smoker, has a BMI of 17.8 (underweight range), is 53 years old. Combined with a low Health Score (31/100), this places them in the High risk tier."
HW1385,62,female,36.7,104.6,1,no,north,3.0,1964-06-20,100.0,4.35,46.9,42.86,59.06,Good,50-64,Obese,47662.36,High,High,45392.68,55833.0,High BMI; Age,"The premium is high mainly because this customer has a BMI of 36.7 (obese range), is 62 years old. Combined with a mid-range Health Score (59/100), this places them in the High risk tier."
HW1386,37,male,38.1,109.4,0,no,south,2.0,1989-07-15,100.0,58.7,40.6,28.57,73.0,Good,30-39,Obese,39070.98,High,Medium,15830.06,19470.98,High BMI; Low activity,"The premium is moderate mainly because this customer has a BMI of 38.1 (obese range), exercises only 2x per week. Combined with a strong Health Score (73/100), this places them in the Medium risk tier."
HW1387,18,female,23.5,64.2,4,no,east,5.0,2008-11-03,100.0,100.0,100.0,71.43,99.74,Excellent,18-29,Normal,7332.08,Low,Low,6981.43,8587.15,Dependents,"The premium is low overall. The main factor pushing it up is that this customer has 4 dependents, but with a strong Health Score (100/100) they still sit in the Low risk tier."
HW1388,25,female,35.0,98.8,4,yes,east,2.0,2001-10-15,0.0,84.78,54.55,28.57,37.92,Fair,18-29,Obese,45671.67,High,High,46954.28,57753.77,Smoker; High BMI; Low activity,"The premium is high mainly because this customer is a smoker, has a BMI of 35.0 (obese range), exercises only 2x per week. Combined with a low Health Score (38/100), this places them in the High risk tier."
HW1389,63,male,24.6,71.8,1,no,west,5.0,1963-08-16,100.0,2.17,100.0,71.43,71.66,Good,50-64,Normal,9353.85,Low,Medium,16178.44,19899.48,Age,"The premium is moderate mainly because this customer is 63 years old. Combined with a strong Health Score (72/100), this places them in the Medium risk tier."
HW1390,33,female,29.1,82.4,0,no,east,5.0,1993-01-19,100.0,67.39,81.1,71.43,85.77,Excellent,30-39,Overweight,7578.92,Low,Low,7269.33,8941.27,Raised BMI,"The premium is low overall. The main factor pushing it up is that this customer has a BMI of 29.1 (overweight range), but with a strong Health Score (86/100) they still sit in the Low risk tier."
HW1391,31,male,23.0,68.6,2,no,south,4.0,1995-11-16,100.0,71.74,100.0,57.14,91.5,Excellent,30-39,Normal,7816.0,Low,Low,7547.98,9284.02,No elevated risk factors,"The premium is low because this customer is a non-smoker, has a healthy BMI of 23.0. With a strong Health Score (92/100) they sit in the Low risk tier."
HW1392,29,male,41.3,117.4,1,yes,east,2.0,1997-05-05,0.0,76.09,26.2,28.57,28.5,Poor,18-29,Obese,49523.61,High,High,51422.65,63249.86,Smoker; High BMI; Low activity,"The premium is high mainly because this customer is a smoker, has a BMI of 41.3 (obese range), exercises only 2x per week. Combined with a low Health Score (28/100), this places them in the High risk tier."
HW1393,40,male,26.2,76.6,0,no,south,5.0,1986-10-14,100.0,52.17,94.15,71.43,84.58,Excellent,40-49,Overweight,7636.25,Low,Low,7847.42,9652.33,Raised BMI,"The premium is low overall. The main factor pushing it up is that this customer has a BMI of 26.2 (overweight range), but with a strong Health Score (85/100) they still sit in the Low risk tier."
HW1394,32,female,28.8,81.7,4,yes,south,4.0,1994-02-26,0.0,69.57,82.45,57.14,40.62,Fair,30-39,Overweight,18457.6,Medium,Medium,18861.46,23199.59,Smoker; Raised BMI; Dependents,"The premium is moderate mainly because this customer is a smoker, has a BMI of 28.8 (overweight range), has 4 dependents. Combined with a low Health Score (41/100), this places them in the Medium risk tier."
HW1395,45,female,23.9,69.8,0,no,east,4.0,1981-08-05,100.0,41.3,100.0,57.14,82.76,Excellent,40-49,Normal,14605.54,Medium,Medium,13671.69,16816.18,No elevated risk factors,"The premium is moderate because this customer is a non-smoker, has a healthy BMI of 23.9. With a strong Health Score (83/100) they sit in the Medium risk tier."
HW1396,51,male,39.2,110.2,0,no,west,2.0,1975-07-16,100.0,28.26,35.65,28.57,63.05,Good,50-64,Obese,15725.37,Medium,Medium,17352.16,21343.15,High BMI; Age; Low activity,"The premium is moderate mainly because this customer has a BMI of 39.2 (obese range), is 51 years old, exercises only 2x per week. Combined with a mid-range Health Score (63/100), this places them in the Medium risk tier."
HW1397,19,male,39.3,112.7,0,no,north,3.0,2007-07-14,100.0,97.83,35.2,42.86,83.04,Excellent,18-29,Obese,14233.28,Medium,Medium,14421.65,17738.63,High BMI,"The premium is moderate mainly because this customer has a BMI of 39.3 (obese range). Combined with a strong Health Score (83/100), this places them in the Medium risk tier."
HW1398,49,female,37.8,107.5,2,no,north,3.0,1977-05-24,100.0,32.61,41.95,42.86,65.96,Good,40-49,Obese,18474.29,Medium,Medium,17055.5,20978.27,High BMI,"The premium is moderate mainly because this customer has a BMI of 37.8 (obese range). Combined with a mid-range Health Score (66/100), this places them in the Medium risk tier."
HW1399,40,male,33.7,99.2,0,no,east,3.0,1986-09-04,100.0,52.17,60.4,42.86,76.09,Excellent,40-49,Obese,15999.33,Medium,Medium,15276.19,18789.72,High BMI,"The premium is moderate mainly because this customer has a BMI of 33.7 (obese range). Combined with a strong Health Score (76/100), this places them in the Medium risk tier."
HW1400,39,male,24.3,71.2,2,no,east,5.0,1987-04-16,100.0,54.35,100.0,71.43,86.64,Excellent,30-39,Normal,8656.93,Low,Low,8200.54,10086.67,No elevated risk factors,"The premium is low because this customer is a non-smoker, has a healthy BMI of 24.3, exercises 5x per week. With a strong Health Score (87/100) they sit in the Low risk tier."
HW1401,42,female,33.0,92.9,4,no,south,3.0,1984-08-17,100.0,47.83,63.55,42.86,75.61,Excellent,40-49,Obese,15996.75,Medium,Medium,16301.7,20051.09,High BMI; Dependents,"The premium is moderate mainly because this customer has a BMI of 33.0 (obese range), has 4 dependents. Combined with a strong Health Score (76/100), this places them in the Medium risk tier."
HW1402,39,male,28.0,80.5,2,no,east,5.0,1987-04-06,100.0,54.35,86.05,71.43,83.23,Excellent,30-39,Overweight,7956.4,Low,Low,8450.91,10394.62,Raised BMI,"The premium is low overall. The main factor pushing it up is that this customer has a BMI of 28.0 (overweight range), but with a strong Health Score (83/100) they still sit in the Low risk tier."
HW1403,39,female,35.9,102.2,4,no,south,3.0,1987-04-06,100.0,54.35,50.5,42.86,74.29,Good,30-39,Obese,16417.12,Medium,Medium,16457.53,20242.76,High BMI; Dependents,"The premium is moderate mainly because this customer has a BMI of 35.9 (obese range), has 4 dependents. Combined with a strong Health Score (74/100), this places them in the Medium risk tier."
HW1404,59,male,34.7,102.2,4,no,west,2.0,1967-05-16,100.0,10.87,55.9,28.57,63.0,Good,50-64,Obese,44224.92,High,High,45519.44,55988.91,High BMI; Age; Low activity,"The premium is high mainly because this customer has a BMI of 34.7 (obese range), is 59 years old, exercises only 2x per week. Combined with a mid-range Health Score (63/100), this places them in the High risk tier."
HW1405,23,female,24.1,72.2,2,no,east,5.0,2003-09-16,100.0,89.13,100.0,71.43,96.62,Excellent,18-29,Normal,7811.81,Low,Low,6763.88,8319.58,No elevated risk factors,"The premium is low because this customer is a non-smoker, has a healthy BMI of 24.1, is young (23). With a strong Health Score (97/100) they sit in the Low risk tier."
HW1406,32,male,33.7,94.5,1,no,north,4.0,1994-10-09,100.0,69.57,60.4,57.14,81.21,Excellent,30-39,Obese,14763.64,Medium,Medium,14837.62,18250.28,High BMI,"The premium is moderate mainly because this customer has a BMI of 33.7 (obese range). Combined with a strong Health Score (81/100), this places them in the Medium risk tier."
HW1407,60,male,32.1,94.4,3,no,north,4.0,1966-04-14,100.0,8.7,67.6,57.14,65.49,Good,50-64,Obese,44612.43,High,High,43252.05,53200.02,High BMI; Age; Dependents,"The premium is high mainly because this customer has a BMI of 32.1 (obese range), is 60 years old, has 3 dependents. Combined with a mid-range Health Score (65/100), this places them in the High risk tier."
HW1408,54,female,16.0,44.6,0,no,east,6.0,1972-04-12,100.0,21.74,80.0,85.71,72.52,Good,50-64,Underweight,32724.31,High,Medium,13120.08,16137.7,Low BMI; Age,"The premium is moderate mainly because this customer has a BMI of 16.0 (underweight range), is 54 years old. Combined with a strong Health Score (73/100), this places them in the Medium risk tier."
HW1409,50,male,32.8,94.3,3,yes,south,3.0,1976-08-10,0.0,30.43,64.45,42.86,24.86,Poor,50-64,Obese,48045.85,High,High,49811.88,61268.61,Smoker; High BMI; Age,"The premium is high mainly because this customer is a smoker, has a BMI of 32.8 (obese range), is 50 years old. Combined with a low Health Score (25/100), this places them in the High risk tier."
HW1410,25,female,25.4,73.5,0,no,north,4.0,2001-04-18,100.0,84.78,97.75,57.14,94.7,Excellent,18-29,Overweight,5506.12,Low,Low,6503.38,7999.15,Raised BMI,"The premium is low overall. The main factor pushing it up is that this customer has a BMI of 25.4 (overweight range), but with a strong Health Score (95/100) they still sit in the Low risk tier."
HW1411,61,male,22.7,69.2,0,no,south,4.0,1965-02-01,100.0,6.52,100.0,57.14,72.78,Good,50-64,Normal,15822.01,Medium,Medium,15328.75,18854.36,Age,"The premium is moderate mainly because this customer is 61 years old. Combined with a strong Health Score (73/100), this places them in the Medium risk tier."
HW1412,61,female,22.9,64.2,4,yes,east,5.0,1965-05-16,0.0,6.52,100.0,71.43,26.93,Poor,50-64,Normal,46695.99,High,High,45376.13,55812.64,Smoker; Age; Dependents,"The premium is high mainly because this customer is a smoker, is 61 years old, has 4 dependents. Combined with a low Health Score (27/100), this places them in the High risk tier."
HW1413,22,female,27.2,80.3,0,yes,east,4.0,2004-06-25,0.0,91.3,89.65,57.14,48.62,Fair,18-29,Overweight,16113.31,Medium,Medium,16384.58,20153.04,Smoker; Raised BMI,"The premium is moderate mainly because this customer is a smoker, has a BMI of 27.2 (overweight range). Combined with a mid-range Health Score (49/100), this places them in the Medium risk tier."
HW1414,56,female,30.9,87.0,0,no,north,5.0,1970-05-06,100.0,17.39,73.0,71.43,69.43,Good,50-64,Obese,14841.37,Medium,Medium,15868.63,19518.42,High BMI; Age,"The premium is moderate mainly because this customer has a BMI of 30.9 (obese range), is 56 years old. Combined with a mid-range Health Score (69/100), this places them in the Medium risk tier."
HW1415,21,female,19.8,54.7,2,no,east,6.0,2005-06-03,100.0,93.48,100.0,85.71,98.0,Excellent,18-29,Normal,6483.42,Low,Low,6470.75,7959.03,No elevated risk factors,"The premium is low because this customer is a non-smoker, has a healthy BMI of 19.8, is young (21). With a strong Health Score (98/100) they sit in the Low risk tier."
HW1416,23,male,29.1,84.2,3,no,west,4.0,2003-12-04,100.0,89.13,81.1,57.14,91.88,Excellent,18-29,Overweight,7847.31,Low,Low,7847.31,9652.2,Raised BMI; Dependents,"The premium is low overall. The main factor pushing it up is that this customer has a BMI of 29.1 (overweight range), has 3 dependents, but with a strong Health Score (92/100) they still sit in the Low risk tier."
HW1417,62,male,31.5,91.1,2,yes,west,4.0,1964-01-04,0.0,4.35,70.3,57.14,18.93,Poor,50-64,Obese,51534.96,High,High,51333.6,63140.32,Smoker; High BMI; Age,"The premium is high mainly because this customer is a smoker, has a BMI of 31.5 (obese range), is 62 years old. Combined with a low Health Score (19/100), this places them in the High risk tier."
HW1418,49,female,39.2,107.6,0,no,north,2.0,1977-01-21,100.0,32.61,35.65,28.57,64.3,Good,40-49,Obese,15691.34,Medium,Medium,16778.57,20637.64,High BMI; Low activity,"The premium is moderate mainly because this customer has a BMI of 39.2 (obese range), exercises only 2x per week. Combined with a mid-range Health Score (64/100), this places them in the Medium risk tier."
HW1419,47,female,21.5,64.5,4,yes,west,5.0,1979-11-27,0.0,36.96,100.0,71.43,35.67,Fair,40-49,Normal,42489.63,High,High,41203.92,50680.83,Smoker; Dependents,"The premium is high mainly because this customer is a smoker, has 4 dependents. Combined with a low Health Score (36/100), this places them in the High risk tier."
HW1420,64,female,25.9,70.6,2,no,south,4.0,1962-08-24,100.0,0.0,95.5,57.14,69.81,Good,50-64,Overweight,17079.58,Medium,Medium,16391.1,20161.05,Raised BMI; Age,"The premium is moderate mainly because this customer has a BMI of 25.9 (overweight range), is 64 years old. Combined with a mid-range Health Score (70/100), this places them in the Medium risk tier."
HW1421,52,male,29.6,85.3,2,yes,north,4.0,1974-05-26,0.0,26.09,78.85,57.14,27.26,Poor,50-64,Overweight,45109.4,High,High,48101.67,59165.06,Smoker; Raised BMI; Age,"The premium is high mainly because this customer is a smoker, has a BMI of 29.6 (overweight range), is 52 years old. Combined with a low Health Score (27/100), this places them in the High risk tier."
HW1422,57,male,34.9,103.5,1,yes,north,3.0,1969-02-12,0.0,15.22,55.0,42.86,18.18,Poor,50-64,Obese,54343.75,High,High,52144.87,64138.19,Smoker; High BMI; Age,"The premium is high mainly because this customer is a smoker, has a BMI of 34.9 (obese range), is 57 years old. Combined with a low Health Score (18/100), this places them in the High risk tier."
HW1423,33,male,26.2,80.1,0,yes,south,4.0,1993-06-17,0.0,67.39,94.15,57.14,42.85,Fair,30-39,Overweight,18080.04,Medium,Medium,17694.6,21764.36,Smoker; Raised BMI,"The premium is moderate mainly because this customer is a smoker, has a BMI of 26.2 (overweight range). Combined with a low Health Score (43/100), this places them in the Medium risk tier."
HW1424,30,male,35.2,101.0,4,no,west,3.0,1996-07-11,100.0,73.91,53.65,42.86,80.68,Excellent,30-39,Obese,16651.85,Medium,Medium,15941.15,19607.61,High BMI; Dependents,"The premium is moderate mainly because this customer has a BMI of 35.2 (obese range), has 4 dependents. Combined with a strong Health Score (81/100), this places them in the Medium risk tier."
HW1425,59,female,16.4,44.5,2,yes,west,6.0,1967-04-05,0.0,10.87,83.2,85.71,24.21,Poor,50-64,Underweight,17505.96,Medium,High,39467.46,48544.98,Smoker; Low BMI; Age,"The premium is high mainly because this customer is a smoker, has a BMI of 16.4 (underweight range), is 59 years old. Combined with a low Health Score (24/100), this places them in the High risk tier."
HW1426,47,female,20.5,61.8,2,no,west,4.0,1979-06-11,100.0,36.96,100.0,57.14,81.52,Excellent,40-49,Normal,14369.33,Medium,Medium,13922.49,17124.66,No elevated risk factors,"The premium is moderate because this customer is a non-smoker, has a healthy BMI of 20.5. With a strong Health Score (82/100) they sit in the Medium risk tier."
HW1427,36,female,30.1,88.7,4,no,north,5.0,1990-01-25,100.0,60.87,76.6,71.43,82.79,Excellent,30-39,Obese,13557.82,Medium,Medium,15347.1,18876.93,High BMI; Dependents,"The premium is moderate mainly because this customer has a BMI of 30.1 (obese range), has 4 dependents. Combined with a strong Health Score (83/100), this places them in the Medium risk tier."
HW1428,34,male,19.5,55.4,0,no,north,7.0,1992-10-20,100.0,65.22,100.0,100.0,90.01,Excellent,30-39,Normal,6573.29,Low,Low,6915.78,8506.41,No elevated risk factors,"The premium is low because this customer is a non-smoker, has a healthy BMI of 19.5, exercises 7x per week. With a strong Health Score (90/100) they sit in the Low risk tier."
HW1429,36,male,21.0,59.5,1,no,west,6.0,1990-08-21,100.0,60.87,100.0,85.71,88.64,Excellent,30-39,Normal,13237.03,Medium,Low,7484.84,9206.36,No elevated risk factors,"The premium is low because this customer is a non-smoker, has a healthy BMI of 21.0, exercises 6x per week. With a strong Health Score (89/100) they sit in the Low risk tier."
HW1430,45,male,24.8,70.2,2,no,east,4.0,1981-11-24,100.0,41.3,100.0,57.14,82.76,Excellent,40-49,Normal,8459.82,Low,Medium,14845.2,18259.6,No elevated risk factors,"The premium is moderate because this customer is a non-smoker, has a healthy BMI of 24.8. With a strong Health Score (83/100) they sit in the Medium risk tier."
HW1431,43,female,32.6,93.5,1,yes,west,4.0,1983-01-08,0.0,45.65,65.35,57.14,29.58,Poor,40-49,Obese,46909.49,High,High,47021.47,57836.4,Smoker; High BMI,"The premium is high mainly because this customer is a smoker, has a BMI of 32.6 (obese range). Combined with a low Health Score (30/100), this places them in the High risk tier."
HW1432,54,female,16.6,48.6,3,no,south,7.0,1972-11-13,100.0,21.74,84.8,100.0,73.82,Good,50-64,Underweight,15752.65,Medium,Medium,14168.33,17427.05,Low BMI; Age; Dependents,"The premium is moderate mainly because this customer has a BMI of 16.6 (underweight range), is 54 years old, has 3 dependents. Combined with a strong Health Score (74/100), this places them in the Medium risk tier."
HW1433,43,male,29.0,82.7,0,yes,north,4.0,1983-11-20,0.0,45.65,81.55,57.14,33.53,Poor,40-49,Overweight,19315.63,Medium,Medium,19083.79,23473.06,Smoker; Raised BMI,"The premium is moderate mainly because this customer is a smoker, has a BMI of 29.0 (overweight range). Combined with a low Health Score (34/100), this places them in the Medium risk tier."
HW1434,40,female,34.2,98.0,3,yes,south,3.0,1986-02-27,0.0,52.17,58.15,42.86,29.56,Poor,40-49,Obese,49607.46,High,High,47921.49,58943.43,Smoker; High BMI; Dependents,"The premium is high mainly because this customer is a smoker, has a BMI of 34.2 (obese range), has 3 dependents. Combined with a low Health Score (30/100), this places them in the High risk tier."
HW1435,26,male,26.8,78.7,3,no,south,4.0,2000-06-16,100.0,82.61,91.45,57.14,92.53,Excellent,18-29,Overweight,7823.96,Low,Low,7826.75,9626.9,Raised BMI; Dependents,"The premium is low overall. The main factor pushing it up is that this customer has a BMI of 26.8 (overweight range), has 3 dependents, but with a strong Health Score (93/100) they still sit in the Low risk tier."
HW1436,29,male,25.8,71.6,3,no,north,5.0,1997-02-05,100.0,76.09,95.95,71.43,91.89,Excellent,18-29,Overweight,13712.25,Medium,Low,7960.3,9791.17,Raised BMI; Dependents,"The premium is low overall. The main factor pushing it up is that this customer has a BMI of 25.8 (overweight range), has 3 dependents, but with a strong Health Score (92/100) they still sit in the Low risk tier."
HW1437,18,female,30.4,87.1,0,no,east,4.0,2008-02-03,100.0,100.0,75.25,57.14,93.57,Excellent,18-29,Obese,11301.56,Medium,Medium,12371.51,15216.96,High BMI,"The premium is moderate mainly because this customer has a BMI of 30.4 (obese range). Combined with a strong Health Score (94/100), this places them in the Medium risk tier."
HW1438,18,male,26.8,74.1,0,no,west,4.0,2008-11-22,100.0,100.0,91.45,57.14,97.53,Excellent,18-29,Overweight,6789.66,Low,Low,6543.5,8048.5,Raised BMI,"The premium is low overall. The main factor pushing it up is that this customer has a BMI of 26.8 (overweight range), but with a strong Health Score (98/100) they still sit in the Low risk tier."
HW1439,64,female,36.3,105.1,4,no,south,3.0,1962-01-16,100.0,0.0,48.7,42.86,58.25,Good,50-64,Obese,51318.86,High,High,46224.2,56855.76,High BMI; Age; Dependents,"The premium is high mainly because this customer has a BMI of 36.3 (obese range), is 64 years old, has 4 dependents. Combined with a mid-range Health Score (58/100), this places them in the High risk tier."
HW1440,51,male,21.3,57.7,1,yes,north,6.0,1975-06-19,0.0,28.26,100.0,85.71,33.3,Poor,50-64,Normal,41893.15,High,High,41472.17,51010.77,Smoker; Age,"The premium is high mainly because this customer is a smoker, is 51 years old. Combined with a low Health Score (33/100), this places them in the High risk tier."
HW1441,49,female,27.7,81.8,1,yes,south,4.0,1977-07-18,0.0,32.61,87.4,57.14,31.22,Poor,40-49,Overweight,44334.39,High,High,44451.59,54675.46,Smoker; Raised BMI,"The premium is high mainly because this customer is a smoker, has a BMI of 27.7 (overweight range). Combined with a low Health Score (31/100), this places them in the High risk tier."
HW1442,42,female,29.2,81.8,4,yes,west,4.0,1984-06-08,0.0,47.83,80.65,57.14,33.94,Poor,40-49,Overweight,20972.13,Medium,Medium,19826.13,24386.14,Smoker; Raised BMI; Dependents,"The premium is moderate mainly because this customer is a smoker, has a BMI of 29.2 (overweight range), has 4 dependents. Combined with a low Health Score (34/100), this places them in the Medium risk tier."
HW1443,57,female,25.7,70.7,4,yes,east,4.0,1969-01-11,0.0,15.22,96.4,57.14,28.42,Poor,50-64,Overweight,48376.04,High,High,46430.31,57109.28,Smoker; Raised BMI; Age,"The premium is high mainly because this customer is a smoker, has a BMI of 25.7 (overweight range), is 57 years old. Combined with a low Health Score (28/100), this places them in the High risk tier."
HW1444,62,male,16.0,45.5,3,no,east,5.0,1964-11-25,100.0,4.35,80.0,71.43,67.4,Good,50-64,Underweight,15565.15,Medium,Medium,15149.84,18634.3,Low BMI; Age; Dependents,"The premium is moderate mainly because this customer has a BMI of 16.0 (underweight range), is 62 years old, has 3 dependents. Combined with a mid-range Health Score (67/100), this places them in the Medium risk tier."
HW1445,18,male,27.0,81.5,4,no,east,4.0,2008-05-05,100.0,100.0,90.55,57.14,97.31,Excellent,18-29,Overweight,7501.23,Low,Low,7649.55,9408.94,Raised BMI; Dependents,"The premium is low overall. The main factor pushing it up is that this customer has a BMI of 27.0 (overweight range), has 4 dependents, but with a strong Health Score (97/100) they still sit in the Low risk tier."
HW1446,33,female,33.4,97.9,2,yes,north,3.0,1993-12-21,0.0,67.39,61.75,42.86,34.81,Poor,30-39,Obese,48039.97,High,High,46188.41,56811.74,Smoker; High BMI,"The premium is high mainly because this customer is a smoker, has a BMI of 33.4 (obese range). Combined with a low Health Score (35/100), this places them in the High risk tier."
HW1447,56,female,32.7,90.7,1,no,north,3.0,1970-06-02,100.0,17.39,64.9,42.86,67.2,Good,50-64,Obese,16614.84,Medium,Medium,16523.43,20323.82,High BMI; Age,"The premium is moderate mainly because this customer has a BMI of 32.7 (obese range), is 56 years old. Combined with a mid-range Health Score (67/100), this places them in the Medium risk tier."
HW1448,22,male,28.0,84.3,4,no,east,4.0,2004-06-14,100.0,91.3,86.05,57.14,93.71,Excellent,18-29,Overweight,15030.38,Medium,Low,7881.94,9694.79,Raised BMI; Dependents,"The premium is low overall. The main factor pushing it up is that this customer has a BMI of 28.0 (overweight range), has 4 dependents, but with a strong Health Score (94/100) they still sit in the Low risk tier."
HW1449,39,male,21.4,61.1,2,yes,west,5.0,1987-11-04,0.0,54.35,100.0,71.43,40.66,Fair,30-39,Normal,17419.63,Medium,Medium,18029.71,22176.54,Smoker,"The premium is moderate mainly because this customer is a smoker. Combined with a low Health Score (41/100), this places them in the Medium risk tier."
HW1450,46,male,30.4,92.3,2,yes,west,3.0,1980-08-27,0.0,39.13,75.25,42.86,30.0,Poor,40-49,Obese,46143.92,High,High,47531.82,58464.13,Smoker; High BMI,"The premium is high mainly because this customer is a smoker, has a BMI of 30.4 (obese range). Combined with a low Health Score (30/100), this places them in the High risk tier."
HW1451,20,female,24.6,69.2,2,yes,north,5.0,2006-09-09,0.0,95.65,100.0,71.43,52.52,Fair,18-29,Normal,16515.19,Medium,Medium,16497.03,20291.35,Smoker,"The premium is moderate mainly because this customer is a smoker. Combined with a mid-range Health Score (53/100), this places them in the Medium risk tier."
HW1452,29,male,30.1,85.1,2,yes,east,4.0,1997-08-03,0.0,76.09,76.6,57.14,41.06,Fair,18-29,Obese,41551.63,High,High,44067.23,54202.7,Smoker; High BMI,"The premium is high mainly because this customer is a smoker, has a BMI of 30.1 (obese range). Combined with a low Health Score (41/100), this places them in the High risk tier."
HW1453,43,male,28.7,86.0,3,yes,west,4.0,1983-10-16,0.0,45.65,82.9,57.14,33.86,Poor,40-49,Overweight,19818.09,Medium,Medium,19928.16,24511.64,Smoker; Raised BMI; Dependents,"The premium is moderate mainly because this customer is a smoker, has a BMI of 28.7 (overweight range), has 3 dependents. Combined with a low Health Score (34/100), this places them in the Medium risk tier."
HW1454,33,female,22.1,64.3,2,no,west,6.0,1993-11-27,100.0,67.39,100.0,85.71,90.51,Excellent,30-39,Normal,6672.21,Low,Low,7256.26,8925.19,No elevated risk factors,"The premium is low because this customer is a non-smoker, has a healthy BMI of 22.1, exercises 6x per week. With a strong Health Score (91/100) they sit in the Low risk tier."
HW1455,54,male,22.6,67.4,3,yes,west,4.0,1972-04-01,0.0,21.74,100.0,57.14,31.17,Poor,50-64,Normal,41369.45,High,High,43636.06,53672.35,Smoker; Age; Dependents,"The premium is high mainly because this customer is a smoker, is 54 years old, has 3 dependents. Combined with a low Health Score (31/100), this places them in the High risk tier."
HW1456,39,male,30.1,85.5,3,no,north,3.0,1987-09-21,100.0,54.35,76.6,42.86,80.67,Excellent,30-39,Obese,17715.39,Medium,Medium,15529.41,19101.18,High BMI; Dependents,"The premium is moderate mainly because this customer has a BMI of 30.1 (obese range), has 3 dependents. Combined with a strong Health Score (81/100), this places them in the Medium risk tier."
HW1457,46,male,26.7,77.0,2,no,east,2.0,1980-06-16,100.0,39.13,91.9,28.57,79.91,Excellent,40-49,Overweight,14727.92,Medium,Medium,15332.73,18859.26,Raised BMI; Low activity,"The premium is moderate mainly because this customer has a BMI of 26.7 (overweight range), exercises only 2x per week. Combined with a strong Health Score (80/100), this places them in the Medium risk tier."
HW1458,31,female,23.0,69.1,1,no,south,4.0,1995-03-16,100.0,71.74,100.0,57.14,91.5,Excellent,30-39,Normal,6715.54,Low,Low,6928.71,8522.31,No elevated risk factors,"The premium is low because this customer is a non-smoker, has a healthy BMI of 23.0. With a strong Health Score (92/100) they sit in the Low risk tier."
HW1459,45,female,22.5,64.7,2,no,east,6.0,1981-11-26,100.0,41.3,100.0,85.71,83.02,Excellent,40-49,Normal,13997.2,Medium,Medium,14033.33,17260.99,No elevated risk factors,"The premium is moderate because this customer is a non-smoker, has a healthy BMI of 22.5, exercises 6x per week. With a strong Health Score (83/100) they sit in the Medium risk tier."
HW1460,22,female,26.2,78.0,2,yes,east,3.0,2004-08-23,0.0,91.3,94.15,42.86,49.59,Fair,18-29,Overweight,15950.44,Medium,Medium,16897.44,20783.85,Smoker; Raised BMI,"The premium is moderate mainly because this customer is a smoker, has a BMI of 26.2 (overweight range). Combined with a mid-range Health Score (50/100), this places them in the Medium risk tier."
HW1461,64,female,37.4,108.9,2,no,north,2.0,1962-01-26,100.0,0.0,43.75,28.57,56.91,Good,50-64,Obese,45567.0,High,High,46540.46,57244.77,High BMI; Age; Low activity,"The premium is high mainly because this customer has a BMI of 37.4 (obese range), is 64 years old, exercises only 2x per week. Combined with a mid-range Health Score (57/100), this places them in the High risk tier."
HW1462,47,female,24.8,69.6,1,no,west,5.0,1979-12-21,100.0,36.96,100.0,71.43,81.64,Excellent,40-49,Normal,15879.97,Medium,Medium,14271.96,17554.51,No elevated risk factors,"The premium is moderate because this customer is a non-smoker, has a healthy BMI of 24.8, exercises 5x per week. With a strong Health Score (82/100) they sit in the Medium risk tier."
HW1463,63,female,27.9,80.6,0,yes,west,2.0,1963-10-09,0.0,2.17,86.5,28.57,22.0,Poor,50-64,Overweight,47749.58,High,High,47552.6,58489.7,Smoker; Raised BMI; Age,"The premium is high mainly because this customer is a smoker, has a BMI of 27.9 (overweight range), is 63 years old. Combined with a low Health Score (22/100), this places them in the High risk tier."
HW1464,22,female,28.6,84.6,0,yes,north,4.0,2004-12-27,0.0,91.3,83.35,57.14,47.08,Fair,18-29,Overweight,17625.47,Medium,Medium,16809.72,20675.95,Smoker; Raised BMI,"The premium is moderate mainly because this customer is a smoker, has a BMI of 28.6 (overweight range). Combined with a mid-range Health Score (47/100), this places them in the Medium risk tier."
HW1465,29,male,21.2,62.6,3,no,north,6.0,1997-12-22,100.0,76.09,100.0,85.71,93.01,Excellent,18-29,Normal,8294.12,Low,Low,7484.98,9206.53,Dependents,"The premium is low overall. The main factor pushing it up is that this customer has 3 dependents, but with a strong Health Score (93/100) they still sit in the Low risk tier."
HW1466,33,male,17.4,50.2,3,no,north,7.0,1993-08-26,100.0,67.39,91.2,100.0,88.49,Excellent,30-39,Underweight,7616.79,Low,Low,7576.23,9318.77,Low BMI; Dependents,"The premium is low overall. The main factor pushing it up is that this customer has a BMI of 17.4 (underweight range), has 3 dependents, but with a strong Health Score (88/100) they still sit in the Low risk tier."
HW1467,43,female,21.8,59.2,1,no,north,5.0,1983-01-10,100.0,45.65,100.0,71.43,84.14,Excellent,40-49,Normal,7474.44,Low,Low,7533.03,9265.62,No elevated risk factors,"The premium is low because this customer is a non-smoker, has a healthy BMI of 21.8, exercises 5x per week. With a strong Health Score (84/100) they sit in the Low risk tier."
HW1468,43,male,29.5,81.7,4,no,north,3.0,1983-11-07,100.0,45.65,79.3,42.86,78.83,Excellent,40-49,Overweight,8694.77,Low,Low,9368.92,11523.77,Raised BMI; Dependents,"The premium is low overall. The main factor pushing it up is that this customer has a BMI of 29.5 (overweight range), has 4 dependents, but with a strong Health Score (79/100) they still sit in the Low risk tier."
HW1469,38,male,28.5,79.2,0,no,south,3.0,1988-03-25,100.0,56.52,83.8,42.86,83.05,Excellent,30-39,Overweight,7787.7,Low,Low,7845.97,9650.55,Raised BMI,"The premium is low overall. The main factor pushing it up is that this customer has a BMI of 28.5 (overweight range), but with a strong Health Score (83/100) they still sit in the Low risk tier."
HW1470,56,female,32.2,92.0,3,yes,east,3.0,1970-06-21,0.0,17.39,67.15,42.86,21.78,Poor,50-64,Obese,49777.5,High,High,50282.12,61847.0,Smoker; High BMI; Age,"The premium is high mainly because this customer is a smoker, has a BMI of 32.2 (obese range), is 56 years old. Combined with a low Health Score (22/100), this places them in the High risk tier."
HW1471,53,male,28.6,81.9,0,no,east,4.0,1973-08-24,100.0,23.91,83.35,57.14,73.7,Good,50-64,Overweight,14956.45,Medium,Medium,15465.96,19023.14,Raised BMI; Age,"The premium is moderate mainly because this customer has a BMI of 28.6 (overweight range), is 53 years old. Combined with a strong Health Score (74/100), this places them in the Medium risk tier."
HW1472,50,male,27.3,75.9,1,yes,east,5.0,1976-12-19,0.0,30.43,89.2,71.43,31.16,Poor,50-64,Overweight,48226.41,High,High,45293.27,55710.72,Smoker; Raised BMI; Age,"The premium is high mainly because this customer is a smoker, has a BMI of 27.3 (overweight range), is 50 years old. Combined with a low Health Score (31/100), this places them in the High risk tier."
HW1473,47,male,24.4,72.6,1,yes,west,5.0,1979-02-15,0.0,36.96,100.0,71.43,35.67,Fair,40-49,Normal,44974.13,High,High,42843.18,52697.11,Smoker,"The premium is high mainly because this customer is a smoker. Combined with a low Health Score (36/100), this places them in the High risk tier."
HW1474,54,male,33.3,93.7,4,no,south,3.0,1972-02-14,100.0,21.74,62.2,42.86,67.79,Good,50-64,Obese,18710.99,Medium,Medium,17680.31,21746.79,High BMI; Age; Dependents,"The premium is moderate mainly because this customer has a BMI of 33.3 (obese range), is 54 years old, has 4 dependents. Combined with a mid-range Health Score (68/100), this places them in the Medium risk tier."
HW1475,40,male,22.5,62.3,4,no,east,5.0,1986-05-10,100.0,52.17,100.0,71.43,86.01,Excellent,40-49,Normal,8547.71,Low,Low,8625.89,10609.84,Dependents,"The premium is low overall. The main factor pushing it up is that this customer has 4 dependents, but with a strong Health Score (86/100) they still sit in the Low risk tier."
HW1476,27,female,21.3,61.7,1,no,west,7.0,1999-12-16,100.0,80.43,100.0,100.0,94.38,Excellent,18-29,Normal,6109.14,Low,Low,6716.03,8260.71,No elevated risk factors,"The premium is low because this customer is a non-smoker, has a healthy BMI of 21.3, is young (27). With a strong Health Score (94/100) they sit in the Low risk tier."
HW1477,22,female,31.4,92.7,3,no,south,4.0,2004-07-08,100.0,91.3,70.75,57.14,89.98,Excellent,18-29,Obese,14837.2,Medium,Medium,13880.53,17073.05,High BMI; Dependents,"The premium is moderate mainly because this customer has a BMI of 31.4 (obese range), has 3 dependents. Combined with a strong Health Score (90/100), this places them in the Medium risk tier."
HW1478,53,female,20.0,61.9,0,no,south,5.0,1973-10-15,100.0,23.91,100.0,71.43,77.9,Excellent,50-64,Normal,13936.83,Medium,Medium,13838.44,17021.28,Age,"The premium is moderate mainly because this customer is 53 years old. Combined with a strong Health Score (78/100), this places them in the Medium risk tier."
HW1479,51,male,42.5,124.0,2,yes,west,1.0,1975-08-13,0.0,28.26,20.8,14.29,13.32,Poor,50-64,Obese,57406.55,High,High,56236.53,69170.93,Smoker; High BMI; Age,"The premium is high mainly because this customer is a smoker, has a BMI of 42.5 (obese range), is 51 years old. Combined with a low Health Score (13/100), this places them in the High risk tier."
HW1480,48,female,28.5,85.5,4,yes,south,3.0,1978-12-08,0.0,34.78,83.8,42.86,30.83,Poor,40-49,Overweight,47759.65,High,High,46182.61,56804.61,Smoker; Raised BMI; Dependents,"The premium is high mainly because this customer is a smoker, has a BMI of 28.5 (overweight range), has 4 dependents. Combined with a low Health Score (31/100), this places them in the High risk tier."
HW1481,27,male,30.1,84.6,2,yes,west,2.0,1999-10-12,0.0,80.43,76.6,28.57,42.06,Fair,18-29,Obese,43954.13,High,High,43650.09,53689.61,Smoker; High BMI; Low activity,"The premium is high mainly because this customer is a smoker, has a BMI of 30.1 (obese range), exercises only 2x per week. Combined with a low Health Score (42/100), this places them in the High risk tier."
HW1482,36,male,23.1,71.1,3,no,east,5.0,1990-11-19,100.0,60.87,100.0,71.43,88.51,Excellent,30-39,Normal,9057.83,Low,Low,8177.56,10058.4,Dependents,"The premium is low overall. The main factor pushing it up is that this customer has 3 dependents, but with a strong Health Score (89/100) they still sit in the Low risk tier."
HW1483,49,male,26.1,71.7,4,no,west,6.0,1977-11-18,100.0,32.61,94.6,85.71,79.2,Excellent,40-49,Overweight,15461.35,Medium,Medium,16050.98,19742.7,Raised BMI; Dependents,"The premium is moderate mainly because this customer has a BMI of 26.1 (overweight range), has 4 dependents. Combined with a strong Health Score (79/100), this places them in the Medium risk tier."
HW1484,18,male,25.4,72.4,2,no,south,3.0,2008-04-17,100.0,100.0,97.75,42.86,98.94,Excellent,18-29,Overweight,6872.98,Low,Low,6976.06,8580.56,Raised BMI,"The premium is low overall. The main factor pushing it up is that this customer has a BMI of 25.4 (overweight range), but with a strong Health Score (99/100) they still sit in the Low risk tier."
HW1485,22,female,24.7,72.5,3,no,east,5.0,2004-03-27,100.0,91.3,100.0,71.43,97.25,Excellent,18-29,Normal,7784.52,Low,Low,7079.18,8707.4,Dependents,"The premium is low overall. The main factor pushing it up is that this customer has 3 dependents, but with a strong Health Score (97/100) they still sit in the Low risk tier."
HW1486,62,female,31.8,88.7,0,no,east,3.0,1964-09-23,100.0,4.35,68.95,42.86,64.44,Good,50-64,Obese,41597.71,High,High,41561.07,51120.12,High BMI; Age,"The premium is high mainly because this customer has a BMI of 31.8 (obese range), is 62 years old. Combined with a mid-range Health Score (64/100), this places them in the High risk tier."
HW1487,21,male,25.3,71.3,3,yes,north,5.0,2005-07-01,0.0,93.48,98.2,71.43,51.46,Fair,18-29,Overweight,17335.66,Medium,Medium,17342.74,21331.58,Smoker; Raised BMI; Dependents,"The premium is moderate mainly because this customer is a smoker, has a BMI of 25.3 (overweight range), has 3 dependents. Combined with a mid-range Health Score (51/100), this places them in the Medium risk tier."
HW1488,33,female,28.0,96.4,4,yes,north,3.0,1993-07-26,0.0,67.39,86.05,42.86,40.75,Fair,30-39,Overweight,46979.59,High,Medium,18841.61,23175.18,Smoker; Raised BMI; Dependents,"The premium is moderate mainly because this customer is a smoker, has a BMI of 28.0 (overweight range), has 4 dependents. Combined with a low Health Score (41/100), this places them in the Medium risk tier."
HW1489,41,male,44.0,126.5,1,no,south,0.0,1985-07-20,100.0,50.0,14.05,0.0,63.76,Good,40-49,Obese,18226.37,Medium,Medium,17460.02,21475.82,High BMI; Low activity,"The premium is moderate mainly because this customer has a BMI of 44.0 (obese range), exercises only 0x per week. Combined with a mid-range Health Score (64/100), this places them in the Medium risk tier."
HW1490,33,female,26.2,78.6,0,no,west,4.0,1993-07-08,100.0,67.39,94.15,57.14,88.82,Excellent,30-39,Overweight,6972.82,Low,Low,7028.93,8645.58,Raised BMI,"The premium is low overall. The main factor pushing it up is that this customer has a BMI of 26.2 (overweight range), but with a strong Health Score (89/100) they still sit in the Low risk tier."
HW1491,19,female,28.9,83.6,2,no,west,3.0,2007-03-13,100.0,97.83,82.0,42.86,94.47,Excellent,18-29,Overweight,6798.3,Low,Low,6885.25,8468.86,Raised BMI,"The premium is low overall. The main factor pushing it up is that this customer has a BMI of 28.9 (overweight range), but with a strong Health Score (94/100) they still sit in the Low risk tier."
HW1492,45,male,30.3,86.6,4,yes,south,5.0,1981-10-18,0.0,41.3,75.7,71.43,30.99,Poor,40-49,Obese,49138.07,High,High,47436.65,58347.08,Smoker; High BMI; Dependents,"The premium is high mainly because this customer is a smoker, has a BMI of 30.3 (obese range), has 4 dependents. Combined with a low Health Score (31/100), this places them in the High risk tier."
HW1493,49,female,38.9,106.7,1,no,east,3.0,1977-07-21,100.0,32.61,37.0,42.86,64.75,Good,40-49,Obese,17040.93,Medium,Medium,16800.93,20665.14,High BMI,"The premium is moderate mainly because this customer has a BMI of 38.9 (obese range). Combined with a mid-range Health Score (65/100), this places them in the Medium risk tier."
HW1494,44,male,27.5,80.4,3,no,south,4.0,1982-05-05,100.0,43.48,88.3,57.14,80.53,Excellent,40-49,Overweight,8535.75,Low,Low,8976.6,11041.22,Raised BMI; Dependents,"The premium is low overall. The main factor pushing it up is that this customer has a BMI of 27.5 (overweight range), has 3 dependents, but with a strong Health Score (81/100) they still sit in the Low risk tier."
HW1495,37,female,23.0,68.1,1,yes,south,6.0,1989-07-25,0.0,58.7,100.0,85.71,42.04,Fair,30-39,Normal,17483.81,Medium,Medium,17491.44,21514.47,Smoker,"The premium is moderate mainly because this customer is a smoker. Combined with a low Health Score (42/100), this places them in the Medium risk tier."
HW1496,41,male,20.4,55.6,4,no,east,4.0,1985-11-24,100.0,50.0,100.0,57.14,85.26,Excellent,40-49,Normal,9119.54,Low,Low,8522.45,10482.62,Dependents,"The premium is low overall. The main factor pushing it up is that this customer has 4 dependents, but with a strong Health Score (85/100) they still sit in the Low risk tier."
HW1497,29,male,27.7,79.9,4,no,west,4.0,1997-06-07,100.0,76.09,87.4,57.14,89.67,Excellent,18-29,Overweight,8700.39,Low,Low,8299.63,10208.55,Raised BMI; Dependents,"The premium is low overall. The main factor pushing it up is that this customer has a BMI of 27.7 (overweight range), has 4 dependents, but with a strong Health Score (90/100) they still sit in the Low risk tier."
HW1498,52,female,25.3,73.5,1,no,south,4.0,1974-09-27,100.0,26.09,98.2,57.14,77.95,Excellent,50-64,Overweight,16160.18,Medium,Medium,14896.1,18322.2,Raised BMI; Age,"The premium is moderate mainly because this customer has a BMI of 25.3 (overweight range), is 52 years old. Combined with a strong Health Score (78/100), this places them in the Medium risk tier."
HW1499,50,female,40.1,117.8,3,yes,west,2.0,1976-06-17,0.0,30.43,31.6,28.57,16.71,Poor,50-64,Obese,52748.66,High,High,54562.88,67112.35,Smoker; High BMI; Age,"The premium is high mainly because this customer is a smoker, has a BMI of 40.1 (obese range), is 50 years old. Combined with a low Health Score (17/100), this places them in the High risk tier."
HW1500,50,male,38.6,110.1,1,no,south,2.0,1976-04-24,100.0,30.43,38.35,28.57,64.33,Good,50-64,Obese,18461.21,Medium,Medium,17262.85,21233.3,High BMI; Age; Low activity,"The premium is moderate mainly because this customer has a BMI of 38.6 (obese range), is 50 years old, exercises only 2x per week. Combined with a mid-range Health Score (64/100), this places them in the Medium risk tier."
HW1501,60,female,21.8,61.3,4,no,east,5.0,1966-07-16,100.0,8.7,100.0,71.43,73.53,Good,50-64,Normal,9052.17,Low,Medium,15874.58,19525.73,Age; Dependents,"The premium is moderate mainly because this customer is 60 years old, has 4 dependents. Combined with a strong Health Score (74/100), this places them in the Medium risk tier."
HW1502,54,female,23.7,67.6,4,no,east,5.0,1972-03-10,100.0,21.74,100.0,71.43,77.27,Excellent,50-64,Normal,14486.85,Medium,Medium,15660.64,19262.59,Age; Dependents,"The premium is moderate mainly because this customer is 54 years old, has 4 dependents. Combined with a strong Health Score (77/100), this places them in the Medium risk tier."
HW1503,29,male,28.4,84.6,2,no,north,4.0,1997-03-27,100.0,76.09,84.25,57.14,88.9,Excellent,18-29,Overweight,7550.62,Low,Low,7883.41,9696.6,Raised BMI,"The premium is low overall. The main factor pushing it up is that this customer has a BMI of 28.4 (overweight range), but with a strong Health Score (89/100) they still sit in the Low risk tier."
HW1504,20,male,36.4,107.3,2,no,east,3.0,2006-03-17,100.0,95.65,48.25,42.86,85.6,Excellent,18-29,Obese,14670.27,Medium,Medium,14577.5,17930.33,High BMI,"The premium is moderate mainly because this customer has a BMI of 36.4 (obese range). Combined with a strong Health Score (86/100), this places them in the Medium risk tier."
HW1505,18,female,28.3,81.7,0,no,north,4.0,2008-10-17,100.0,100.0,84.7,57.14,95.88,Excellent,18-29,Overweight,6806.58,Low,Low,6187.93,7611.16,Raised BMI,"The premium is low overall. The main factor pushing it up is that this customer has a BMI of 28.3 (overweight range), but with a strong Health Score (96/100) they still sit in the Low risk tier."
HW1506,50,male,24.1,71.7,4,no,south,5.0,1976-06-17,100.0,30.43,100.0,71.43,79.77,Excellent,50-64,Normal,16067.37,Medium,Medium,15802.92,19437.6,Age; Dependents,"The premium is moderate mainly because this customer is 50 years old, has 4 dependents. Combined with a strong Health Score (80/100), this places them in the Medium risk tier."
HW1507,57,male,27.6,75.0,2,no,west,4.0,1969-05-04,100.0,15.22,87.85,57.14,72.31,Good,50-64,Overweight,16345.05,Medium,Medium,16470.75,20259.02,Raised BMI; Age,"The premium is moderate mainly because this customer has a BMI of 27.6 (overweight range), is 57 years old. Combined with a strong Health Score (72/100), this places them in the Medium risk tier."
HW1508,27,male,24.2,71.5,1,yes,east,4.0,1999-05-23,0.0,80.43,100.0,57.14,48.03,Fair,18-29,Normal,16292.01,Medium,Medium,17104.11,21038.05,Smoker,"The premium is moderate mainly because this customer is a smoker. Combined with a mid-range Health Score (48/100), this places them in the Medium risk tier."
HW1509,60,female,31.6,89.1,3,no,east,4.0,1966-06-12,100.0,8.7,69.85,57.14,66.04,Good,50-64,Obese,43709.6,High,High,42657.39,52468.59,High BMI; Age; Dependents,"The premium is high mainly because this customer has a BMI of 31.6 (obese range), is 60 years old, has 3 dependents. Combined with a mid-range Health Score (66/100), this places them in the High risk tier."
HW1510,61,female,23.7,72.0,1,yes,east,4.0,1965-09-22,0.0,6.52,100.0,57.14,26.8,Poor,50-64,Normal,46229.52,High,High,44821.6,55130.56,Smoker; Age,"The premium is high mainly because this customer is a smoker, is 61 years old. Combined with a low Health Score (27/100), this places them in the High risk tier."
HW1511,46,male,24.9,69.8,3,no,south,4.0,1980-09-20,100.0,39.13,100.0,57.14,82.14,Excellent,40-49,Normal,15520.46,Medium,Medium,15242.0,18747.66,Dependents,"The premium is moderate mainly because this customer has 3 dependents. Combined with a strong Health Score (82/100), this places them in the Medium risk tier."
HW1512,30,female,35.0,99.4,2,no,north,1.0,1996-01-17,100.0,73.91,54.55,14.29,80.64,Excellent,30-39,Obese,13802.91,Medium,Medium,15015.95,18469.62,High BMI; Low activity,"The premium is moderate mainly because this customer has a BMI of 35.0 (obese range), exercises only 1x per week. Combined with a strong Health Score (81/100), this places them in the Medium risk tier."
HW1513,29,male,28.0,68.8,0,no,south,4.0,1997-10-07,100.0,76.09,86.05,57.14,89.34,Excellent,18-29,Overweight,7375.92,Low,Low,7289.87,8966.54,Raised BMI,"The premium is low overall. The main factor pushing it up is that this customer has a BMI of 28.0 (overweight range), but with a strong Health Score (89/100) they still sit in the Low risk tier."
HW1514,48,female,19.3,57.1,1,no,west,4.0,1978-03-02,100.0,34.78,100.0,57.14,80.89,Excellent,40-49,Normal,14438.52,Medium,Medium,13604.82,16733.92,No elevated risk factors,"The premium is moderate because this customer is a non-smoker, has a healthy BMI of 19.3. With a strong Health Score (81/100) they sit in the Medium risk tier."
HW1515,63,male,28.6,81.8,1,no,south,5.0,1963-06-06,100.0,2.17,83.35,71.43,67.59,Good,50-64,Overweight,18312.72,Medium,Medium,16766.05,20622.24,Raised BMI; Age,"The premium is moderate mainly because this customer has a BMI of 28.6 (overweight range), is 63 years old. Combined with a mid-range Health Score (68/100), this places them in the Medium risk tier."
HW1516,19,male,25.8,75.3,1,yes,west,4.0,2007-07-05,0.0,97.83,95.95,57.14,52.03,Fair,18-29,Overweight,16355.07,Medium,Medium,16658.83,20490.36,Smoker; Raised BMI,"The premium is moderate mainly because this customer is a smoker, has a BMI of 25.8 (overweight range). Combined with a mid-range Health Score (52/100), this places them in the Medium risk tier."
HW1517,52,female,31.1,90.9,3,no,east,3.0,1974-08-07,100.0,26.09,72.1,42.86,71.45,Good,50-64,Obese,16830.67,Medium,Medium,16451.44,20235.28,High BMI; Age; Dependents,"The premium is moderate mainly because this customer has a BMI of 31.1 (obese range), is 52 years old, has 3 dependents. Combined with a strong Health Score (71/100), this places them in the Medium risk tier."
HW1518,40,male,29.9,87.2,2,no,west,4.0,1986-02-17,100.0,52.17,77.5,57.14,80.39,Excellent,40-49,Overweight,8451.46,Low,Low,8605.32,10584.54,Raised BMI,"The premium is low overall. The main factor pushing it up is that this customer has a BMI of 29.9 (overweight range), but with a strong Health Score (80/100) they still sit in the Low risk tier."
HW1519,34,female,27.8,79.5,1,yes,west,5.0,1992-09-21,0.0,65.22,86.95,71.43,40.6,Fair,30-39,Overweight,17203.87,Medium,Medium,18018.15,22162.33,Smoker; Raised BMI,"The premium is moderate mainly because this customer is a smoker, has a BMI of 27.8 (overweight range). Combined with a low Health Score (41/100), this places them in the Medium risk tier."
HW1520,43,female,27.6,80.8,1,yes,north,4.0,1983-12-27,0.0,45.65,87.85,57.14,35.07,Fair,40-49,Overweight,20277.88,Medium,Medium,18635.07,22921.13,Smoker; Raised BMI,"The premium is moderate mainly because this customer is a smoker, has a BMI of 27.6 (overweight range). Combined with a low Health Score (35/100), this places them in the Medium risk tier."
HW1521,25,male,23.6,71.0,0,no,west,5.0,2001-05-16,100.0,84.78,100.0,71.43,95.37,Excellent,18-29,Normal,7042.06,Low,Low,6718.61,8263.9,No elevated risk factors,"The premium is low because this customer is a non-smoker, has a healthy BMI of 23.6, is young (25). With a strong Health Score (95/100) they sit in the Low risk tier."
HW1522,46,male,28.5,79.9,0,no,west,4.0,1980-10-20,100.0,39.13,83.8,57.14,78.18,Excellent,40-49,Overweight,16163.47,Medium,Medium,15051.91,18513.85,Raised BMI,"The premium is moderate mainly because this customer has a BMI of 28.5 (overweight range). Combined with a strong Health Score (78/100), this places them in the Medium risk tier."
HW1523,43,female,33.3,94.6,2,no,south,4.0,1983-02-05,100.0,45.65,62.2,57.14,74.78,Good,40-49,Obese,14576.66,Medium,Medium,15830.34,19471.32,High BMI,"The premium is moderate mainly because this customer has a BMI of 33.3 (obese range). Combined with a strong Health Score (75/100), this places them in the Medium risk tier."
HW1524,27,male,22.2,64.2,2,no,east,5.0,1999-02-07,100.0,80.43,100.0,71.43,94.13,Excellent,18-29,Normal,7425.79,Low,Low,7307.5,8988.23,No elevated risk factors,"The premium is low because this customer is a non-smoker, has a healthy BMI of 22.2, is young (27). With a strong Health Score (94/100) they sit in the Low risk tier."
HW1525,43,male,28.0,78.8,4,yes,south,4.0,1983-11-25,0.0,45.65,86.05,57.14,34.63,Poor,40-49,Overweight,11948.73,Low,Medium,20160.27,24797.13,Smoker; Raised BMI; Dependents,"The premium is moderate mainly because this customer is a smoker, has a BMI of 28.0 (overweight range), has 4 dependents. Combined with a low Health Score (35/100), this places them in the Medium risk tier."
HW1526,51,male,34.2,95.2,0,no,south,3.0,1975-09-11,100.0,28.26,58.15,42.86,68.67,Good,50-64,Obese,15752.04,Medium,Medium,16389.71,20159.35,High BMI; Age,"The premium is moderate mainly because this customer has a BMI of 34.2 (obese range), is 51 years old. Combined with a mid-range Health Score (69/100), this places them in the Medium risk tier."
HW1527,58,male,31.0,91.8,4,no,east,2.0,1968-06-17,100.0,13.04,72.55,28.57,67.69,Good,50-64,Obese,45548.11,High,Medium,17427.01,21435.22,High BMI; Age; Low activity,"The premium is moderate mainly because this customer has a BMI of 31.0 (obese range), is 58 years old, exercises only 2x per week. Combined with a mid-range Health Score (68/100), this places them in the Medium risk tier."
HW1528,24,male,35.9,99.3,3,no,east,3.0,2002-06-05,100.0,86.96,50.5,42.86,83.65,Excellent,18-29,Obese,14921.03,Medium,Medium,15168.62,18657.4,High BMI; Dependents,"The premium is moderate mainly because this customer has a BMI of 35.9 (obese range), has 3 dependents. Combined with a strong Health Score (84/100), this places them in the Medium risk tier."
HW1529,21,female,24.6,70.3,4,no,west,6.0,2005-04-16,100.0,93.48,100.0,85.71,98.0,Excellent,18-29,Normal,7432.14,Low,Low,7197.72,8853.19,Dependents,"The premium is low overall. The main factor pushing it up is that this customer has 4 dependents, but with a strong Health Score (98/100) they still sit in the Low risk tier."
HW1530,62,female,17.0,50.6,1,no,west,5.0,1964-12-22,100.0,4.35,88.0,71.43,69.35,Good,50-64,Underweight,13754.77,Medium,Medium,14319.44,17612.91,Low BMI; Age,"The premium is moderate mainly because this customer has a BMI of 17.0 (underweight range), is 62 years old. Combined with a mid-range Health Score (69/100), this places them in the Medium risk tier."
HW1531,28,male,29.2,84.9,4,no,north,4.0,1998-06-16,100.0,78.26,80.65,57.14,88.65,Excellent,18-29,Overweight,7878.52,Low,Low,8384.05,10312.38,Raised BMI; Dependents,"The premium is low overall. The main factor pushing it up is that this customer has a BMI of 29.2 (overweight range), has 4 dependents, but with a strong Health Score (89/100) they still sit in the Low risk tier."
HW1532,46,male,30.2,86.5,2,no,south,3.0,1980-06-02,100.0,39.13,76.15,42.86,76.19,Excellent,40-49,Obese,16727.75,Medium,Medium,15840.75,19484.12,High BMI,"The premium is moderate mainly because this customer has a BMI of 30.2 (obese range). Combined with a strong Health Score (76/100), this places them in the Medium risk tier."
HW1533,53,male,36.2,102.4,3,yes,east,3.0,1973-07-20,0.0,23.91,49.15,42.86,19.25,Poor,50-64,Obese,53482.33,High,High,53296.77,65555.02,Smoker; High BMI; Age,"The premium is high mainly because this customer is a smoker, has a BMI of 36.2 (obese range), is 53 years old. Combined with a low Health Score (19/100), this places them in the High risk tier."
HW1534,42,female,35.1,102.1,1,no,west,4.0,1984-12-09,100.0,47.83,54.1,57.14,73.43,Good,40-49,Obese,15821.53,Medium,Medium,15759.81,19384.57,High BMI,"The premium is moderate mainly because this customer has a BMI of 35.1 (obese range). Combined with a strong Health Score (73/100), this places them in the Medium risk tier."
HW1535,38,male,31.2,88.2,4,no,east,3.0,1988-10-18,100.0,56.52,71.65,42.86,80.08,Excellent,30-39,Obese,15675.65,Medium,Medium,15962.6,19634.0,High BMI; Dependents,"The premium is moderate mainly because this customer has a BMI of 31.2 (obese range), has 4 dependents. Combined with a strong Health Score (80/100), this places them in the Medium risk tier."
HW1536,53,female,28.0,94.7,3,no,west,3.0,1973-05-14,100.0,23.91,86.05,42.86,74.24,Good,50-64,Overweight,9696.32,Low,Medium,16141.67,19854.25,Raised BMI; Age; Dependents,"The premium is moderate mainly because this customer has a BMI of 28.0 (overweight range), is 53 years old, has 3 dependents. Combined with a strong Health Score (74/100), this places them in the Medium risk tier."
HW1537,27,female,26.8,77.7,3,yes,north,3.0,1999-04-25,0.0,80.43,91.45,42.86,45.81,Fair,18-29,Overweight,18928.61,Medium,Medium,17695.9,21765.96,Smoker; Raised BMI; Dependents,"The premium is moderate mainly because this customer is a smoker, has a BMI of 26.8 (overweight range), has 3 dependents. Combined with a mid-range Health Score (46/100), this places them in the Medium risk tier."
HW1538,54,female,20.7,60.1,1,no,north,5.0,1972-04-08,100.0,21.74,100.0,71.43,77.27,Excellent,50-64,Normal,13540.57,Medium,Medium,14388.93,17698.39,Age,"The premium is moderate mainly because this customer is 54 years old. Combined with a strong Health Score (77/100), this places them in the Medium risk tier."
HW1539,26,male,28.7,81.7,4,yes,east,3.0,2000-08-22,0.0,82.61,82.9,42.86,44.35,Fair,18-29,Overweight,19340.25,Medium,Medium,18697.58,22998.03,Smoker; Raised BMI; Dependents,"The premium is moderate mainly because this customer is a smoker, has a BMI of 28.7 (overweight range), has 4 dependents. Combined with a low Health Score (44/100), this places them in the Medium risk tier."
HW1540,41,female,33.9,102.0,3,no,north,3.0,1985-06-16,100.0,50.0,59.5,42.86,75.24,Excellent,40-49,Obese,16079.24,Medium,Medium,15971.55,19645.01,High BMI; Dependents,"The premium is moderate mainly because this customer has a BMI of 33.9 (obese range), has 3 dependents. Combined with a strong Health Score (75/100), this places them in the Medium risk tier."
HW1541,52,male,31.9,92.9,3,no,east,4.0,1974-11-24,100.0,26.09,68.5,57.14,70.7,Good,50-64,Obese,16916.03,Medium,Medium,16873.95,20754.95,High BMI; Age; Dependents,"The premium is moderate mainly because this customer has a BMI of 31.9 (obese range), is 52 years old, has 3 dependents. Combined with a strong Health Score (71/100), this places them in the Medium risk tier."
HW1542,52,female,33.0,94.8,0,no,west,3.0,1974-12-10,100.0,26.09,63.55,42.86,69.37,Good,50-64,Obese,14399.0,Medium,Medium,15982.84,19658.89,High BMI; Age,"The premium is moderate mainly because this customer has a BMI of 33.0 (obese range), is 52 years old. Combined with a mid-range Health Score (69/100), this places them in the Medium risk tier."
HW1543,53,male,25.4,73.9,3,yes,south,5.0,1973-09-21,0.0,23.91,97.75,71.43,31.38,Poor,50-64,Overweight,45758.41,High,High,45444.65,55896.92,Smoker; Raised BMI; Age,"The premium is high mainly because this customer is a smoker, has a BMI of 25.4 (overweight range), is 53 years old. Combined with a low Health Score (31/100), this places them in the High risk tier."
HW1544,35,female,26.4,74.7,0,no,north,4.0,1991-11-17,100.0,63.04,93.25,57.14,87.36,Excellent,30-39,Overweight,7514.71,Low,Low,7081.51,8710.26,Raised BMI,"The premium is low overall. The main factor pushing it up is that this customer has a BMI of 26.4 (overweight range), but with a strong Health Score (87/100) they still sit in the Low risk tier."
HW1545,56,male,30.9,88.5,4,no,west,4.0,1970-01-18,100.0,17.39,73.0,57.14,69.3,Good,50-64,Obese,17873.58,Medium,Medium,17502.36,21527.91,High BMI; Age; Dependents,"The premium is moderate mainly because this customer has a BMI of 30.9 (obese range), is 56 years old, has 4 dependents. Combined with a mid-range Health Score (69/100), this places them in the Medium risk tier."
HW1546,49,female,24.7,76.2,4,no,south,5.0,1977-10-26,100.0,32.61,100.0,71.43,80.39,Excellent,40-49,Normal,14006.19,Medium,Medium,15557.51,19135.74,Dependents,"The premium is moderate mainly because this customer has 4 dependents. Combined with a strong Health Score (80/100), this places them in the Medium risk tier."
HW1547,41,male,24.9,70.4,4,no,south,3.0,1985-05-04,100.0,50.0,100.0,42.86,85.13,Excellent,40-49,Normal,9413.17,Low,Low,8770.4,10787.59,Dependents,"The premium is low overall. The main factor pushing it up is that this customer has 4 dependents, but with a strong Health Score (85/100) they still sit in the Low risk tier."
HW1548,40,male,29.8,86.0,2,no,south,4.0,1986-01-04,100.0,52.17,77.95,57.14,80.5,Excellent,40-49,Overweight,9425.56,Low,Low,8577.11,10549.84,Raised BMI,"The premium is low overall. The main factor pushing it up is that this customer has a BMI of 29.8 (overweight range), but with a strong Health Score (80/100) they still sit in the Low risk tier."
HW1549,49,male,32.6,93.3,4,no,west,3.0,1977-04-26,100.0,32.61,65.35,42.86,71.68,Good,40-49,Obese,17124.45,Medium,Medium,17189.67,21143.29,High BMI; Dependents,"The premium is moderate mainly because this customer has a BMI of 32.6 (obese range), has 4 dependents. Combined with a strong Health Score (72/100), this places them in the Medium risk tier."
HW1550,54,male,26.8,75.4,3,yes,west,3.0,1972-04-17,0.0,21.74,91.45,42.86,28.96,Poor,50-64,Overweight,51039.94,High,High,46630.34,57355.32,Smoker; Raised BMI; Age,"The premium is high mainly because this customer is a smoker, has a BMI of 26.8 (overweight range), is 54 years old. Combined with a low Health Score (29/100), this places them in the High risk tier."
HW1551,29,female,21.0,61.5,1,yes,east,5.0,1997-09-19,0.0,76.09,100.0,71.43,46.91,Fair,18-29,Normal,15588.4,Medium,Medium,16332.7,20089.23,Smoker,"The premium is moderate mainly because this customer is a smoker. Combined with a mid-range Health Score (47/100), this places them in the Medium risk tier."
HW1552,30,female,23.6,68.3,0,no,south,3.0,1996-04-05,100.0,73.91,100.0,42.86,92.0,Excellent,30-39,Normal,6115.56,Low,Low,6606.52,8126.02,No elevated risk factors,"The premium is low because this customer is a non-smoker, has a healthy BMI of 23.6, is young (30). With a strong Health Score (92/100) they sit in the Low risk tier."
HW1553,40,male,29.2,86.2,2,no,south,3.0,1986-07-16,100.0,52.17,80.65,42.86,81.03,Excellent,40-49,Overweight,8179.33,Low,Low,8509.66,10466.88,Raised BMI,"The premium is low overall. The main factor pushing it up is that this customer has a BMI of 29.2 (overweight range), but with a strong Health Score (81/100) they still sit in the Low risk tier."
HW1554,42,female,29.1,85.7,4,no,south,4.0,1984-06-05,100.0,47.83,81.1,57.14,80.02,Excellent,40-49,Overweight,8958.31,Low,Low,8858.37,10895.8,Raised BMI; Dependents,"The premium is low overall. The main factor pushing it up is that this customer has a BMI of 29.1 (overweight range), has 4 dependents, but with a strong Health Score (80/100) they still sit in the Low risk tier."
HW1555,52,male,29.4,86.8,4,yes,east,4.0,1974-08-16,0.0,26.09,79.75,57.14,27.48,Poor,50-64,Overweight,45488.97,High,High,48791.62,60013.69,Smoker; Raised BMI; Age,"The premium is high mainly because this customer is a smoker, has a BMI of 29.4 (overweight range), is 52 years old. Combined with a low Health Score (27/100), this places them in the High risk tier."
HW1556,58,male,31.1,88.0,1,yes,south,4.0,1968-01-23,0.0,13.04,72.1,57.14,21.86,Poor,50-64,Obese,48875.36,High,High,49157.87,60464.17,Smoker; High BMI; Age,"The premium is high mainly because this customer is a smoker, has a BMI of 31.1 (obese range), is 58 years old. Combined with a low Health Score (22/100), this places them in the High risk tier."
HW1557,47,female,28.0,82.2,1,no,west,4.0,1979-12-06,100.0,36.96,86.05,57.14,78.11,Excellent,40-49,Overweight,17446.1,Medium,Medium,14842.56,18256.35,Raised BMI,"The premium is moderate mainly because this customer has a BMI of 28.0 (overweight range). Combined with a strong Health Score (78/100), this places them in the Medium risk tier."
HW1558,34,male,29.6,86.9,2,yes,south,3.0,1992-11-16,0.0,65.22,78.85,42.86,38.36,Fair,30-39,Overweight,17804.56,Medium,Medium,18988.31,23355.62,Smoker; Raised BMI,"The premium is moderate mainly because this customer is a smoker, has a BMI of 29.6 (overweight range). Combined with a low Health Score (38/100), this places them in the Medium risk tier."
HW1559,37,male,27.7,78.0,0,no,north,4.0,1989-05-16,100.0,58.7,87.4,57.14,84.68,Excellent,30-39,Overweight,7589.8,Low,Low,7692.6,9461.9,Raised BMI,"The premium is low overall. The main factor pushing it up is that this customer has a BMI of 27.7 (overweight range), but with a strong Health Score (85/100) they still sit in the Low risk tier."
HW1560,42,female,34.9,100.2,4,yes,west,3.0,1984-07-19,0.0,47.83,55.0,42.86,27.55,Poor,40-49,Obese,47800.08,High,High,49238.19,60562.97,Smoker; High BMI; Dependents,"The premium is high mainly because this customer is a smoker, has a BMI of 34.9 (obese range), has 4 dependents. Combined with a low Health Score (28/100), this places them in the High risk tier."
HW1561,39,male,36.6,102.9,2,no,east,1.0,1987-01-09,100.0,54.35,47.35,14.29,73.27,Good,30-39,Obese,16136.66,Medium,Medium,16277.25,20021.02,High BMI; Low activity,"The premium is moderate mainly because this customer has a BMI of 36.6 (obese range), exercises only 1x per week. Combined with a strong Health Score (73/100), this places them in the Medium risk tier."
HW1562,30,male,20.9,61.7,3,no,south,5.0,1996-02-13,100.0,73.91,100.0,71.43,92.25,Excellent,30-39,Normal,7465.33,Low,Low,7665.41,9428.45,Dependents,"The premium is low overall. The main factor pushing it up is that this customer has 3 dependents, but with a strong Health Score (92/100) they still sit in the Low risk tier."
HW1563,36,male,26.5,77.9,3,yes,north,5.0,1990-10-15,0.0,60.87,92.8,71.43,40.78,Fair,30-39,Overweight,18487.39,Medium,Medium,18918.05,23269.2,Smoker; Raised BMI; Dependents,"The premium is moderate mainly because this customer is a smoker, has a BMI of 26.5 (overweight range), has 3 dependents. Combined with a low Health Score (41/100), this places them in the Medium risk tier."
HW1564,53,male,28.2,84.4,2,no,east,5.0,1973-03-24,100.0,23.91,85.15,71.43,74.27,Good,50-64,Overweight,16070.33,Medium,Medium,16083.55,19782.77,Raised BMI; Age,"The premium is moderate mainly because this customer has a BMI of 28.2 (overweight range), is 53 years old. Combined with a strong Health Score (74/100), this places them in the Medium risk tier."
HW1565,29,female,26.4,75.8,4,yes,east,5.0,1997-12-10,0.0,76.09,93.25,71.43,45.26,Fair,18-29,Overweight,18776.89,Medium,Medium,18195.18,22380.08,Smoker; Raised BMI; Dependents,"The premium is moderate mainly because this customer is a smoker, has a BMI of 26.4 (overweight range), has 4 dependents. Combined with a mid-range Health Score (45/100), this places them in the Medium risk tier."
HW1566,58,female,38.8,113.0,2,no,west,3.0,1968-09-13,100.0,13.04,37.45,42.86,59.25,Good,50-64,Obese,48733.62,High,Medium,18043.78,22193.85,High BMI; Age,"The premium is moderate mainly because this customer has a BMI of 38.8 (obese range), is 58 years old. Combined with a mid-range Health Score (59/100), this places them in the Medium risk tier."
HW1567,36,female,29.3,86.7,4,no,east,4.0,1990-03-22,100.0,60.87,80.2,57.14,83.55,Excellent,30-39,Overweight,8376.01,Low,Low,8471.21,10419.59,Raised BMI; Dependents,"The premium is low overall. The main factor pushing it up is that this customer has a BMI of 29.3 (overweight range), has 4 dependents, but with a strong Health Score (84/100) they still sit in the Low risk tier."
HW1568,29,male,23.2,65.5,1,no,east,6.0,1997-07-15,100.0,76.09,100.0,85.71,93.01,Excellent,18-29,Normal,7248.6,Low,Low,7256.29,8925.24,No elevated risk factors,"The premium is low because this customer is a non-smoker, has a healthy BMI of 23.2, is young (29). With a strong Health Score (93/100) they sit in the Low risk tier."
HW1569,26,male,31.6,89.5,2,no,east,5.0,2000-01-14,100.0,82.61,69.85,71.43,87.39,Excellent,18-29,Obese,14674.93,Medium,Medium,14313.14,17605.16,High BMI,"The premium is moderate mainly because this customer has a BMI of 31.6 (obese range). Combined with a strong Health Score (87/100), this places them in the Medium risk tier."
HW1570,24,female,29.6,84.1,4,no,east,3.0,2002-07-20,100.0,86.96,78.85,42.86,90.58,Excellent,18-29,Overweight,7251.9,Low,Low,7838.81,9641.74,Raised BMI; Dependents,"The premium is low overall. The main factor pushing it up is that this customer has a BMI of 29.6 (overweight range), has 4 dependents, but with a strong Health Score (91/100) they still sit in the Low risk tier."
HW1571,45,male,29.8,85.4,2,yes,south,4.0,1981-05-08,0.0,41.3,77.95,57.14,31.41,Poor,40-49,Overweight,46345.23,High,High,46337.22,56994.78,Smoker; Raised BMI,"The premium is high mainly because this customer is a smoker, has a BMI of 29.8 (overweight range). Combined with a low Health Score (31/100), this places them in the High risk tier."
HW1572,31,male,38.8,110.4,2,yes,south,2.0,1995-04-20,0.0,71.74,37.45,28.57,30.0,Poor,30-39,Obese,20074.02,Medium,High,49725.03,61161.78,Smoker; High BMI; Low activity,"The premium is high mainly because this customer is a smoker, has a BMI of 38.8 (obese range), exercises only 2x per week. Combined with a low Health Score (30/100), this places them in the High risk tier."
HW1573,48,male,30.1,85.6,4,no,south,3.0,1978-08-15,100.0,34.78,76.6,42.86,75.05,Excellent,40-49,Obese,17534.74,Medium,Medium,16737.79,20587.48,High BMI; Dependents,"The premium is moderate mainly because this customer has a BMI of 30.1 (obese range), has 4 dependents. Combined with a strong Health Score (75/100), this places them in the Medium risk tier."
HW1574,36,male,26.2,77.5,4,no,south,5.0,1990-05-13,100.0,60.87,94.15,71.43,87.08,Excellent,30-39,Overweight,9444.32,Low,Low,8645.28,10633.7,Raised BMI; Dependents,"The premium is low overall. The main factor pushing it up is that this customer has a BMI of 26.2 (overweight range), has 4 dependents, but with a strong Health Score (87/100) they still sit in the Low risk tier."
HW1575,64,female,16.3,46.9,0,no,north,6.0,1962-06-27,100.0,0.0,82.4,85.71,66.86,Good,50-64,Underweight,13314.64,Medium,Medium,14269.47,17551.45,Low BMI; Age,"The premium is moderate mainly because this customer has a BMI of 16.3 (underweight range), is 64 years old. Combined with a mid-range Health Score (67/100), this places them in the Medium risk tier."
HW1576,33,female,27.0,78.6,2,no,south,4.0,1993-05-17,100.0,67.39,90.55,57.14,87.95,Excellent,30-39,Overweight,8216.0,Low,Low,7594.02,9340.64,Raised BMI,"The premium is low overall. The main factor pushing it up is that this customer has a BMI of 27.0 (overweight range), but with a strong Health Score (88/100) they still sit in the Low risk tier."
HW1577,22,female,35.8,102.4,3,no,east,3.0,2004-07-06,100.0,91.3,50.95,42.86,85.01,Excellent,18-29,Obese,13121.46,Medium,Medium,14625.89,17989.84,High BMI; Dependents,"The premium is moderate mainly because this customer has a BMI of 35.8 (obese range), has 3 dependents. Combined with a strong Health Score (85/100), this places them in the Medium risk tier."
HW1578,52,male,27.5,78.2,2,no,south,5.0,1974-02-11,100.0,26.09,88.3,71.43,75.67,Excellent,50-64,Overweight,16170.61,Medium,Medium,15923.38,19585.75,Raised BMI; Age,"The premium is moderate mainly because this customer has a BMI of 27.5 (overweight range), is 52 years old. Combined with a strong Health Score (76/100), this places them in the Medium risk tier."
HW1579,29,female,16.0,46.8,2,no,south,6.0,1997-07-22,100.0,76.09,80.0,85.71,88.12,Excellent,18-29,Underweight,6637.0,Low,Low,6560.88,8069.88,Low BMI,"The premium is low overall. The main factor pushing it up is that this customer has a BMI of 16.0 (underweight range), but with a strong Health Score (88/100) they still sit in the Low risk tier."
HW1580,42,female,25.0,72.5,4,no,west,5.0,1984-05-08,100.0,47.83,99.55,71.43,84.65,Excellent,40-49,Overweight,7852.24,Low,Low,8558.9,10527.45,Raised BMI; Dependents,"The premium is low overall. The main factor pushing it up is that this customer has a BMI of 25.0 (overweight range), has 4 dependents, but with a strong Health Score (85/100) they still sit in the Low risk tier."
HW1581,38,male,34.0,99.8,2,no,east,3.0,1988-05-27,100.0,56.52,59.05,42.86,77.0,Excellent,30-39,Obese,15084.42,Medium,Medium,15708.34,19321.26,High BMI,"The premium is moderate mainly because this customer has a BMI of 34.0 (obese range). Combined with a strong Health Score (77/100), this places them in the Medium risk tier."
HW1582,53,male,31.3,93.1,2,yes,south,4.0,1973-02-22,0.0,23.91,71.2,57.14,24.76,Poor,50-64,Obese,47448.7,High,High,48869.26,60109.2,Smoker; High BMI; Age,"The premium is high mainly because this customer is a smoker, has a BMI of 31.3 (obese range), is 53 years old. Combined with a low Health Score (25/100), this places them in the High risk tier."
HW1583,40,female,23.0,65.1,3,yes,south,4.0,1986-12-17,0.0,52.17,100.0,57.14,39.91,Fair,40-49,Normal,17159.74,Medium,Medium,18375.79,22602.22,Smoker; Dependents,"The premium is moderate mainly because this customer is a smoker, has 3 dependents. Combined with a low Health Score (40/100), this places them in the Medium risk tier."
HW1584,33,female,24.6,72.8,4,yes,south,4.0,1993-05-14,0.0,67.39,100.0,57.14,44.28,Fair,30-39,Normal,15863.4,Medium,Medium,18345.43,22564.87,Smoker; Dependents,"The premium is moderate mainly because this customer is a smoker, has 4 dependents. Combined with a low Health Score (44/100), this places them in the Medium risk tier."
HW1585,56,female,25.5,71.5,2,yes,north,4.0,1970-06-15,0.0,17.39,97.3,57.14,29.27,Poor,50-64,Overweight,44841.95,High,High,45090.0,55460.7,Smoker; Raised BMI; Age,"The premium is high mainly because this customer is a smoker, has a BMI of 25.5 (overweight range), is 56 years old. Combined with a low Health Score (29/100), this places them in the High risk tier."
HW1586,62,female,24.0,73.5,1,no,south,4.0,1964-07-14,100.0,4.35,100.0,57.14,72.15,Good,50-64,Normal,15431.9,Medium,Medium,15640.92,19238.33,Age,"The premium is moderate mainly because this customer is 62 years old. Combined with a strong Health Score (72/100), this places them in the Medium risk tier."
HW1587,59,male,16.0,44.7,0,no,west,5.0,1967-02-01,100.0,10.87,80.0,71.43,69.27,Good,50-64,Underweight,13899.84,Medium,Medium,14032.14,17259.53,Low BMI; Age,"The premium is moderate mainly because this customer has a BMI of 16.0 (underweight range), is 59 years old. Combined with a mid-range Health Score (69/100), this places them in the Medium risk tier."
HW1588,56,female,32.6,95.6,3,no,east,3.0,1970-06-03,100.0,17.39,65.35,42.86,67.31,Good,50-64,Obese,17777.14,Medium,Medium,17019.49,20933.97,High BMI; Age; Dependents,"The premium is moderate mainly because this customer has a BMI of 32.6 (obese range), is 56 years old, has 3 dependents. Combined with a mid-range Health Score (67/100), this places them in the Medium risk tier."
HW1589,31,female,35.5,100.4,2,no,east,3.0,1995-05-12,100.0,71.74,52.3,42.86,79.73,Excellent,30-39,Obese,13190.95,Medium,Medium,15076.67,18544.31,High BMI,"The premium is moderate mainly because this customer has a BMI of 35.5 (obese range). Combined with a strong Health Score (80/100), this places them in the Medium risk tier."
HW1590,48,male,18.9,54.3,1,no,south,6.0,1978-11-13,100.0,34.78,100.0,85.71,81.15,Excellent,40-49,Normal,13419.05,Medium,Medium,13894.68,17090.46,No elevated risk factors,"The premium is moderate because this customer is a non-smoker, has a healthy BMI of 18.9, exercises 6x per week. With a strong Health Score (81/100) they sit in the Medium risk tier."
HW1591,22,female,35.5,105.7,2,yes,south,2.0,2004-02-17,0.0,91.3,52.3,28.57,39.24,Fair,18-29,Obese,49862.96,High,High,44791.53,55093.58,Smoker; High BMI; Low activity,"The premium is high mainly because this customer is a smoker, has a BMI of 35.5 (obese range), exercises only 2x per week. Combined with a low Health Score (39/100), this places them in the High risk tier."
HW1592,52,male,27.4,77.6,2,yes,south,4.0,1974-01-11,0.0,26.09,88.75,57.14,29.67,Poor,50-64,Overweight,47986.16,High,High,46181.51,56803.26,Smoker; Raised BMI; Age,"The premium is high mainly because this customer is a smoker, has a BMI of 27.4 (overweight range), is 52 years old. Combined with a low Health Score (30/100), this places them in the High risk tier."
HW1593,40,male,35.4,106.7,4,yes,east,2.0,1986-04-10,0.0,52.17,52.75,28.57,28.12,Poor,40-49,Obese,51916.43,High,High,50664.59,62317.45,Smoker; High BMI; Low activity,"The premium is high mainly because this customer is a smoker, has a BMI of 35.4 (obese range), exercises only 2x per week. Combined with a low Health Score (28/100), this places them in the High risk tier."
HW1594,46,male,28.2,81.5,4,no,east,4.0,1980-02-17,100.0,39.13,85.15,57.14,78.51,Excellent,40-49,Overweight,15231.06,Medium,Medium,16109.45,19814.63,Raised BMI; Dependents,"The premium is moderate mainly because this customer has a BMI of 28.2 (overweight range), has 4 dependents. Combined with a strong Health Score (79/100), this places them in the Medium risk tier."
HW1595,60,female,28.8,85.2,4,yes,north,5.0,1966-06-20,0.0,8.7,82.45,71.43,23.27,Poor,50-64,Overweight,48767.37,High,High,49211.4,60530.02,Smoker; Raised BMI; Age,"The premium is high mainly because this customer is a smoker, has a BMI of 28.8 (overweight range), is 60 years old. Combined with a low Health Score (23/100), this places them in the High risk tier."
HW1596,28,female,30.2,88.1,1,yes,west,4.0,1998-10-13,0.0,78.26,76.15,57.14,41.58,Fair,18-29,Obese,38310.25,High,High,42567.58,52358.12,Smoker; High BMI,"The premium is high mainly because this customer is a smoker, has a BMI of 30.2 (obese range). Combined with a low Health Score (42/100), this places them in the High risk tier."
HW1597,35,male,23.3,68.3,2,no,north,6.0,1991-12-15,100.0,63.04,100.0,85.71,89.26,Excellent,30-39,Normal,8127.47,Low,Low,7839.06,9642.05,No elevated risk factors,"The premium is low because this customer is a non-smoker, has a healthy BMI of 23.3, exercises 6x per week. With a strong Health Score (89/100) they sit in the Low risk tier."
HW1598,64,female,35.2,98.9,0,no,west,3.0,1962-07-27,100.0,0.0,53.65,42.86,59.46,Good,50-64,Obese,46560.54,High,High,44540.16,54784.4,High BMI; Age,"The premium is high mainly because this customer has a BMI of 35.2 (obese range), is 64 years old. Combined with a mid-range Health Score (59/100), this places them in the High risk tier."
HW1599,29,female,21.3,60.6,3,yes,north,4.0,1997-06-21,0.0,76.09,100.0,57.14,46.78,Fair,18-29,Normal,15684.18,Medium,Medium,17070.74,20997.01,Smoker; Dependents,"The premium is moderate mainly because this customer is a smoker, has 3 dependents. Combined with a mid-range Health Score (47/100), this places them in the Medium risk tier."
HW1600,26,male,25.6,76.4,4,no,east,4.0,2000-10-13,100.0,82.61,96.85,57.14,93.85,Excellent,18-29,Overweight,7486.5,Low,Low,8022.55,9867.73,Raised BMI; Dependents,"The premium is low overall. The main factor pushing it up is that this customer has a BMI of 25.6 (overweight range), has 4 dependents, but with a strong Health Score (94/100) they still sit in the Low risk tier."
HW1601,27,male,31.1,89.2,4,no,north,3.0,1999-12-12,100.0,80.43,72.1,42.86,87.06,Excellent,18-29,Obese,14834.17,Medium,Medium,15024.84,18480.55,High BMI; Dependents,"The premium is moderate mainly because this customer has a BMI of 31.1 (obese range), has 4 dependents. Combined with a strong Health Score (87/100), this places them in the Medium risk tier."
HW1602,61,female,24.9,72.2,2,no,west,5.0,1965-12-02,100.0,6.52,100.0,71.43,72.9,Good,50-64,Normal,16014.96,Medium,Medium,16005.89,19687.24,Age,"The premium is moderate mainly because this customer is 61 years old. Combined with a strong Health Score (73/100), this places them in the Medium risk tier."
HW1603,34,male,32.7,91.4,2,no,south,3.0,1992-05-25,100.0,65.22,64.9,42.86,80.93,Excellent,30-39,Obese,14728.45,Medium,Medium,15195.09,18689.96,High BMI,"The premium is moderate mainly because this customer has a BMI of 32.7 (obese range). Combined with a strong Health Score (81/100), this places them in the Medium risk tier."
HW1604,55,female,36.3,103.8,1,yes,west,4.0,1971-09-02,0.0,19.57,48.7,57.14,18.02,Poor,50-64,Obese,20825.17,Medium,High,51673.29,63558.15,Smoker; High BMI; Age,"The premium is high mainly because this customer is a smoker, has a BMI of 36.3 (obese range), is 55 years old. Combined with a low Health Score (18/100), this places them in the High risk tier."
HW1605,24,female,34.1,100.8,1,yes,south,3.0,2002-07-26,0.0,86.96,58.6,42.86,39.66,Fair,18-29,Obese,42776.62,High,High,43540.89,53555.29,Smoker; High BMI,"The premium is high mainly because this customer is a smoker, has a BMI of 34.1 (obese range). Combined with a low Health Score (40/100), this places them in the High risk tier."
HW1606,63,female,16.4,44.8,4,no,east,6.0,1963-04-13,100.0,2.17,83.2,85.71,67.68,Good,50-64,Underweight,15092.87,Medium,Medium,15238.93,18743.88,Low BMI; Age; Dependents,"The premium is moderate mainly because this customer has a BMI of 16.4 (underweight range), is 63 years old, has 4 dependents. Combined with a mid-range Health Score (68/100), this places them in the Medium risk tier."
HW1607,30,female,28.8,84.7,2,no,west,4.0,1996-03-11,100.0,73.91,82.45,57.14,87.84,Excellent,30-39,Overweight,7867.76,Low,Low,7567.73,9308.31,Raised BMI,"The premium is low overall. The main factor pushing it up is that this customer has a BMI of 28.8 (overweight range), but with a strong Health Score (88/100) they still sit in the Low risk tier."
HW1608,57,male,28.0,99.2,0,no,north,2.0,1969-01-19,100.0,15.22,86.05,28.57,71.61,Good,50-64,Overweight,9533.81,Low,Medium,16007.15,19688.8,Raised BMI; Age; Low activity,"The premium is moderate mainly because this customer has a BMI of 28.0 (overweight range), is 57 years old, exercises only 2x per week. Combined with a strong Health Score (72/100), this places them in the Medium risk tier."
HW1609,59,male,20.1,57.6,3,no,west,4.0,1967-11-09,100.0,10.87,100.0,57.14,74.03,Good,50-64,Normal,15492.63,Medium,Medium,15694.0,19303.62,Age; Dependents,"The premium is moderate mainly because this customer is 59 years old, has 3 dependents. Combined with a strong Health Score (74/100), this places them in the Medium risk tier."
HW1610,26,male,32.3,92.8,2,no,south,4.0,2000-09-07,100.0,82.61,66.7,57.14,86.49,Excellent,18-29,Obese,12800.67,Medium,Medium,14475.27,17804.58,High BMI,"The premium is moderate mainly because this customer has a BMI of 32.3 (obese range). Combined with a strong Health Score (86/100), this places them in the Medium risk tier."
HW1611,44,male,32.0,91.5,2,no,east,4.0,1982-03-19,100.0,43.48,68.05,57.14,75.59,Excellent,40-49,Obese,16820.35,Medium,Medium,15882.57,19535.56,High BMI,"The premium is moderate mainly because this customer has a BMI of 32.0 (obese range). Combined with a strong Health Score (76/100), this places them in the Medium risk tier."
HW1612,19,female,20.7,59.0,1,no,north,5.0,2007-04-07,100.0,97.83,100.0,71.43,99.12,Excellent,18-29,Normal,6022.87,Low,Low,5993.76,7372.32,No elevated risk factors,"The premium is low because this customer is a non-smoker, has a healthy BMI of 20.7, is young (19). With a strong Health Score (99/100) they sit in the Low risk tier."
HW1613,22,female,33.0,97.2,3,no,west,2.0,2004-07-12,100.0,91.3,63.55,28.57,87.96,Excellent,18-29,Obese,13537.04,Medium,Medium,14133.66,17384.4,High BMI; Low activity; Dependents,"The premium is moderate mainly because this customer has a BMI of 33.0 (obese range), exercises only 2x per week, has 3 dependents. Combined with a strong Health Score (88/100), this places them in the Medium risk tier."
HW1614,46,male,29.6,84.7,4,yes,south,4.0,1980-02-05,0.0,39.13,78.85,57.14,31.0,Poor,40-49,Overweight,21127.62,Medium,High,47249.27,58116.6,Smoker; Raised BMI; Dependents,"The premium is high mainly because this customer is a smoker, has a BMI of 29.6 (overweight range), has 4 dependents. Combined with a low Health Score (31/100), this places them in the High risk tier."
HW1615,54,female,31.9,95.8,2,no,north,3.0,1972-07-23,100.0,21.74,68.5,42.86,69.33,Good,50-64,Obese,15712.57,Medium,Medium,16570.99,20382.31,High BMI; Age,"The premium is moderate mainly because this customer has a BMI of 31.9 (obese range), is 54 years old. Combined with a mid-range Health Score (69/100), this places them in the Medium risk tier."
HW1616,55,female,22.2,64.8,4,yes,east,5.0,1971-06-26,0.0,19.57,100.0,71.43,30.68,Poor,50-64,Normal,43131.45,High,High,44035.18,54163.27,Smoker; Age; Dependents,"The premium is high mainly because this customer is a smoker, is 55 years old, has 4 dependents. Combined with a low Health Score (31/100), this places them in the High risk tier."
HW1617,36,female,28.9,82.4,2,yes,north,4.0,1990-10-12,0.0,60.87,82.0,57.14,38.01,Fair,30-39,Overweight,18818.83,Medium,Medium,18713.97,23018.18,Smoker; Raised BMI,"The premium is moderate mainly because this customer is a smoker, has a BMI of 28.9 (overweight range). Combined with a low Health Score (38/100), this places them in the Medium risk tier."
HW1618,25,male,17.8,53.4,4,no,east,6.0,2001-08-19,100.0,84.78,94.4,85.71,94.14,Excellent,18-29,Underweight,7018.65,Low,Low,7442.36,9154.1,Low BMI; Dependents,"The premium is low overall. The main factor pushing it up is that this customer has a BMI of 17.8 (underweight range), has 4 dependents, but with a strong Health Score (94/100) they still sit in the Low risk tier."
HW1619,62,male,16.0,47.5,3,yes,north,5.0,1964-01-03,0.0,4.35,80.0,71.43,21.42,Poor,50-64,Underweight,38417.78,High,Medium,19472.78,23951.52,Smoker; Low BMI; Age,"The premium is moderate mainly because this customer is a smoker, has a BMI of 16.0 (underweight range), is 62 years old. Combined with a low Health Score (21/100), this places them in the Medium risk tier."
HW1620,18,male,28.8,79.9,1,yes,west,4.0,2008-11-18,0.0,100.0,82.45,57.14,49.36,Fair,18-29,Overweight,15566.38,Medium,Medium,17196.4,21151.58,Smoker; Raised BMI,"The premium is moderate mainly because this customer is a smoker, has a BMI of 28.8 (overweight range). Combined with a mid-range Health Score (49/100), this places them in the Medium risk tier."
HW1621,39,female,34.6,97.9,3,yes,south,3.0,1987-02-02,0.0,54.35,56.35,42.86,29.75,Poor,30-39,Obese,49202.32,High,High,47992.05,59030.22,Smoker; High BMI; Dependents,"The premium is high mainly because this customer is a smoker, has a BMI of 34.6 (obese range), has 3 dependents. Combined with a low Health Score (30/100), this places them in the High risk tier."
HW1622,34,male,29.5,85.0,0,no,west,4.0,1992-05-01,100.0,65.22,79.3,57.14,84.57,Excellent,30-39,Overweight,7786.0,Low,Low,7688.78,9457.2,Raised BMI,"The premium is low overall. The main factor pushing it up is that this customer has a BMI of 29.5 (overweight range), but with a strong Health Score (85/100) they still sit in the Low risk tier."
HW1623,24,male,27.6,76.6,1,no,west,4.0,2002-10-20,100.0,86.96,87.85,57.14,92.9,Excellent,18-29,Overweight,7268.09,Low,Low,7215.97,8875.64,Raised BMI,"The premium is low overall. The main factor pushing it up is that this customer has a BMI of 27.6 (overweight range), but with a strong Health Score (93/100) they still sit in the Low risk tier."
HW1624,42,male,26.9,81.9,3,no,east,5.0,1984-10-05,100.0,47.83,91.0,71.43,82.57,Excellent,40-49,Overweight,8299.19,Low,Low,8796.87,10820.15,Raised BMI; Dependents,"The premium is low overall. The main factor pushing it up is that this customer has a BMI of 26.9 (overweight range), has 3 dependents, but with a strong Health Score (83/100) they still sit in the Low risk tier."
HW1625,62,male,22.3,66.1,0,yes,east,5.0,1964-02-21,0.0,4.35,100.0,71.43,26.31,Poor,50-64,Normal,43938.01,High,High,44402.94,54615.62,Smoker; Age,"The premium is high mainly because this customer is a smoker, is 62 years old. Combined with a low Health Score (26/100), this places them in the High risk tier."
HW1626,21,male,26.7,77.1,2,no,east,4.0,2005-10-15,100.0,93.48,91.9,57.14,95.77,Excellent,18-29,Overweight,7115.8,Low,Low,7251.9,8919.84,Raised BMI,"The premium is low overall. The main factor pushing it up is that this customer has a BMI of 26.7 (overweight range), but with a strong Health Score (96/100) they still sit in the Low risk tier."
HW1627,53,male,30.5,87.5,2,no,west,5.0,1973-04-08,100.0,23.91,74.8,71.43,71.74,Good,50-64,Obese,16084.94,Medium,Medium,16680.77,20517.35,High BMI; Age,"The premium is moderate mainly because this customer has a BMI of 30.5 (obese range), is 53 years old. Combined with a strong Health Score (72/100), this places them in the Medium risk tier."
HW1628,23,female,25.4,72.2,4,no,north,5.0,2003-01-12,100.0,89.13,97.75,71.43,96.07,Excellent,18-29,Overweight,7378.23,Low,Low,7411.95,9116.69,Raised BMI; Dependents,"The premium is low overall. The main factor pushing it up is that this customer has a BMI of 25.4 (overweight range), has 4 dependents, but with a strong Health Score (96/100) they still sit in the Low risk tier."
HW1629,48,female,32.5,90.0,1,no,north,3.0,1978-05-27,100.0,34.78,65.8,42.86,72.41,Good,40-49,Obese,15976.79,Medium,Medium,15752.12,19375.11,High BMI,"The premium is moderate mainly because this customer has a BMI of 32.5 (obese range). Combined with a strong Health Score (72/100), this places them in the Medium risk tier."
HW1630,36,male,29.2,80.9,2,yes,west,3.0,1990-12-26,0.0,60.87,80.65,42.86,37.56,Fair,30-39,Overweight,20850.91,Medium,Medium,18979.32,23344.57,Smoker; Raised BMI,"The premium is moderate mainly because this customer is a smoker, has a BMI of 29.2 (overweight range). Combined with a low Health Score (38/100), this places them in the Medium risk tier."
HW1631,61,male,29.9,90.2,1,no,west,3.0,1965-01-26,100.0,6.52,77.5,42.86,67.15,Good,50-64,Overweight,17485.76,Medium,Medium,16840.09,20713.31,Raised BMI; Age,"The premium is moderate mainly because this customer has a BMI of 29.9 (overweight range), is 61 years old. Combined with a mid-range Health Score (67/100), this places them in the Medium risk tier."
HW1632,56,female,33.3,99.4,2,no,south,4.0,1970-10-04,100.0,17.39,62.2,57.14,66.67,Good,50-64,Obese,17685.81,Medium,Medium,16915.91,20806.57,High BMI; Age,"The premium is moderate mainly because this customer has a BMI of 33.3 (obese range), is 56 years old. Combined with a mid-range Health Score (67/100), this places them in the Medium risk tier."
HW1633,44,female,24.8,70.5,4,no,east,4.0,1982-08-01,100.0,43.48,100.0,57.14,83.39,Excellent,40-49,Normal,9121.09,Low,Low,8614.71,10596.09,Dependents,"The premium is low overall. The main factor pushing it up is that this customer has 4 dependents, but with a strong Health Score (83/100) they still sit in the Low risk tier."
HW1634,27,male,32.0,94.3,3,no,east,3.0,1999-11-15,100.0,80.43,68.05,42.86,86.07,Excellent,18-29,Obese,14037.38,Medium,Medium,14629.39,17994.15,High BMI; Dependents,"The premium is moderate mainly because this customer has a BMI of 32.0 (obese range), has 3 dependents. Combined with a strong Health Score (86/100), this places them in the Medium risk tier."
HW1635,43,male,25.7,75.3,4,no,west,5.0,1983-02-01,100.0,45.65,96.4,71.43,83.26,Excellent,40-49,Overweight,8891.6,Low,Low,9084.44,11173.86,Raised BMI; Dependents,"The premium is low overall. The main factor pushing it up is that this customer has a BMI of 25.7 (overweight range), has 4 dependents, but with a strong Health Score (83/100) they still sit in the Low risk tier."
HW1636,36,male,30.0,87.9,0,no,west,4.0,1990-11-23,100.0,60.87,77.05,57.14,82.78,Excellent,30-39,Obese,13505.58,Medium,Medium,14415.1,17730.57,High BMI,"The premium is moderate mainly because this customer has a BMI of 30.0 (obese range). Combined with a strong Health Score (83/100), this places them in the Medium risk tier."
HW1637,56,male,24.1,66.8,2,no,north,5.0,1970-02-01,100.0,17.39,100.0,71.43,76.03,Excellent,50-64,Normal,15144.36,Medium,Medium,15777.79,19406.68,Age,"The premium is moderate mainly because this customer is 56 years old. Combined with a strong Health Score (76/100), this places them in the Medium risk tier."
HW1638,20,female,22.5,61.4,0,no,west,5.0,2006-12-16,100.0,95.65,100.0,71.43,98.5,Excellent,18-29,Normal,5807.29,Low,Low,6032.54,7420.03,No elevated risk factors,"The premium is low because this customer is a non-smoker, has a healthy BMI of 22.5, is young (20). With a strong Health Score (98/100) they sit in the Low risk tier."
HW1639,62,male,28.6,85.0,0,no,north,3.0,1964-06-22,100.0,4.35,83.35,42.86,67.96,Good,50-64,Overweight,15902.91,Medium,Medium,16368.65,20133.44,Raised BMI; Age,"The premium is moderate mainly because this customer has a BMI of 28.6 (overweight range), is 62 years old. Combined with a mid-range Health Score (68/100), this places them in the Medium risk tier."
HW1640,30,male,16.7,44.3,1,yes,west,6.0,1996-10-18,0.0,73.91,85.6,85.71,42.89,Fair,30-39,Underweight,16357.69,Medium,Medium,16121.46,19829.4,Smoker; Low BMI,"The premium is moderate mainly because this customer is a smoker, has a BMI of 16.7 (underweight range). Combined with a low Health Score (43/100), this places them in the Medium risk tier."
HW1641,45,male,26.2,75.4,2,no,south,5.0,1981-01-10,100.0,41.3,94.15,71.43,81.46,Excellent,40-49,Overweight,15480.56,Medium,Medium,15038.68,18497.57,Raised BMI,"The premium is moderate mainly because this customer has a BMI of 26.2 (overweight range). Combined with a strong Health Score (81/100), this places them in the Medium risk tier."
HW1642,37,male,18.4,52.4,0,no,south,5.0,1989-03-26,100.0,58.7,99.2,71.43,87.69,Excellent,30-39,Underweight,6504.24,Low,Low,7093.78,8725.35,Low BMI,"The premium is low overall. The main factor pushing it up is that this customer has a BMI of 18.4 (underweight range), but with a strong Health Score (88/100) they still sit in the Low risk tier."
HW1643,45,female,32.7,93.6,3,no,north,4.0,1981-05-16,100.0,41.3,64.9,57.14,74.19,Good,40-49,Obese,15780.13,Medium,Medium,16175.25,19895.56,High BMI; Dependents,"The premium is moderate mainly because this customer has a BMI of 32.7 (obese range), has 3 dependents. Combined with a strong Health Score (74/100), this places them in the Medium risk tier."
HW1644,25,female,34.3,99.8,0,yes,east,3.0,2001-06-03,0.0,84.78,57.7,42.86,38.82,Fair,18-29,Obese,43502.96,High,High,44628.23,54892.72,Smoker; High BMI,"The premium is high mainly because this customer is a smoker, has a BMI of 34.3 (obese range). Combined with a low Health Score (39/100), this places them in the High risk tier."
HW1645,58,female,22.8,64.5,3,no,south,4.0,1968-09-11,100.0,13.04,100.0,57.14,74.65,Good,50-64,Normal,14188.83,Medium,Medium,15639.25,19236.28,Age; Dependents,"The premium is moderate mainly because this customer is 58 years old, has 3 dependents. Combined with a strong Health Score (75/100), this places them in the Medium risk tier."
HW1646,56,male,30.6,89.2,1,no,north,4.0,1970-05-13,100.0,17.39,74.35,57.14,69.63,Good,50-64,Obese,9113.23,Low,Medium,16461.64,20247.81,High BMI; Age,"The premium is moderate mainly because this customer has a BMI of 30.6 (obese range), is 56 years old. Combined with a mid-range Health Score (70/100), this places them in the Medium risk tier."
HW1647,18,male,33.4,96.8,0,no,west,3.0,2008-02-26,100.0,100.0,61.75,42.86,90.15,Excellent,18-29,Obese,14008.11,Medium,Medium,13388.19,16467.47,High BMI,"The premium is moderate mainly because this customer has a BMI of 33.4 (obese range). Combined with a strong Health Score (90/100), this places them in the Medium risk tier."
HW1648,20,female,33.4,100.7,4,no,west,2.0,2006-06-24,100.0,95.65,61.75,28.57,88.77,Excellent,18-29,Obese,14886.52,Medium,Medium,14369.26,17674.18,High BMI; Low activity; Dependents,"The premium is moderate mainly because this customer has a BMI of 33.4 (obese range), exercises only 2x per week, has 4 dependents. Combined with a strong Health Score (89/100), this places them in the Medium risk tier."
HW1649,30,male,29.3,81.9,1,no,north,4.0,1996-11-22,100.0,73.91,80.2,57.14,87.29,Excellent,30-39,Overweight,7060.86,Low,Low,7747.72,9529.69,Raised BMI,"The premium is low overall. The main factor pushing it up is that this customer has a BMI of 29.3 (overweight range), but with a strong Health Score (87/100) they still sit in the Low risk tier."
HW1650,45,male,32.4,93.7,3,yes,east,2.0,1981-04-22,0.0,41.3,66.25,28.57,28.29,Poor,40-49,Obese,49659.83,High,High,48959.17,60219.78,Smoker; High BMI; Low activity,"The premium is high mainly because this customer is a smoker, has a BMI of 32.4 (obese range), exercises only 2x per week. Combined with a low Health Score (28/100), this places them in the High risk tier."
HW1651,42,female,24.1,70.5,1,no,north,4.0,1984-08-08,100.0,47.83,100.0,57.14,84.64,Excellent,40-49,Normal,7036.37,Low,Low,7697.83,9468.33,No elevated risk factors,"The premium is low because this customer is a non-smoker, has a healthy BMI of 24.1. With a strong Health Score (85/100) they sit in the Low risk tier."
HW1652,50,female,28.5,81.9,0,yes,north,6.0,1976-10-02,0.0,30.43,83.8,85.71,29.97,Poor,50-64,Overweight,44302.33,High,High,45176.69,55567.33,Smoker; Raised BMI; Age,"The premium is high mainly because this customer is a smoker, has a BMI of 28.5 (overweight range), is 50 years old. Combined with a low Health Score (30/100), this places them in the High risk tier."
HW1653,55,female,25.2,70.2,2,yes,south,5.0,1971-08-06,0.0,19.57,98.65,71.43,30.35,Poor,50-64,Overweight,44654.83,High,High,44459.23,54684.85,Smoker; Raised BMI; Age,"The premium is high mainly because this customer is a smoker, has a BMI of 25.2 (overweight range), is 55 years old. Combined with a low Health Score (30/100), this places them in the High risk tier."
HW1654,23,female,23.6,70.7,2,no,north,4.0,2003-02-17,100.0,89.13,100.0,57.14,96.5,Excellent,18-29,Normal,7106.75,Low,Low,6693.69,8233.23,No elevated risk factors,"The premium is low because this customer is a non-smoker, has a healthy BMI of 23.6, is young (23). With a strong Health Score (96/100) they sit in the Low risk tier."
HW1655,61,male,28.2,82.2,3,no,north,5.0,1965-06-13,100.0,6.52,85.15,71.43,69.28,Good,50-64,Overweight,17113.87,Medium,Medium,17274.02,21247.04,Raised BMI; Age; Dependents,"The premium is moderate mainly because this customer has a BMI of 28.2 (overweight range), is 61 years old, has 3 dependents. Combined with a mid-range Health Score (69/100), this places them in the Medium risk tier."
HW1656,62,male,30.1,84.5,3,no,west,3.0,1964-07-14,100.0,4.35,76.6,42.86,66.31,Good,50-64,Obese,40720.05,High,Medium,17616.21,21667.93,High BMI; Age; Dependents,"The premium is moderate mainly because this customer has a BMI of 30.1 (obese range), is 62 years old, has 3 dependents. Combined with a mid-range Health Score (66/100), this places them in the Medium risk tier."
HW1657,49,female,35.0,102.0,2,no,south,2.0,1977-10-21,100.0,32.61,54.55,28.57,68.91,Good,40-49,Obese,15489.45,Medium,Medium,16601.09,20419.35,High BMI; Low activity,"The premium is moderate mainly because this customer has a BMI of 35.0 (obese range), exercises only 2x per week. Combined with a mid-range Health Score (69/100), this places them in the Medium risk tier."
HW1658,62,male,29.6,88.9,3,no,west,3.0,1964-10-24,100.0,4.35,78.85,42.86,66.86,Good,50-64,Overweight,17769.19,Medium,Medium,17497.4,21521.81,Raised BMI; Age; Dependents,"The premium is moderate mainly because this customer has a BMI of 29.6 (overweight range), is 62 years old, has 3 dependents. Combined with a mid-range Health Score (67/100), this places them in the Medium risk tier."
HW1659,64,female,31.9,92.1,1,no,west,4.0,1962-11-13,100.0,0.0,68.5,57.14,63.21,Good,50-64,Obese,41254.16,High,High,42865.7,52724.82,High BMI; Age,"The premium is high mainly because this customer has a BMI of 31.9 (obese range), is 64 years old. Combined with a mid-range Health Score (63/100), this places them in the High risk tier."
HW1660,38,female,31.9,92.2,4,yes,east,4.0,1988-12-09,0.0,56.52,68.5,57.14,33.47,Poor,30-39,Obese,46219.35,High,High,47195.14,58050.02,Smoker; High BMI; Dependents,"The premium is high mainly because this customer is a smoker, has a BMI of 31.9 (obese range), has 4 dependents. Combined with a low Health Score (33/100), this places them in the High risk tier."
HW1661,33,male,44.1,130.6,4,no,east,1.0,1993-04-07,100.0,67.39,13.6,14.29,68.77,Good,30-39,Obese,18646.42,Medium,Medium,17610.58,21661.01,High BMI; Low activity; Dependents,"The premium is moderate mainly because this customer has a BMI of 44.1 (obese range), exercises only 1x per week, has 4 dependents. Combined with a mid-range Health Score (69/100), this places them in the Medium risk tier."
HW1662,38,female,17.1,47.5,1,no,south,4.0,1988-08-22,100.0,56.52,88.8,57.14,84.4,Excellent,30-39,Underweight,7093.7,Low,Low,6904.22,8492.19,Low BMI,"The premium is low overall. The main factor pushing it up is that this customer has a BMI of 17.1 (underweight range), but with a strong Health Score (84/100) they still sit in the Low risk tier."
HW1663,28,male,23.9,72.5,4,no,south,5.0,1998-02-07,100.0,78.26,100.0,71.43,93.5,Excellent,18-29,Normal,8706.1,Low,Low,8039.08,9888.07,Dependents,"The premium is low overall. The main factor pushing it up is that this customer has 4 dependents, but with a strong Health Score (94/100) they still sit in the Low risk tier."
HW1664,54,male,36.8,108.3,0,yes,east,4.0,1972-09-05,0.0,21.74,46.45,57.14,18.1,Poor,50-64,Obese,50047.24,High,High,52433.5,64493.21,Smoker; High BMI; Age,"The premium is high mainly because this customer is a smoker, has a BMI of 36.8 (obese range), is 54 years old. Combined with a low Health Score (18/100), this places them in the High risk tier."
HW1665,53,male,25.9,73.0,1,no,east,3.0,1973-02-04,100.0,23.91,95.5,42.86,76.54,Excellent,50-64,Overweight,14858.73,Medium,Medium,15249.13,18756.43,Raised BMI; Age,"The premium is moderate mainly because this customer has a BMI of 25.9 (overweight range), is 53 years old. Combined with a strong Health Score (77/100), this places them in the Medium risk tier."
HW1666,52,male,33.3,94.9,3,yes,east,3.0,1974-03-20,0.0,26.09,62.2,42.86,23.06,Poor,50-64,Obese,51055.64,High,High,51137.81,62899.5,Smoker; High BMI; Age,"The premium is high mainly because this customer is a smoker, has a BMI of 33.3 (obese range), is 52 years old. Combined with a low Health Score (23/100), this places them in the High risk tier."
HW1667,36,female,29.4,83.9,1,yes,east,4.0,1990-10-07,0.0,60.87,79.75,57.14,37.46,Fair,30-39,Overweight,20148.92,Medium,Medium,18198.73,22384.43,Smoker; Raised BMI,"The premium is moderate mainly because this customer is a smoker, has a BMI of 29.4 (overweight range). Combined with a low Health Score (37/100), this places them in the Medium risk tier."
HW1668,37,male,40.6,113.7,2,no,east,1.0,1989-10-08,100.0,58.7,29.35,14.29,70.12,Good,30-39,Obese,16207.62,Medium,Medium,16766.42,20622.7,High BMI; Low activity,"The premium is moderate mainly because this customer has a BMI of 40.6 (obese range), exercises only 1x per week. Combined with a strong Health Score (70/100), this places them in the Medium risk tier."
HW1669,35,female,21.3,62.1,3,no,west,4.0,1991-01-13,100.0,63.04,100.0,57.14,89.01,Excellent,30-39,Normal,7571.28,Low,Low,7548.06,9284.11,Dependents,"The premium is low overall. The main factor pushing it up is that this customer has 3 dependents, but with a strong Health Score (89/100) they still sit in the Low risk tier."
HW1670,64,female,35.3,100.3,2,no,south,3.0,1962-08-21,100.0,0.0,53.2,42.86,59.35,Good,50-64,Obese,47483.21,High,High,44775.07,55073.34,High BMI; Age,"The premium is high mainly because this customer has a BMI of 35.3 (obese range), is 64 years old. Combined with a mid-range Health Score (59/100), this places them in the High risk tier."
HW1671,58,female,38.5,111.9,3,no,west,2.0,1968-12-23,100.0,13.04,38.8,28.57,59.45,Good,50-64,Obese,46634.86,High,Medium,18274.65,22477.82,High BMI; Age; Low activity,"The premium is moderate mainly because this customer has a BMI of 38.5 (obese range), is 58 years old, exercises only 2x per week. Combined with a mid-range Health Score (59/100), this places them in the Medium risk tier."
HW1672,31,female,21.9,60.7,4,no,west,5.0,1995-11-27,100.0,71.74,100.0,71.43,91.63,Excellent,30-39,Normal,8071.0,Low,Low,7584.16,9328.51,Dependents,"The premium is low overall. The main factor pushing it up is that this customer has 4 dependents, but with a strong Health Score (92/100) they still sit in the Low risk tier."
HW1673,32,male,32.7,96.3,1,no,north,3.0,1994-01-02,100.0,69.57,64.9,42.86,82.18,Excellent,30-39,Obese,16487.74,Medium,Medium,14727.66,18115.02,High BMI,"The premium is moderate mainly because this customer has a BMI of 32.7 (obese range). Combined with a strong Health Score (82/100), this places them in the Medium risk tier."
HW1674,48,male,22.2,65.6,0,no,west,4.0,1978-01-05,100.0,34.78,100.0,57.14,80.89,Excellent,40-49,Normal,14321.61,Medium,Medium,14135.26,17386.38,No elevated risk factors,"The premium is moderate because this customer is a non-smoker, has a healthy BMI of 22.2. With a strong Health Score (81/100) they sit in the Medium risk tier."
HW1675,18,female,28.2,80.1,3,yes,east,2.0,2008-06-26,0.0,100.0,85.15,28.57,49.76,Fair,18-29,Overweight,9792.32,Low,Medium,16902.28,20789.81,Smoker; Raised BMI; Low activity,"The premium is moderate mainly because this customer is a smoker, has a BMI of 28.2 (overweight range), exercises only 2x per week. Combined with a mid-range Health Score (50/100), this places them in the Medium risk tier."
HW1676,20,female,26.5,77.3,3,no,east,4.0,2006-09-24,100.0,95.65,92.8,57.14,96.61,Excellent,18-29,Overweight,7404.33,Low,Low,7059.3,8682.93,Raised BMI; Dependents,"The premium is low overall. The main factor pushing it up is that this customer has a BMI of 26.5 (overweight range), has 3 dependents, but with a strong Health Score (97/100) they still sit in the Low risk tier."
HW1677,33,male,16.0,46.4,2,no,north,7.0,1993-07-21,100.0,67.39,80.0,100.0,85.75,Excellent,30-39,Underweight,6753.03,Low,Low,7236.27,8900.62,Low BMI,"The premium is low overall. The main factor pushing it up is that this customer has a BMI of 16.0 (underweight range), but with a strong Health Score (86/100) they still sit in the Low risk tier."
HW1678,40,female,30.5,91.1,4,no,north,3.0,1986-03-16,100.0,52.17,74.8,42.86,79.6,Excellent,40-49,Obese,14156.59,Medium,Medium,15663.89,19266.58,High BMI; Dependents,"The premium is moderate mainly because this customer has a BMI of 30.5 (obese range), has 4 dependents. Combined with a strong Health Score (80/100), this places them in the Medium risk tier."
HW1679,28,male,28.9,81.5,2,no,north,3.0,1998-09-13,100.0,78.26,82.0,42.86,88.85,Excellent,18-29,Overweight,7963.3,Low,Low,7846.58,9651.29,Raised BMI,"The premium is low overall. The main factor pushing it up is that this customer has a BMI of 28.9 (overweight range), but with a strong Health Score (89/100) they still sit in the Low risk tier."
HW1680,29,female,36.9,106.3,2,no,north,3.0,1997-05-03,100.0,76.09,46.0,42.86,79.44,Excellent,18-29,Obese,14434.38,Medium,Medium,15006.96,18458.57,High BMI,"The premium is moderate mainly because this customer has a BMI of 36.9 (obese range). Combined with a strong Health Score (79/100), this places them in the Medium risk tier."
HW1681,27,male,31.7,90.3,4,no,north,4.0,1999-03-19,100.0,80.43,69.4,57.14,86.53,Excellent,18-29,Obese,15918.48,Medium,Medium,15030.27,18487.23,High BMI; Dependents,"The premium is moderate mainly because this customer has a BMI of 31.7 (obese range), has 4 dependents. Combined with a strong Health Score (87/100), this places them in the Medium risk tier."
HW1682,49,female,41.7,120.6,0,no,west,1.0,1977-06-17,100.0,32.61,24.4,14.29,61.42,Good,40-49,Obese,17443.87,Medium,Low,9221.56,11342.52,High BMI; Low activity,"The premium is low overall. The main factor pushing it up is that this customer has a BMI of 41.7 (obese range), exercises only 1x per week, but with a mid-range Health Score (61/100) they still sit in the Low risk tier."
HW1683,33,female,28.6,83.7,2,yes,north,4.0,1993-11-04,0.0,67.39,83.35,57.14,40.22,Fair,30-39,Overweight,19315.23,Medium,Medium,18331.74,22548.04,Smoker; Raised BMI,"The premium is moderate mainly because this customer is a smoker, has a BMI of 28.6 (overweight range). Combined with a low Health Score (40/100), this places them in the Medium risk tier."
HW1684,25,male,27.4,77.9,2,no,west,4.0,2001-08-19,100.0,84.78,88.75,57.14,92.5,Excellent,18-29,Overweight,7051.26,Low,Low,7532.6,9265.1,Raised BMI,"The premium is low overall. The main factor pushing it up is that this customer has a BMI of 27.4 (overweight range), but with a strong Health Score (92/100) they still sit in the Low risk tier."
HW1685,55,female,26.9,77.0,3,no,south,4.0,1971-05-02,100.0,19.57,91.0,57.14,74.32,Good,50-64,Overweight,16868.38,Medium,Medium,16057.09,19750.22,Raised BMI; Age; Dependents,"The premium is moderate mainly because this customer has a BMI of 26.9 (overweight range), is 55 years old, has 3 dependents. Combined with a strong Health Score (74/100), this places them in the Medium risk tier."
HW1686,29,female,25.4,75.3,4,no,north,5.0,1997-02-11,100.0,76.09,97.75,71.43,92.33,Excellent,18-29,Overweight,6737.56,Low,Low,7761.83,9547.05,Raised BMI; Dependents,"The premium is low overall. The main factor pushing it up is that this customer has a BMI of 25.4 (overweight range), has 4 dependents, but with a strong Health Score (92/100) they still sit in the Low risk tier."
HW1687,41,male,16.0,49.0,1,yes,north,7.0,1985-07-10,0.0,50.0,80.0,100.0,34.79,Poor,40-49,Underweight,16067.35,Medium,Medium,16958.25,20858.65,Smoker; Low BMI,"The premium is moderate mainly because this customer is a smoker, has a BMI of 16.0 (underweight range). Combined with a low Health Score (35/100), this places them in the Medium risk tier."
HW1688,45,female,26.7,78.2,0,no,west,3.0,1981-03-05,100.0,41.3,91.9,42.86,80.66,Excellent,40-49,Overweight,14650.01,Medium,Medium,14274.36,17557.47,Raised BMI,"The premium is moderate mainly because this customer has a BMI of 26.7 (overweight range). Combined with a strong Health Score (81/100), this places them in the Medium risk tier."
HW1689,25,male,16.0,46.0,0,no,south,7.0,2001-03-06,100.0,84.78,80.0,100.0,90.75,Excellent,18-29,Underweight,5953.85,Low,Low,6248.68,7685.88,Low BMI,"The premium is low overall. The main factor pushing it up is that this customer has a BMI of 16.0 (underweight range), but with a strong Health Score (91/100) they still sit in the Low risk tier."
HW1690,45,male,30.7,88.3,4,no,west,4.0,1981-10-19,100.0,41.3,73.9,57.14,76.39,Excellent,40-49,Obese,16135.33,Medium,Medium,16515.3,20313.82,High BMI; Dependents,"The premium is moderate mainly because this customer has a BMI of 30.7 (obese range), has 4 dependents. Combined with a strong Health Score (76/100), this places them in the Medium risk tier."
HW1691,53,female,20.6,60.6,3,no,west,6.0,1973-08-18,100.0,23.91,100.0,85.71,78.03,Excellent,50-64,Normal,14739.51,Medium,Medium,14803.49,18208.29,Age; Dependents,"The premium is moderate mainly because this customer is 53 years old, has 3 dependents. Combined with a strong Health Score (78/100), this places them in the Medium risk tier."
HW1692,43,female,28.0,65.8,3,no,north,5.0,1983-03-24,100.0,45.65,86.05,71.43,80.73,Excellent,40-49,Overweight,8777.88,Low,Low,8468.59,10416.36,Raised BMI; Dependents,"The premium is low overall. The main factor pushing it up is that this customer has a BMI of 28.0 (overweight range), has 3 dependents, but with a strong Health Score (81/100) they still sit in the Low risk tier."
HW1693,25,female,24.0,66.1,4,no,east,5.0,2001-08-17,100.0,84.78,100.0,71.43,95.37,Excellent,18-29,Normal,6555.2,Low,Low,7497.46,9221.88,Dependents,"The premium is low overall. The main factor pushing it up is that this customer has 4 dependents, but with a strong Health Score (95/100) they still sit in the Low risk tier."
HW1694,45,female,26.8,78.6,3,no,east,5.0,1981-08-10,100.0,41.3,91.45,71.43,80.8,Excellent,40-49,Overweight,16122.84,Medium,Medium,15108.0,18582.84,Raised BMI; Dependents,"The premium is moderate mainly because this customer has a BMI of 26.8 (overweight range), has 3 dependents. Combined with a strong Health Score (81/100), this places them in the Medium risk tier."
HW1695,45,female,28.0,79.2,0,no,west,4.0,1981-02-12,100.0,41.3,86.05,57.14,79.36,Excellent,40-49,Overweight,15491.71,Medium,Medium,14498.13,17832.7,Raised BMI,"The premium is moderate mainly because this customer has a BMI of 28.0 (overweight range). Combined with a strong Health Score (79/100), this places them in the Medium risk tier."
HW1696,54,female,34.5,96.9,0,yes,north,2.0,1972-07-06,0.0,21.74,56.8,28.57,20.37,Poor,50-64,Obese,48777.13,High,High,50290.9,61857.8,Smoker; High BMI; Age,"The premium is high mainly because this customer is a smoker, has a BMI of 34.5 (obese range), is 54 years old. Combined with a low Health Score (20/100), this places them in the High risk tier."
HW1697,58,female,24.5,67.5,1,no,south,5.0,1968-02-21,100.0,13.04,100.0,71.43,74.78,Good,50-64,Normal,14594.6,Medium,Medium,15270.18,18782.32,Age,"The premium is moderate mainly because this customer is 58 years old. Combined with a strong Health Score (75/100), this places them in the Medium risk tier."
HW1698,53,male,30.9,88.9,4,no,east,3.0,1973-07-24,100.0,23.91,73.0,42.86,71.05,Good,50-64,Obese,17190.83,Medium,Medium,17241.69,21207.27,High BMI; Age; Dependents,"The premium is moderate mainly because this customer has a BMI of 30.9 (obese range), is 53 years old, has 4 dependents. Combined with a strong Health Score (71/100), this places them in the Medium risk tier."
HW1699,44,female,44.4,126.3,2,no,south,2.0,1982-03-17,100.0,43.48,12.25,28.57,61.7,Good,40-49,Obese,17127.45,Medium,Medium,17724.1,21800.65,High BMI; Low activity,"The premium is moderate mainly because this customer has a BMI of 44.4 (obese range), exercises only 2x per week. Combined with a mid-range Health Score (62/100), this places them in the Medium risk tier."
HW1700,34,male,30.3,82.9,2,yes,east,4.0,1992-07-21,0.0,65.22,75.7,57.14,37.72,Fair,30-39,Obese,45475.6,High,High,44831.33,55142.54,Smoker; High BMI,"The premium is high mainly because this customer is a smoker, has a BMI of 30.3 (obese range). Combined with a low Health Score (38/100), this places them in the High risk tier."
HW1701,26,female,26.9,77.0,1,no,north,3.0,2000-05-23,100.0,82.61,91.0,42.86,92.3,Excellent,18-29,Overweight,7175.76,Low,Low,6934.69,8529.67,Raised BMI,"The premium is low overall. The main factor pushing it up is that this customer has a BMI of 26.9 (overweight range), but with a strong Health Score (92/100) they still sit in the Low risk tier."
HW1702,50,female,23.3,66.4,1,yes,west,4.0,1976-01-08,0.0,30.43,100.0,57.14,33.67,Poor,50-64,Normal,39347.96,High,High,42236.09,51950.39,Smoker; Age,"The premium is high mainly because this customer is a smoker, is 50 years old. Combined with a low Health Score (34/100), this places them in the High risk tier."
HW1703,37,male,26.8,77.2,3,yes,south,4.0,1989-12-14,0.0,58.7,91.45,57.14,39.7,Fair,30-39,Overweight,18410.68,Medium,Medium,19110.62,23506.06,Smoker; Raised BMI; Dependents,"The premium is moderate mainly because this customer is a smoker, has a BMI of 26.8 (overweight range), has 3 dependents. Combined with a low Health Score (40/100), this places them in the Medium risk tier."
HW1704,30,female,22.7,64.3,1,no,south,5.0,1996-10-15,100.0,73.91,100.0,71.43,92.25,Excellent,30-39,Normal,6332.69,Low,Low,6911.94,8501.69,No elevated risk factors,"The premium is low because this customer is a non-smoker, has a healthy BMI of 22.7, is young (30). With a strong Health Score (92/100) they sit in the Low risk tier."
HW1705,45,female,29.6,89.2,1,no,west,2.0,1981-05-24,100.0,41.3,78.85,28.57,77.34,Excellent,40-49,Overweight,15096.22,Medium,Medium,15079.32,18547.56,Raised BMI; Low activity,"The premium is moderate mainly because this customer has a BMI of 29.6 (overweight range), exercises only 2x per week. Combined with a strong Health Score (77/100), this places them in the Medium risk tier."
HW1706,46,male,28.6,83.7,2,no,south,5.0,1980-10-15,100.0,39.13,83.35,71.43,78.2,Excellent,40-49,Overweight,16403.1,Medium,Medium,15571.01,19152.34,Raised BMI,"The premium is moderate mainly because this customer has a BMI of 28.6 (overweight range). Combined with a strong Health Score (78/100), this places them in the Medium risk tier."
HW1707,30,female,16.0,45.2,3,no,east,6.0,1996-10-21,100.0,73.91,80.0,85.71,87.5,Excellent,30-39,Underweight,6346.95,Low,Low,6874.67,8455.85,Low BMI; Dependents,"The premium is low overall. The main factor pushing it up is that this customer has a BMI of 16.0 (underweight range), has 3 dependents, but with a strong Health Score (88/100) they still sit in the Low risk tier."
HW1708,63,female,27.9,80.5,1,yes,west,4.0,1963-12-07,0.0,2.17,86.5,57.14,22.26,Poor,50-64,Overweight,49162.5,High,High,47786.79,58777.76,Smoker; Raised BMI; Age,"The premium is high mainly because this customer is a smoker, has a BMI of 27.9 (overweight range), is 63 years old. Combined with a low Health Score (22/100), this places them in the High risk tier."
HW1709,52,female,34.5,102.5,1,no,east,3.0,1974-10-03,100.0,26.09,56.8,42.86,67.72,Good,50-64,Obese,15617.68,Medium,Medium,16424.94,20202.67,High BMI; Age,"The premium is moderate mainly because this customer has a BMI of 34.5 (obese range), is 52 years old. Combined with a mid-range Health Score (68/100), this places them in the Medium risk tier."
HW1710,23,male,25.6,75.9,3,no,east,5.0,2003-02-06,100.0,89.13,96.85,71.43,95.85,Excellent,18-29,Overweight,7901.38,Low,Low,7600.23,9348.28,Raised BMI; Dependents,"The premium is low overall. The main factor pushing it up is that this customer has a BMI of 25.6 (overweight range), has 3 dependents, but with a strong Health Score (96/100) they still sit in the Low risk tier."
HW1711,35,female,24.1,66.9,4,yes,north,6.0,1991-05-09,0.0,63.04,100.0,85.71,43.29,Fair,30-39,Normal,18107.64,Medium,Medium,18442.88,22684.74,Smoker; Dependents,"The premium is moderate mainly because this customer is a smoker, has 4 dependents. Combined with a low Health Score (43/100), this places them in the Medium risk tier."
HW1712,22,female,19.7,55.0,3,no,east,5.0,2004-10-04,100.0,91.3,100.0,71.43,97.25,Excellent,18-29,Normal,6447.23,Low,Low,6665.68,8198.78,Dependents,"The premium is low overall. The main factor pushing it up is that this customer has 3 dependents, but with a strong Health Score (97/100) they still sit in the Low risk tier."
HW1713,64,female,16.9,47.3,2,no,north,7.0,1962-11-03,100.0,0.0,87.2,100.0,68.16,Good,50-64,Underweight,15750.21,Medium,Medium,14812.89,18219.85,Low BMI; Age,"The premium is moderate mainly because this customer has a BMI of 16.9 (underweight range), is 64 years old. Combined with a mid-range Health Score (68/100), this places them in the Medium risk tier."
HW1714,42,female,33.0,94.5,4,no,south,3.0,1984-09-24,100.0,47.83,63.55,42.86,75.61,Excellent,40-49,Obese,17738.92,Medium,Medium,16240.05,19975.26,High BMI; Dependents,"The premium is moderate mainly because this customer has a BMI of 33.0 (obese range), has 4 dependents. Combined with a strong Health Score (76/100), this places them in the Medium risk tier."
HW1715,19,male,26.9,76.6,0,no,south,4.0,2007-06-17,100.0,97.83,91.0,57.14,96.79,Excellent,18-29,Overweight,5818.21,Low,Low,6654.23,8184.71,Raised BMI,"The premium is low overall. The main factor pushing it up is that this customer has a BMI of 26.9 (overweight range), but with a strong Health Score (97/100) they still sit in the Low risk tier."
HW1716,27,male,32.6,94.3,3,no,north,5.0,1999-10-13,100.0,80.43,65.35,71.43,85.66,Excellent,18-29,Obese,15372.49,Medium,Medium,14804.07,18209.01,High BMI; Dependents,"The premium is moderate mainly because this customer has a BMI of 32.6 (obese range), has 3 dependents. Combined with a strong Health Score (86/100), this places them in the Medium risk tier."
HW1717,47,female,37.2,109.0,2,no,east,3.0,1979-12-27,100.0,36.96,44.65,42.86,67.87,Good,40-49,Obese,16920.6,Medium,Medium,16742.4,20593.15,High BMI,"The premium is moderate mainly because this customer has a BMI of 37.2 (obese range). Combined with a mid-range Health Score (68/100), this places them in the Medium risk tier."
HW1718,62,female,33.5,98.6,4,no,west,4.0,1964-01-22,100.0,4.35,61.3,57.14,62.7,Good,50-64,Obese,45739.19,High,High,44517.87,54756.98,High BMI; Age; Dependents,"The premium is high mainly because this customer has a BMI of 33.5 (obese range), is 62 years old, has 4 dependents. Combined with a mid-range Health Score (63/100), this places them in the High risk tier."
HW1719,22,male,24.7,70.7,3,yes,west,4.0,2004-03-19,0.0,91.3,100.0,57.14,51.15,Fair,18-29,Normal,16141.34,Medium,Medium,17462.61,21479.01,Smoker; Dependents,"The premium is moderate mainly because this customer is a smoker, has 3 dependents. Combined with a mid-range Health Score (51/100), this places them in the Medium risk tier."
HW1720,50,male,28.9,80.3,1,no,north,3.0,1976-06-13,100.0,30.43,82.0,42.86,75.12,Excellent,50-64,Overweight,14776.11,Medium,Medium,15805.51,19440.77,Raised BMI; Age,"The premium is moderate mainly because this customer has a BMI of 28.9 (overweight range), is 50 years old. Combined with a strong Health Score (75/100), this places them in the Medium risk tier."
HW1721,18,female,24.3,68.1,3,no,south,5.0,2008-03-13,100.0,100.0,100.0,71.43,99.74,Excellent,18-29,Normal,6471.86,Low,Low,6860.36,8438.24,Dependents,"The premium is low overall. The main factor pushing it up is that this customer has 3 dependents, but with a strong Health Score (100/100) they still sit in the Low risk tier."
HW1722,35,male,23.8,67.7,0,no,south,6.0,1991-11-26,100.0,63.04,100.0,85.71,89.26,Excellent,30-39,Normal,7499.88,Low,Low,7380.84,9078.43,No elevated risk factors,"The premium is low because this customer is a non-smoker, has a healthy BMI of 23.8, exercises 6x per week. With a strong Health Score (89/100) they sit in the Low risk tier."
HW1723,49,female,30.1,84.5,3,no,west,3.0,1977-06-21,100.0,32.61,76.6,42.86,74.42,Good,40-49,Obese,38056.22,High,Medium,16118.53,19825.79,High BMI; Dependents,"The premium is moderate mainly because this customer has a BMI of 30.1 (obese range), has 3 dependents. Combined with a strong Health Score (74/100), this places them in the Medium risk tier."
HW1724,64,male,23.0,68.8,4,no,north,5.0,1962-04-24,100.0,0.0,100.0,71.43,71.03,Good,50-64,Normal,16629.28,Medium,Medium,16829.84,20700.71,Age; Dependents,"The premium is moderate mainly because this customer is 64 years old, has 4 dependents. Combined with a strong Health Score (71/100), this places them in the Medium risk tier."
HW1725,28,male,16.0,43.9,4,no,west,7.0,1998-02-15,100.0,78.26,80.0,100.0,88.87,Excellent,18-29,Underweight,7733.74,Low,Low,7398.18,9099.76,Low BMI; Dependents,"The premium is low overall. The main factor pushing it up is that this customer has a BMI of 16.0 (underweight range), has 4 dependents, but with a strong Health Score (89/100) they still sit in the Low risk tier."
HW1726,38,male,22.7,66.8,3,yes,east,5.0,1988-12-27,0.0,56.52,100.0,71.43,41.29,Fair,30-39,Normal,20439.93,Medium,Medium,18428.29,22666.8,Smoker; Dependents,"The premium is moderate mainly because this customer is a smoker, has 3 dependents. Combined with a low Health Score (41/100), this places them in the Medium risk tier."
HW1727,43,male,26.2,72.4,4,no,east,5.0,1983-07-20,100.0,45.65,94.15,71.43,82.71,Excellent,40-49,Overweight,9417.64,Low,Low,9101.29,11194.59,Raised BMI; Dependents,"The premium is low overall. The main factor pushing it up is that this customer has a BMI of 26.2 (overweight range), has 4 dependents, but with a strong Health Score (83/100) they still sit in the Low risk tier."
HW1728,42,female,37.1,108.5,1,no,north,3.0,1984-02-23,100.0,47.83,45.1,42.86,71.1,Good,40-49,Obese,16741.46,Medium,Medium,16017.2,19701.16,High BMI,"The premium is moderate mainly because this customer has a BMI of 37.1 (obese range). Combined with a strong Health Score (71/100), this places them in the Medium risk tier."
HW1729,39,male,25.1,72.3,3,yes,north,4.0,1987-01-04,0.0,54.35,99.1,57.14,40.32,Fair,30-39,Overweight,18959.33,Medium,Medium,18978.98,23344.15,Smoker; Raised BMI; Dependents,"The premium is moderate mainly because this customer is a smoker, has a BMI of 25.1 (overweight range), has 3 dependents. Combined with a low Health Score (40/100), this places them in the Medium risk tier."
HW1730,44,male,31.1,92.9,1,no,east,4.0,1982-09-14,100.0,43.48,72.1,57.14,76.57,Excellent,40-49,Obese,14776.46,Medium,Medium,15425.05,18972.81,High BMI,"The premium is moderate mainly because this customer has a BMI of 31.1 (obese range). Combined with a strong Health Score (77/100), this places them in the Medium risk tier."
HW1731,30,female,27.0,75.8,1,no,south,5.0,1996-04-13,100.0,73.91,90.55,71.43,89.95,Excellent,30-39,Overweight,7063.32,Low,Low,7165.08,8813.05,Raised BMI,"The premium is low overall. The main factor pushing it up is that this customer has a BMI of 27.0 (overweight range), but with a strong Health Score (90/100) they still sit in the Low risk tier."
HW1732,50,male,35.4,101.2,2,no,north,2.0,1976-03-26,100.0,30.43,52.75,28.57,67.85,Good,50-64,Obese,17169.89,Medium,Medium,17033.45,20951.14,High BMI; Age; Low activity,"The premium is moderate mainly because this customer has a BMI of 35.4 (obese range), is 50 years old, exercises only 2x per week. Combined with a mid-range Health Score (68/100), this places them in the Medium risk tier."
HW1733,51,male,34.9,100.1,3,yes,east,3.0,1975-10-18,0.0,28.26,55.0,42.86,21.93,Poor,50-64,Obese,49486.75,High,High,51995.42,63954.37,Smoker; High BMI; Age,"The premium is high mainly because this customer is a smoker, has a BMI of 34.9 (obese range), is 51 years old. Combined with a low Health Score (22/100), this places them in the High risk tier."
HW1734,58,female,35.1,101.1,4,yes,east,2.0,1968-03-01,0.0,13.04,54.1,28.57,17.21,Poor,50-64,Obese,54302.22,High,High,53077.42,65285.22,Smoker; High BMI; Age,"The premium is high mainly because this customer is a smoker, has a BMI of 35.1 (obese range), is 58 years old. Combined with a low Health Score (17/100), this places them in the High risk tier."
HW1735,52,male,17.6,50.2,1,no,south,5.0,1974-10-24,100.0,26.09,92.8,71.43,76.76,Excellent,50-64,Underweight,15275.51,Medium,Medium,13918.28,17119.48,Low BMI; Age,"The premium is moderate mainly because this customer has a BMI of 17.6 (underweight range), is 52 years old. Combined with a strong Health Score (77/100), this places them in the Medium risk tier."
HW1736,18,female,29.2,83.7,2,yes,south,4.0,2008-01-03,0.0,100.0,80.65,57.14,48.92,Fair,18-29,Overweight,17176.18,Medium,Medium,17077.68,21005.55,Smoker; Raised BMI,"The premium is moderate mainly because this customer is a smoker, has a BMI of 29.2 (overweight range). Combined with a mid-range Health Score (49/100), this places them in the Medium risk tier."
HW1737,38,female,32.6,93.5,3,no,south,3.0,1988-03-13,100.0,56.52,65.35,42.86,78.54,Excellent,30-39,Obese,16353.67,Medium,Medium,15511.8,19079.51,High BMI; Dependents,"The premium is moderate mainly because this customer has a BMI of 32.6 (obese range), has 3 dependents. Combined with a strong Health Score (79/100), this places them in the Medium risk tier."
HW1738,23,female,30.3,83.4,3,no,south,3.0,2003-02-14,100.0,89.13,75.7,42.86,90.43,Excellent,18-29,Obese,14626.59,Medium,Medium,13814.1,16991.34,High BMI; Dependents,"The premium is moderate mainly because this customer has a BMI of 30.3 (obese range), has 3 dependents. Combined with a strong Health Score (90/100), this places them in the Medium risk tier."
HW1739,45,female,31.8,93.9,0,yes,west,3.0,1981-05-26,0.0,41.3,68.95,42.86,29.08,Poor,40-49,Obese,44357.63,High,High,46409.81,57084.06,Smoker; High BMI,"The premium is high mainly because this customer is a smoker, has a BMI of 31.8 (obese range). Combined with a low Health Score (29/100), this places them in the High risk tier."
HW1740,34,male,28.4,87.8,0,yes,south,4.0,1992-03-19,0.0,65.22,84.25,57.14,39.81,Fair,30-39,Overweight,16777.97,Medium,Medium,18261.86,22462.09,Smoker; Raised BMI,"The premium is moderate mainly because this customer is a smoker, has a BMI of 28.4 (overweight range). Combined with a low Health Score (40/100), this places them in the Medium risk tier."
HW1741,22,female,23.5,68.5,1,no,west,4.0,2004-08-04,100.0,91.3,100.0,57.14,97.12,Excellent,18-29,Normal,6225.44,Low,Low,6446.9,7929.69,No elevated risk factors,"The premium is low because this customer is a non-smoker, has a healthy BMI of 23.5, is young (22). With a strong Health Score (97/100) they sit in the Low risk tier."
HW1742,48,male,17.8,49.2,0,no,north,4.0,1978-04-19,100.0,34.78,94.4,57.14,79.52,Excellent,40-49,Underweight,13350.29,Medium,Medium,13319.6,16383.1,Low BMI,"The premium is moderate mainly because this customer has a BMI of 17.8 (underweight range). Combined with a strong Health Score (80/100), this places them in the Medium risk tier."
HW1743,22,male,24.1,67.6,1,no,east,4.0,2004-11-01,100.0,91.3,100.0,57.14,97.12,Excellent,18-29,Normal,6359.74,Low,Low,6853.16,8429.39,No elevated risk factors,"The premium is low because this customer is a non-smoker, has a healthy BMI of 24.1, is young (22). With a strong Health Score (97/100) they sit in the Low risk tier."
HW1744,55,male,44.1,128.7,4,no,west,2.0,1971-08-15,100.0,19.57,13.6,28.57,55.17,Good,50-64,Obese,21143.0,Medium,Medium,19659.64,24181.36,High BMI; Age; Low activity,"The premium is moderate mainly because this customer has a BMI of 44.1 (obese range), is 55 years old, exercises only 2x per week. Combined with a mid-range Health Score (55/100), this places them in the Medium risk tier."
HW1745,20,male,25.1,73.3,1,no,north,5.0,2006-01-07,100.0,95.65,99.1,71.43,98.28,Excellent,18-29,Overweight,7734.96,Low,Low,6717.73,8262.81,Raised BMI,"The premium is low overall. The main factor pushing it up is that this customer has a BMI of 25.1 (overweight range), but with a strong Health Score (98/100) they still sit in the Low risk tier."
HW1746,40,male,16.2,46.2,0,no,north,5.0,1986-05-20,100.0,52.17,81.6,71.43,81.52,Excellent,40-49,Underweight,7176.64,Low,Low,7063.76,8688.43,Low BMI,"The premium is low overall. The main factor pushing it up is that this customer has a BMI of 16.2 (underweight range), but with a strong Health Score (82/100) they still sit in the Low risk tier."
HW1747,54,male,32.4,95.1,4,no,west,4.0,1972-04-24,100.0,21.74,66.25,57.14,68.9,Good,50-64,Obese,16778.38,Medium,Medium,17649.28,21708.62,High BMI; Age; Dependents,"The premium is moderate mainly because this customer has a BMI of 32.4 (obese range), is 54 years old, has 4 dependents. Combined with a mid-range Health Score (69/100), this places them in the Medium risk tier."
HW1748,54,male,33.1,91.5,0,no,north,3.0,1972-11-27,100.0,21.74,63.1,42.86,68.01,Good,50-64,Obese,17025.67,Medium,Medium,16563.44,20373.03,High BMI; Age,"The premium is moderate mainly because this customer has a BMI of 33.1 (obese range), is 54 years old. Combined with a mid-range Health Score (68/100), this places them in the Medium risk tier."
HW1749,27,male,35.7,104.7,1,no,north,3.0,1999-06-16,100.0,80.43,51.4,42.86,82.0,Excellent,18-29,Obese,13904.55,Medium,Medium,14765.26,18161.27,High BMI,"The premium is moderate mainly because this customer has a BMI of 35.7 (obese range). Combined with a strong Health Score (82/100), this places them in the Medium risk tier."
HW1750,27,male,30.8,89.5,2,no,west,3.0,1999-12-17,100.0,80.43,73.45,42.86,87.39,Excellent,18-29,Obese,15237.78,Medium,Medium,14317.34,17610.33,High BMI,"The premium is moderate mainly because this customer has a BMI of 30.8 (obese range). Combined with a strong Health Score (87/100), this places them in the Medium risk tier."
HW1751,36,male,33.1,93.7,3,yes,north,3.0,1990-10-24,0.0,60.87,63.1,42.86,33.27,Poor,30-39,Obese,47138.42,High,High,47450.19,58363.73,Smoker; High BMI; Dependents,"The premium is high mainly because this customer is a smoker, has a BMI of 33.1 (obese range), has 3 dependents. Combined with a low Health Score (33/100), this places them in the High risk tier."
HW1752,34,female,39.0,109.8,0,no,south,2.0,1992-02-22,100.0,65.22,36.55,28.57,73.88,Good,30-39,Obese,15904.53,Medium,Medium,15376.99,18913.69,High BMI; Low activity,"The premium is moderate mainly because this customer has a BMI of 39.0 (obese range), exercises only 2x per week. Combined with a strong Health Score (74/100), this places them in the Medium risk tier."
HW1753,38,female,23.5,68.2,1,yes,south,5.0,1988-09-17,0.0,56.52,100.0,71.43,41.29,Fair,30-39,Normal,18451.71,Medium,Medium,17575.03,21617.29,Smoker,"The premium is moderate mainly because this customer is a smoker. Combined with a low Health Score (41/100), this places them in the Medium risk tier."
HW1754,31,female,22.3,67.3,4,yes,east,5.0,1995-06-08,0.0,71.74,100.0,71.43,45.66,Fair,30-39,Normal,18143.16,Medium,Medium,17541.0,21575.43,Smoker; Dependents,"The premium is moderate mainly because this customer is a smoker, has 4 dependents. Combined with a mid-range Health Score (46/100), this places them in the Medium risk tier."
HW1755,26,male,21.4,61.4,0,no,north,6.0,2000-10-13,100.0,82.61,100.0,85.71,94.88,Excellent,18-29,Normal,7475.38,Low,Low,6628.8,8153.42,No elevated risk factors,"The premium is low because this customer is a non-smoker, has a healthy BMI of 21.4, is young (26). With a strong Health Score (95/100) they sit in the Low risk tier."
HW1756,63,female,26.4,74.6,0,no,east,5.0,1963-02-05,100.0,2.17,93.25,71.43,70.01,Good,50-64,Overweight,15897.45,Medium,Medium,15581.08,19164.73,Raised BMI; Age,"The premium is moderate mainly because this customer has a BMI of 26.4 (overweight range), is 63 years old. Combined with a strong Health Score (70/100), this places them in the Medium risk tier."
HW1757,18,female,36.6,106.2,3,no,south,1.0,2008-06-21,100.0,100.0,47.35,14.29,86.37,Excellent,18-29,Obese,13745.12,Medium,Medium,14455.33,17780.05,High BMI; Low activity; Dependents,"The premium is moderate mainly because this customer has a BMI of 36.6 (obese range), exercises only 1x per week, has 3 dependents. Combined with a strong Health Score (86/100), this places them in the Medium risk tier."
HW1758,62,female,31.2,93.8,1,no,south,5.0,1964-03-04,100.0,4.35,71.65,71.43,65.36,Good,50-64,Obese,37776.06,High,High,41520.68,51070.44,High BMI; Age,"The premium is high mainly because this customer has a BMI of 31.2 (obese range), is 62 years old. Combined with a mid-range Health Score (65/100), this places them in the High risk tier."
HW1759,30,male,30.9,90.2,2,no,south,4.0,1996-07-04,100.0,73.91,73.0,57.14,85.53,Excellent,30-39,Obese,12456.43,Medium,Medium,14517.6,17856.65,High BMI,"The premium is moderate mainly because this customer has a BMI of 30.9 (obese range). Combined with a strong Health Score (86/100), this places them in the Medium risk tier."
HW1760,21,male,17.1,50.5,4,yes,north,6.0,2005-09-11,0.0,93.48,88.8,85.71,49.29,Fair,18-29,Underweight,16859.83,Medium,Medium,16288.56,20034.93,Smoker; Low BMI; Dependents,"The premium is moderate mainly because this customer is a smoker, has a BMI of 17.1 (underweight range), has 4 dependents. Combined with a mid-range Health Score (49/100), this places them in the Medium risk tier."
HW1761,18,male,23.8,71.2,1,no,north,4.0,2008-12-14,100.0,100.0,100.0,57.14,99.62,Excellent,18-29,Normal,6551.27,Low,Low,6554.23,8061.7,No elevated risk factors,"The premium is low because this customer is a non-smoker, has a healthy BMI of 23.8, is young (18). With a strong Health Score (100/100) they sit in the Low risk tier."
HW1762,57,male,17.0,50.1,4,no,south,7.0,1969-10-18,100.0,15.22,88.0,100.0,72.73,Good,50-64,Underweight,14441.14,Medium,Medium,15287.97,18804.2,Low BMI; Age; Dependents,"The premium is moderate mainly because this customer has a BMI of 17.0 (underweight range), is 57 years old, has 4 dependents. Combined with a strong Health Score (73/100), this places them in the Medium risk tier."
HW1763,49,female,35.0,99.6,0,no,east,2.0,1977-05-08,100.0,32.61,54.55,28.57,68.91,Good,40-49,Obese,14952.49,Medium,Medium,16023.28,19708.63,High BMI; Low activity,"The premium is moderate mainly because this customer has a BMI of 35.0 (obese range), exercises only 2x per week. Combined with a mid-range Health Score (69/100), this places them in the Medium risk tier."
HW1764,51,female,37.5,104.9,3,no,east,3.0,1975-05-26,100.0,28.26,43.3,42.86,65.04,Good,50-64,Obese,18161.86,Medium,Medium,17457.85,21473.15,High BMI; Age; Dependents,"The premium is moderate mainly because this customer has a BMI of 37.5 (obese range), is 51 years old, has 3 dependents. Combined with a mid-range Health Score (65/100), this places them in the Medium risk tier."
HW1765,45,female,32.7,92.7,3,yes,west,2.0,1981-12-24,0.0,41.3,64.9,28.57,27.96,Poor,40-49,Obese,46534.64,High,High,48709.08,59912.17,Smoker; High BMI; Low activity,"The premium is high mainly because this customer is a smoker, has a BMI of 32.7 (obese range), exercises only 2x per week. Combined with a low Health Score (28/100), this places them in the High risk tier."
HW1766,48,female,22.1,61.7,2,no,south,5.0,1978-08-25,100.0,34.78,100.0,71.43,81.02,Excellent,40-49,Normal,15605.59,Medium,Medium,14403.98,17716.9,No elevated risk factors,"The premium is moderate because this customer is a non-smoker, has a healthy BMI of 22.1, exercises 5x per week. With a strong Health Score (81/100) they sit in the Medium risk tier."
HW1767,25,male,36.9,108.0,3,no,east,2.0,2001-10-06,100.0,84.78,46.0,28.57,81.8,Excellent,18-29,Obese,17532.89,Medium,Medium,15226.86,18729.04,High BMI; Low activity; Dependents,"The premium is moderate mainly because this customer has a BMI of 36.9 (obese range), exercises only 2x per week, has 3 dependents. Combined with a strong Health Score (82/100), this places them in the Medium risk tier."
HW1768,56,male,26.5,78.2,0,no,south,4.0,1970-12-04,100.0,17.39,92.8,57.14,74.14,Good,50-64,Overweight,14779.97,Medium,Medium,15521.37,19091.28,Raised BMI; Age,"The premium is moderate mainly because this customer has a BMI of 26.5 (overweight range), is 56 years old. Combined with a strong Health Score (74/100), this places them in the Medium risk tier."
HW1769,43,male,20.7,60.2,2,no,east,6.0,1983-12-11,100.0,45.65,100.0,85.71,84.27,Excellent,40-49,Normal,8437.42,Low,Low,8149.52,10023.91,No elevated risk factors,"The premium is low because this customer is a non-smoker, has a healthy BMI of 20.7, exercises 6x per week. With a strong Health Score (84/100) they sit in the Low risk tier."
HW1770,51,female,22.2,61.6,1,no,west,4.0,1975-03-12,100.0,28.26,100.0,57.14,79.02,Excellent,50-64,Normal,14537.02,Medium,Medium,14241.29,17516.79,Age,"The premium is moderate mainly because this customer is 51 years old. Combined with a strong Health Score (79/100), this places them in the Medium risk tier."
HW1771,20,male,25.4,77.0,3,no,west,5.0,2006-05-06,100.0,95.65,97.75,71.43,97.95,Excellent,18-29,Overweight,6937.56,Low,Low,7421.36,9128.27,Raised BMI; Dependents,"The premium is low overall. The main factor pushing it up is that this customer has a BMI of 25.4 (overweight range), has 3 dependents, but with a strong Health Score (98/100) they still sit in the Low risk tier."
HW1772,29,male,28.3,81.0,2,no,south,5.0,1997-03-18,100.0,76.09,84.7,71.43,89.14,Excellent,18-29,Overweight,7462.11,Low,Low,7898.53,9715.19,Raised BMI,"The premium is low overall. The main factor pushing it up is that this customer has a BMI of 28.3 (overweight range), but with a strong Health Score (89/100) they still sit in the Low risk tier."
HW1773,18,female,27.0,79.2,0,no,east,4.0,2008-07-11,100.0,100.0,90.55,57.14,97.31,Excellent,18-29,Overweight,6184.83,Low,Low,6085.48,7485.15,Raised BMI,"The premium is low overall. The main factor pushing it up is that this customer has a BMI of 27.0 (overweight range), but with a strong Health Score (97/100) they still sit in the Low risk tier."
HW1774,61,female,19.5,56.5,4,yes,north,6.0,1965-05-09,0.0,6.52,100.0,85.71,27.06,Poor,50-64,Normal,41215.9,High,High,42966.16,52848.37,Smoker; Age; Dependents,"The premium is high mainly because this customer is a smoker, is 61 years old, has 4 dependents. Combined with a low Health Score (27/100), this places them in the High risk tier."
HW1775,22,male,35.3,102.4,4,yes,west,2.0,2004-03-08,0.0,91.3,53.2,28.57,39.46,Fair,18-29,Obese,48789.26,High,High,46261.33,56901.44,Smoker; High BMI; Low activity,"The premium is high mainly because this customer is a smoker, has a BMI of 35.3 (obese range), exercises only 2x per week. Combined with a low Health Score (39/100), this places them in the High risk tier."
HW1776,47,male,27.1,79.5,0,no,south,4.0,1979-06-04,100.0,36.96,90.1,57.14,79.1,Excellent,40-49,Overweight,14621.5,Medium,Medium,14912.42,18342.28,Raised BMI,"The premium is moderate mainly because this customer has a BMI of 27.1 (overweight range). Combined with a strong Health Score (79/100), this places them in the Medium risk tier."
HW1777,47,male,23.7,67.1,0,yes,south,6.0,1979-12-12,0.0,36.96,100.0,85.71,35.8,Fair,40-49,Normal,40017.87,High,High,41774.79,51382.99,Smoker,"The premium is high mainly because this customer is a smoker. Combined with a low Health Score (36/100), this places them in the High risk tier."
HW1778,34,male,34.7,102.9,4,yes,east,3.0,1992-09-21,0.0,65.22,55.9,42.86,32.76,Poor,30-39,Obese,48554.82,High,High,48949.99,60208.49,Smoker; High BMI; Dependents,"The premium is high mainly because this customer is a smoker, has a BMI of 34.7 (obese range), has 4 dependents. Combined with a low Health Score (33/100), this places them in the High risk tier."
HW1779,64,male,20.9,57.2,2,no,south,4.0,1962-10-22,100.0,0.0,100.0,57.14,70.9,Good,50-64,Normal,16361.78,Medium,Medium,15861.23,19509.31,Age,"The premium is moderate mainly because this customer is 64 years old. Combined with a strong Health Score (71/100), this places them in the Medium risk tier."
HW1780,40,male,18.2,50.5,4,no,west,7.0,1986-09-07,100.0,52.17,97.6,100.0,85.68,Excellent,40-49,Underweight,7930.0,Low,Low,8331.23,10247.41,Low BMI; Dependents,"The premium is low overall. The main factor pushing it up is that this customer has a BMI of 18.2 (underweight range), has 4 dependents, but with a strong Health Score (86/100) they still sit in the Low risk tier."
HW1781,32,female,35.6,105.5,0,no,south,3.0,1994-12-05,100.0,69.57,51.85,42.86,78.99,Excellent,30-39,Obese,12654.22,Medium,Medium,14557.53,17905.76,High BMI,"The premium is moderate mainly because this customer has a BMI of 35.6 (obese range). Combined with a strong Health Score (79/100), this places them in the Medium risk tier."
HW1782,54,female,39.3,114.8,3,yes,south,3.0,1972-02-04,0.0,21.74,35.2,42.86,15.22,Poor,50-64,Obese,54532.46,High,High,53992.62,66410.93,Smoker; High BMI; Age,"The premium is high mainly because this customer is a smoker, has a BMI of 39.3 (obese range), is 54 years old. Combined with a low Health Score (15/100), this places them in the High risk tier."
HW1783,38,female,25.2,77.9,1,yes,north,4.0,1988-02-03,0.0,56.52,98.65,57.14,40.83,Fair,30-39,Overweight,16850.7,Medium,Medium,17967.13,22099.56,Smoker; Raised BMI,"The premium is moderate mainly because this customer is a smoker, has a BMI of 25.2 (overweight range). Combined with a low Health Score (41/100), this places them in the Medium risk tier."
HW1784,31,male,27.7,80.2,3,yes,north,4.0,1995-10-12,0.0,71.74,87.4,57.14,42.45,Fair,30-39,Overweight,18116.63,Medium,Medium,18707.5,23010.23,Smoker; Raised BMI; Dependents,"The premium is moderate mainly because this customer is a smoker, has a BMI of 27.7 (overweight range), has 3 dependents. Combined with a low Health Score (42/100), this places them in the Medium risk tier."
HW1785,19,female,21.1,64.4,3,no,west,5.0,2007-03-04,100.0,97.83,100.0,71.43,99.12,Excellent,18-29,Normal,6789.1,Low,Low,6586.38,8101.25,Dependents,"The premium is low overall. The main factor pushing it up is that this customer has 3 dependents, but with a strong Health Score (99/100) they still sit in the Low risk tier."
HW1786,28,male,28.0,77.2,0,no,east,3.0,1998-06-12,100.0,78.26,86.05,42.86,89.84,Excellent,18-29,Overweight,7055.45,Low,Low,7179.87,8831.23,Raised BMI,"The premium is low overall. The main factor pushing it up is that this customer has a BMI of 28.0 (overweight range), but with a strong Health Score (90/100) they still sit in the Low risk tier."
HW1787,56,male,25.1,69.7,4,no,north,4.0,1970-03-10,100.0,17.39,99.1,57.14,75.68,Excellent,50-64,Overweight,16411.0,Medium,Medium,16485.16,20276.74,Raised BMI; Age; Dependents,"The premium is moderate mainly because this customer has a BMI of 25.1 (overweight range), is 56 years old, has 4 dependents. Combined with a strong Health Score (76/100), this places them in the Medium risk tier."
HW1788,55,female,27.4,81.0,2,yes,east,3.0,1971-01-17,0.0,19.57,88.75,42.86,27.67,Poor,50-64,Overweight,48875.49,High,High,46510.44,57207.84,Smoker; Raised BMI; Age,"The premium is high mainly because this customer is a smoker, has a BMI of 27.4 (overweight range), is 55 years old. Combined with a low Health Score (28/100), this places them in the High risk tier."
HW1789,51,male,30.5,84.7,3,no,west,3.0,1975-09-25,100.0,28.26,74.8,42.86,72.74,Good,50-64,Obese,16418.17,Medium,Medium,16740.99,20591.42,High BMI; Age; Dependents,"The premium is moderate mainly because this customer has a BMI of 30.5 (obese range), is 51 years old, has 3 dependents. Combined with a strong Health Score (73/100), this places them in the Medium risk tier."
HW1790,55,male,21.4,61.5,4,no,north,6.0,1971-05-09,100.0,19.57,100.0,85.71,76.78,Excellent,50-64,Normal,17596.18,Medium,Medium,15775.65,19404.05,Age; Dependents,"The premium is moderate mainly because this customer is 55 years old, has 4 dependents. Combined with a strong Health Score (77/100), this places them in the Medium risk tier."
HW1791,51,female,25.8,76.9,2,no,east,4.0,1975-11-23,100.0,28.26,95.95,57.14,78.03,Excellent,50-64,Overweight,15754.92,Medium,Medium,15065.95,18531.12,Raised BMI; Age,"The premium is moderate mainly because this customer has a BMI of 25.8 (overweight range), is 51 years old. Combined with a strong Health Score (78/100), this places them in the Medium risk tier."
HW1792,35,female,17.2,50.7,3,no,north,7.0,1991-09-12,100.0,63.04,89.6,100.0,86.85,Excellent,30-39,Underweight,6806.88,Low,Low,7325.11,9009.88,Low BMI; Dependents,"The premium is low overall. The main factor pushing it up is that this customer has a BMI of 17.2 (underweight range), has 3 dependents, but with a strong Health Score (87/100) they still sit in the Low risk tier."
HW1793,47,female,25.9,74.9,2,no,west,3.0,1979-07-09,100.0,36.96,95.5,42.86,80.29,Excellent,40-49,Overweight,14298.28,Medium,Medium,14870.07,18290.18,Raised BMI,"The premium is moderate mainly because this customer has a BMI of 25.9 (overweight range). Combined with a strong Health Score (80/100), this places them in the Medium risk tier."
HW1794,32,male,27.4,78.3,4,yes,west,4.0,1994-02-11,0.0,69.57,88.75,57.14,42.16,Fair,30-39,Overweight,18035.62,Medium,Medium,19104.92,23499.05,Smoker; Raised BMI; Dependents,"The premium is moderate mainly because this customer is a smoker, has a BMI of 27.4 (overweight range), has 4 dependents. Combined with a low Health Score (42/100), this places them in the Medium risk tier."
HW1795,44,female,29.4,85.4,1,yes,north,3.0,1982-11-08,0.0,43.48,79.75,42.86,32.34,Poor,40-49,Overweight,19845.71,Medium,Medium,19013.56,23386.68,Smoker; Raised BMI,"The premium is moderate mainly because this customer is a smoker, has a BMI of 29.4 (overweight range). Combined with a low Health Score (32/100), this places them in the Medium risk tier."
HW1796,51,female,29.4,86.1,4,no,east,4.0,1975-07-06,100.0,28.26,79.75,57.14,74.07,Good,50-64,Overweight,17529.06,Medium,Medium,16399.82,20171.78,Raised BMI; Age; Dependents,"The premium is moderate mainly because this customer has a BMI of 29.4 (overweight range), is 51 years old, has 4 dependents. Combined with a strong Health Score (74/100), this places them in the Medium risk tier."
HW1797,55,male,33.4,95.2,0,yes,south,4.0,1971-05-20,0.0,19.57,61.75,57.14,21.21,Poor,50-64,Obese,49214.89,High,High,49973.29,61467.14,Smoker; High BMI; Age,"The premium is high mainly because this customer is a smoker, has a BMI of 33.4 (obese range), is 55 years old. Combined with a low Health Score (21/100), this places them in the High risk tier."
HW1798,50,female,18.8,55.1,2,yes,south,5.0,1976-07-03,0.0,30.43,100.0,71.43,33.8,Poor,50-64,Normal,36369.49,High,High,39240.25,48265.5,Smoker; Age,"The premium is high mainly because this customer is a smoker, is 50 years old. Combined with a low Health Score (34/100), this places them in the High risk tier."
HW1799,41,female,19.1,57.4,1,yes,north,5.0,1985-08-18,0.0,50.0,100.0,71.43,39.42,Fair,40-49,Normal,17457.42,Medium,Medium,17011.8,20924.51,Smoker,"The premium is moderate mainly because this customer is a smoker. Combined with a low Health Score (39/100), this places them in the Medium risk tier."
HW1800,32,female,31.2,89.7,2,yes,east,4.0,1994-01-11,0.0,69.57,71.65,57.14,37.98,Fair,30-39,Obese,42808.43,High,High,44653.48,54923.78,Smoker; High BMI,"The premium is high mainly because this customer is a smoker, has a BMI of 31.2 (obese range). Combined with a low Health Score (38/100), this places them in the High risk tier."
HW1801,47,male,16.0,46.4,2,no,south,6.0,1979-02-25,100.0,36.96,80.0,85.71,76.89,Excellent,40-49,Underweight,12805.4,Medium,High,29171.91,35881.45,Low BMI,"The premium is high mainly because this customer has a BMI of 16.0 (underweight range). Combined with a strong Health Score (77/100), this places them in the High risk tier."
HW1802,59,male,29.1,85.1,3,no,west,4.0,1967-05-27,100.0,10.87,81.1,57.14,69.41,Good,50-64,Overweight,17523.37,Medium,Medium,17179.32,21130.57,Raised BMI; Age; Dependents,"The premium is moderate mainly because this customer has a BMI of 29.1 (overweight range), is 59 years old, has 3 dependents. Combined with a mid-range Health Score (69/100), this places them in the Medium risk tier."
HW1803,34,male,20.9,61.5,0,no,east,5.0,1992-08-19,100.0,65.22,100.0,71.43,89.76,Excellent,30-39,Normal,7666.39,Low,Low,7033.55,8651.27,No elevated risk factors,"The premium is low because this customer is a non-smoker, has a healthy BMI of 20.9, exercises 5x per week. With a strong Health Score (90/100) they sit in the Low risk tier."
HW1804,22,male,37.4,109.8,2,no,south,2.0,2004-07-18,100.0,91.3,43.75,28.57,83.13,Excellent,18-29,Obese,15587.55,Medium,Medium,15027.95,18484.38,High BMI; Low activity,"The premium is moderate mainly because this customer has a BMI of 37.4 (obese range), exercises only 2x per week. Combined with a strong Health Score (83/100), this places them in the Medium risk tier."
HW1805,46,female,29.5,83.2,4,no,east,5.0,1980-08-14,100.0,39.13,79.3,71.43,77.21,Excellent,40-49,Overweight,9313.28,Low,Medium,15945.79,19613.32,Raised BMI; Dependents,"The premium is moderate mainly because this customer has a BMI of 29.5 (overweight range), has 4 dependents. Combined with a strong Health Score (77/100), this places them in the Medium risk tier."
HW1806,21,male,26.7,76.1,4,no,north,3.0,2005-07-21,100.0,93.48,91.9,42.86,95.64,Excellent,18-29,Overweight,7725.24,Low,Low,7653.48,9413.78,Raised BMI; Dependents,"The premium is low overall. The main factor pushing it up is that this customer has a BMI of 26.7 (overweight range), has 4 dependents, but with a strong Health Score (96/100) they still sit in the Low risk tier."
HW1807,27,male,35.4,101.3,3,no,east,2.0,1999-12-27,100.0,80.43,52.75,28.57,82.2,Excellent,18-29,Obese,14148.61,Medium,Medium,15395.54,18936.52,High BMI; Low activity; Dependents,"The premium is moderate mainly because this customer has a BMI of 35.4 (obese range), exercises only 2x per week, has 3 dependents. Combined with a strong Health Score (82/100), this places them in the Medium risk tier."
HW1808,34,female,21.6,60.6,0,no,south,4.0,1992-04-17,100.0,65.22,100.0,57.14,89.63,Excellent,30-39,Normal,6924.57,Low,Low,6775.94,8334.4,No elevated risk factors,"The premium is low because this customer is a non-smoker, has a healthy BMI of 21.6. With a strong Health Score (90/100) they sit in the Low risk tier."
HW1809,27,female,22.8,62.3,0,yes,north,5.0,1999-05-12,0.0,80.43,100.0,71.43,48.15,Fair,18-29,Normal,16814.96,Medium,Medium,16210.76,19939.24,Smoker,"The premium is moderate mainly because this customer is a smoker. Combined with a mid-range Health Score (48/100), this places them in the Medium risk tier."
HW1810,34,female,20.4,52.4,4,no,east,6.0,1992-09-26,100.0,65.22,100.0,85.71,89.89,Excellent,30-39,Normal,7404.21,Low,Low,7720.07,9495.69,Dependents,"The premium is low overall. The main factor pushing it up is that this customer has 4 dependents, but with a strong Health Score (90/100) they still sit in the Low risk tier."
HW1811,37,male,22.8,68.3,1,no,west,5.0,1989-04-13,100.0,58.7,100.0,71.43,87.88,Excellent,30-39,Normal,7529.14,Low,Low,7635.24,9391.34,No elevated risk factors,"The premium is low because this customer is a non-smoker, has a healthy BMI of 22.8, exercises 5x per week. With a strong Health Score (88/100) they sit in the Low risk tier."
HW1812,41,male,28.0,79.0,3,no,south,3.0,1985-09-18,100.0,50.0,86.05,42.86,81.73,Excellent,40-49,Overweight,16406.05,Medium,Low,8832.52,10864.0,Raised BMI; Dependents,"The premium is low overall. The main factor pushing it up is that this customer has a BMI of 28.0 (overweight range), has 3 dependents, but with a strong Health Score (82/100) they still sit in the Low risk tier."
HW1813,22,male,31.0,92.7,3,no,north,3.0,2004-04-09,100.0,91.3,72.55,42.86,90.29,Excellent,18-29,Obese,13716.77,Medium,Medium,14180.07,17441.48,High BMI; Dependents,"The premium is moderate mainly because this customer has a BMI of 31.0 (obese range), has 3 dependents. Combined with a strong Health Score (90/100), this places them in the Medium risk tier."
HW1814,51,female,33.8,99.2,4,no,east,3.0,1975-04-21,100.0,28.26,59.95,42.86,69.11,Good,50-64,Obese,16885.5,Medium,Medium,17090.31,21021.08,High BMI; Age; Dependents,"The premium is moderate mainly because this customer has a BMI of 33.8 (obese range), is 51 years old, has 4 dependents. Combined with a mid-range Health Score (69/100), this places them in the Medium risk tier."
HW1815,23,female,17.1,48.6,4,no,west,6.0,2003-11-08,100.0,89.13,88.8,85.71,94.02,Excellent,18-29,Underweight,6708.22,Low,Low,6904.87,8492.99,Low BMI; Dependents,"The premium is low overall. The main factor pushing it up is that this customer has a BMI of 17.1 (underweight range), has 4 dependents, but with a strong Health Score (94/100) they still sit in the Low risk tier."
HW1816,19,male,27.0,79.3,1,yes,south,5.0,2007-01-17,0.0,97.83,90.55,71.43,50.84,Fair,18-29,Overweight,17564.0,Medium,Medium,16895.19,20781.08,Smoker; Raised BMI,"The premium is moderate mainly because this customer is a smoker, has a BMI of 27.0 (overweight range). Combined with a mid-range Health Score (51/100), this places them in the Medium risk tier."
HW1817,30,female,21.4,62.7,1,no,west,5.0,1996-09-09,100.0,73.91,100.0,71.43,92.25,Excellent,30-39,Normal,6894.0,Low,Low,6781.06,8340.7,No elevated risk factors,"The premium is low because this customer is a non-smoker, has a healthy BMI of 21.4, is young (30). With a strong Health Score (92/100) they sit in the Low risk tier."
HW1818,60,female,26.8,75.2,0,no,east,5.0,1966-04-13,100.0,8.7,91.45,71.43,71.44,Good,50-64,Overweight,15721.34,Medium,Medium,15465.34,19022.37,Raised BMI; Age,"The premium is moderate mainly because this customer has a BMI of 26.8 (overweight range), is 60 years old. Combined with a strong Health Score (71/100), this places them in the Medium risk tier."
HW1819,60,female,42.0,121.4,3,no,east,1.0,1966-02-13,100.0,8.7,23.05,14.29,54.23,Fair,50-64,Obese,51932.16,High,High,49343.46,60692.45,High BMI; Age; Low activity,"The premium is high mainly because this customer has a BMI of 42.0 (obese range), is 60 years old, exercises only 1x per week. Combined with a mid-range Health Score (54/100), this places them in the High risk tier."
HW1820,28,male,29.8,84.2,3,yes,north,3.0,1998-09-20,0.0,78.26,77.95,42.86,41.89,Fair,18-29,Overweight,18555.43,Medium,Medium,18789.43,23111.0,Smoker; Raised BMI; Dependents,"The premium is moderate mainly because this customer is a smoker, has a BMI of 29.8 (overweight range), has 3 dependents. Combined with a low Health Score (42/100), this places them in the Medium risk tier."
HW1821,64,female,33.4,97.8,4,no,west,3.0,1962-06-01,100.0,0.0,61.75,42.86,61.44,Good,50-64,Obese,43159.04,High,High,45195.39,55590.33,High BMI; Age; Dependents,"The premium is high mainly because this customer has a BMI of 33.4 (obese range), is 64 years old, has 4 dependents. Combined with a mid-range Health Score (61/100), this places them in the High risk tier."
HW1822,40,female,39.8,113.6,0,no,north,2.0,1986-12-25,100.0,52.17,32.95,28.57,69.25,Good,40-49,Obese,16883.89,Medium,Medium,15920.97,19582.8,High BMI; Low activity,"The premium is moderate mainly because this customer has a BMI of 39.8 (obese range), exercises only 2x per week. Combined with a mid-range Health Score (69/100), this places them in the Medium risk tier."
HW1823,33,male,34.8,100.4,3,yes,south,4.0,1993-05-03,0.0,67.39,55.45,57.14,33.4,Poor,30-39,Obese,48505.68,High,High,48178.11,59259.07,Smoker; High BMI; Dependents,"The premium is high mainly because this customer is a smoker, has a BMI of 34.8 (obese range), has 3 dependents. Combined with a low Health Score (33/100), this places them in the High risk tier."
HW1824,48,male,25.3,72.8,0,no,north,4.0,1978-04-01,100.0,34.78,98.2,57.14,80.45,Excellent,40-49,Overweight,14083.68,Medium,Medium,14639.24,18006.27,Raised BMI,"The premium is moderate mainly because this customer has a BMI of 25.3 (overweight range). Combined with a strong Health Score (80/100), this places them in the Medium risk tier."
HW1825,28,female,20.3,58.9,0,yes,south,4.0,1998-09-24,0.0,78.26,100.0,57.14,47.4,Fair,18-29,Normal,15490.12,Medium,Medium,15885.03,19538.59,Smoker,"The premium is moderate mainly because this customer is a smoker. Combined with a mid-range Health Score (47/100), this places them in the Medium risk tier."
HW1826,33,female,27.8,83.7,4,no,east,5.0,1993-04-18,100.0,67.39,86.95,71.43,87.19,Excellent,30-39,Overweight,7630.73,Low,Low,8268.64,10170.42,Raised BMI; Dependents,"The premium is low overall. The main factor pushing it up is that this customer has a BMI of 27.8 (overweight range), has 4 dependents, but with a strong Health Score (87/100) they still sit in the Low risk tier."
HW1827,25,male,24.6,70.6,0,no,east,4.0,2001-09-04,100.0,84.78,100.0,57.14,95.25,Excellent,18-29,Normal,6972.26,Low,Low,6734.7,8283.68,No elevated risk factors,"The premium is low because this customer is a non-smoker, has a healthy BMI of 24.6, is young (25). With a strong Health Score (95/100) they sit in the Low risk tier."
HW1828,21,male,18.9,57.1,1,no,west,6.0,2005-09-10,100.0,93.48,100.0,85.71,98.0,Excellent,18-29,Normal,5764.36,Low,Low,6470.69,7958.94,No elevated risk factors,"The premium is low because this customer is a non-smoker, has a healthy BMI of 18.9, is young (21). With a strong Health Score (98/100) they sit in the Low risk tier."
HW1829,57,female,29.4,85.9,1,yes,south,4.0,1969-03-23,0.0,15.22,79.75,57.14,24.36,Poor,50-64,Overweight,48667.65,High,High,47435.05,58345.11,Smoker; Raised BMI; Age,"The premium is high mainly because this customer is a smoker, has a BMI of 29.4 (overweight range), is 57 years old. Combined with a low Health Score (24/100), this places them in the High risk tier."
HW1830,21,female,29.6,88.4,2,no,east,4.0,2005-07-10,100.0,93.48,78.85,57.14,92.58,Excellent,18-29,Overweight,6892.92,Low,Low,7108.84,8743.88,Raised BMI,"The premium is low overall. The main factor pushing it up is that this customer has a BMI of 29.6 (overweight range), but with a strong Health Score (93/100) they still sit in the Low risk tier."
HW1831,42,female,38.6,110.9,4,yes,west,2.0,1984-04-18,0.0,47.83,38.35,28.57,23.35,Poor,40-49,Obese,49560.74,High,High,51759.51,63664.2,Smoker; High BMI; Low activity,"The premium is high mainly because this customer is a smoker, has a BMI of 38.6 (obese range), exercises only 2x per week. Combined with a low Health Score (23/100), this places them in the High risk tier."
HW1832,20,female,25.8,76.0,2,yes,west,5.0,2006-11-25,0.0,95.65,95.95,71.43,51.53,Fair,18-29,Overweight,17631.52,Medium,Medium,16629.46,20454.24,Smoker; Raised BMI,"The premium is moderate mainly because this customer is a smoker, has a BMI of 25.8 (overweight range). Combined with a mid-range Health Score (52/100), this places them in the Medium risk tier."
HW1833,49,male,29.7,85.7,1,yes,north,1.0,1977-04-24,0.0,32.61,78.4,14.29,28.64,Poor,40-49,Overweight,50876.51,High,High,46597.78,57315.27,Smoker; Raised BMI; Low activity,"The premium is high mainly because this customer is a smoker, has a BMI of 29.7 (overweight range), exercises only 1x per week. Combined with a low Health Score (29/100), this places them in the High risk tier."
HW1834,20,female,24.0,63.4,2,yes,west,5.0,2006-02-08,0.0,95.65,100.0,71.43,52.52,Fair,18-29,Normal,16713.59,Medium,Medium,16332.39,20088.85,Smoker,"The premium is moderate mainly because this customer is a smoker. Combined with a mid-range Health Score (53/100), this places them in the Medium risk tier."
HW1835,44,female,33.2,93.8,4,no,east,2.0,1982-11-10,100.0,43.48,62.65,28.57,74.01,Good,40-49,Obese,16099.12,Medium,Medium,16469.53,20257.52,High BMI; Low activity; Dependents,"The premium is moderate mainly because this customer has a BMI of 33.2 (obese range), exercises only 2x per week, has 4 dependents. Combined with a strong Health Score (74/100), this places them in the Medium risk tier."
HW1836,46,male,27.3,80.1,4,yes,north,4.0,1980-05-23,0.0,39.13,89.2,57.14,33.53,Poor,40-49,Overweight,44456.88,High,High,46070.74,56667.01,Smoker; Raised BMI; Dependents,"The premium is high mainly because this customer is a smoker, has a BMI of 27.3 (overweight range), has 4 dependents. Combined with a low Health Score (34/100), this places them in the High risk tier."
HW1837,49,female,21.0,61.7,0,no,south,5.0,1977-07-12,100.0,32.61,100.0,71.43,80.39,Excellent,40-49,Normal,13670.65,Medium,Medium,13496.28,16600.42,No elevated risk factors,"The premium is moderate because this customer is a non-smoker, has a healthy BMI of 21.0, exercises 5x per week. With a strong Health Score (80/100) they sit in the Medium risk tier."
HW1838,36,male,27.9,78.0,3,no,south,5.0,1990-09-03,100.0,60.87,86.5,71.43,85.21,Excellent,30-39,Overweight,8828.53,Low,Low,8573.84,10545.83,Raised BMI; Dependents,"The premium is low overall. The main factor pushing it up is that this customer has a BMI of 27.9 (overweight range), has 3 dependents, but with a strong Health Score (85/100) they still sit in the Low risk tier."
HW1839,38,female,30.3,88.0,0,no,east,4.0,1988-10-04,100.0,56.52,75.7,57.14,81.2,Excellent,30-39,Obese,14070.2,Medium,Medium,14138.69,17390.59,High BMI,"The premium is moderate mainly because this customer has a BMI of 30.3 (obese range). Combined with a strong Health Score (81/100), this places them in the Medium risk tier."
HW1840,22,female,29.5,86.3,4,no,east,3.0,2004-10-04,100.0,91.3,79.3,42.86,91.94,Excellent,18-29,Overweight,8082.95,Low,Low,7610.93,9361.44,Raised BMI; Dependents,"The premium is low overall. The main factor pushing it up is that this customer has a BMI of 29.5 (overweight range), has 4 dependents, but with a strong Health Score (92/100) they still sit in the Low risk tier."
HW1841,35,male,28.0,99.1,1,no,north,2.0,1991-10-21,100.0,63.04,86.05,28.57,85.34,Excellent,30-39,Overweight,16661.5,Medium,Low,7942.66,9769.47,Raised BMI; Low activity,"The premium is low overall. The main factor pushing it up is that this customer has a BMI of 28.0 (overweight range), exercises only 2x per week, but with a strong Health Score (85/100) they still sit in the Low risk tier."
HW1842,45,male,19.3,57.2,1,no,north,5.0,1981-06-16,100.0,41.3,100.0,71.43,82.89,Excellent,40-49,Normal,12415.28,Medium,Medium,13575.41,16697.75,No elevated risk factors,"The premium is moderate because this customer is a non-smoker, has a healthy BMI of 19.3, exercises 5x per week. With a strong Health Score (83/100) they sit in the Medium risk tier."
HW1843,59,female,22.9,67.4,0,yes,east,3.0,1967-03-20,0.0,10.87,100.0,42.86,27.92,Poor,50-64,Normal,43624.29,High,High,43155.13,53080.8,Smoker; Age,"The premium is high mainly because this customer is a smoker, is 59 years old. Combined with a low Health Score (28/100), this places them in the High risk tier."
HW1844,39,female,31.8,91.8,4,no,east,3.0,1987-03-18,100.0,54.35,68.95,42.86,78.8,Excellent,30-39,Obese,13916.0,Medium,Medium,15764.1,19389.84,High BMI; Dependents,"The premium is moderate mainly because this customer has a BMI of 31.8 (obese range), has 4 dependents. Combined with a strong Health Score (79/100), this places them in the Medium risk tier."
HW1845,38,female,23.6,67.2,1,yes,south,5.0,1988-10-12,0.0,56.52,100.0,71.43,41.29,Fair,30-39,Normal,16925.36,Medium,Medium,17659.76,21721.5,Smoker,"The premium is moderate mainly because this customer is a smoker. Combined with a low Health Score (41/100), this places them in the Medium risk tier."
HW1846,23,male,29.4,87.1,4,yes,south,3.0,2003-09-16,0.0,89.13,79.75,42.86,45.45,Fair,18-29,Overweight,19324.88,Medium,Medium,18596.74,22873.99,Smoker; Raised BMI; Dependents,"The premium is moderate mainly because this customer is a smoker, has a BMI of 29.4 (overweight range), has 4 dependents. Combined with a mid-range Health Score (45/100), this places them in the Medium risk tier."
HW1847,18,female,16.0,47.2,1,yes,south,6.0,2008-01-16,0.0,100.0,80.0,85.71,49.02,Fair,18-29,Underweight,14347.88,Medium,Medium,14521.46,17861.39,Smoker; Low BMI,"The premium is moderate mainly because this customer is a smoker, has a BMI of 16.0 (underweight range). Combined with a mid-range Health Score (49/100), this places them in the Medium risk tier."
HW1848,22,male,44.3,125.3,4,no,east,1.0,2004-02-24,100.0,91.3,12.7,14.29,75.42,Excellent,18-29,Obese,15314.19,Medium,Medium,16779.63,20638.95,High BMI; Low activity; Dependents,"The premium is moderate mainly because this customer has a BMI of 44.3 (obese range), exercises only 1x per week, has 4 dependents. Combined with a strong Health Score (75/100), this places them in the Medium risk tier."
HW1849,58,male,26.4,76.7,2,yes,west,4.0,1968-07-01,0.0,13.04,93.25,57.14,27.03,Poor,50-64,Overweight,48769.84,High,High,47014.22,57827.49,Smoker; Raised BMI; Age,"The premium is high mainly because this customer is a smoker, has a BMI of 26.4 (overweight range), is 58 years old. Combined with a low Health Score (27/100), this places them in the High risk tier."
HW1850,29,female,35.2,99.4,4,no,east,1.0,1997-05-10,100.0,76.09,53.65,14.29,81.05,Excellent,18-29,Obese,14802.09,Medium,Medium,15397.98,18939.52,High BMI; Low activity; Dependents,"The premium is moderate mainly because this customer has a BMI of 35.2 (obese range), exercises only 1x per week, has 4 dependents. Combined with a strong Health Score (81/100), this places them in the Medium risk tier."
HW1851,43,male,26.0,73.2,4,yes,east,3.0,1983-06-21,0.0,45.65,95.05,42.86,36.7,Fair,40-49,Overweight,20730.8,Medium,Medium,19463.89,23940.59,Smoker; Raised BMI; Dependents,"The premium is moderate mainly because this customer is a smoker, has a BMI of 26.0 (overweight range), has 4 dependents. Combined with a low Health Score (37/100), this places them in the Medium risk tier."
HW1852,63,female,30.5,86.8,0,no,south,4.0,1963-04-14,100.0,2.17,74.8,57.14,65.37,Good,50-64,Obese,41717.83,High,High,40253.76,49512.13,High BMI; Age,"The premium is high mainly because this customer has a BMI of 30.5 (obese range), is 63 years old. Combined with a mid-range Health Score (65/100), this places them in the High risk tier."
HW1853,51,female,37.0,107.0,2,yes,east,3.0,1975-01-16,0.0,28.26,45.55,42.86,19.62,Poor,50-64,Obese,50240.37,High,High,52095.43,64077.38,Smoker; High BMI; Age,"The premium is high mainly because this customer is a smoker, has a BMI of 37.0 (obese range), is 51 years old. Combined with a low Health Score (20/100), this places them in the High risk tier."
HW1854,31,female,35.0,101.9,3,yes,north,2.0,1995-07-09,0.0,71.74,54.55,28.57,34.17,Poor,30-39,Obese,48704.03,High,High,46987.71,57794.89,Smoker; High BMI; Low activity,"The premium is high mainly because this customer is a smoker, has a BMI of 35.0 (obese range), exercises only 2x per week. Combined with a low Health Score (34/100), this places them in the High risk tier."
HW1855,43,female,26.8,76.6,0,no,east,4.0,1983-06-16,100.0,45.65,91.45,57.14,81.92,Excellent,40-49,Overweight,7867.38,Low,Low,7652.9,9413.07,Raised BMI,"The premium is low overall. The main factor pushing it up is that this customer has a BMI of 26.8 (overweight range), but with a strong Health Score (82/100) they still sit in the Low risk tier."
HW1856,62,female,27.2,77.9,3,yes,east,5.0,1964-03-15,0.0,4.35,89.65,71.43,23.78,Poor,50-64,Overweight,48275.09,High,High,48264.25,59365.03,Smoker; Raised BMI; Age,"The premium is high mainly because this customer is a smoker, has a BMI of 27.2 (overweight range), is 62 years old. Combined with a low Health Score (24/100), this places them in the High risk tier."
HW1857,44,male,34.0,97.3,1,no,east,2.0,1982-10-14,100.0,43.48,59.05,28.57,73.13,Good,40-49,Obese,15678.66,Medium,Medium,16041.83,19731.45,High BMI; Low activity,"The premium is moderate mainly because this customer has a BMI of 34.0 (obese range), exercises only 2x per week. Combined with a strong Health Score (73/100), this places them in the Medium risk tier."
HW1858,26,male,42.0,123.5,3,no,east,2.0,2000-04-10,100.0,82.61,23.05,28.57,75.58,Excellent,18-29,Obese,15437.55,Medium,Medium,16430.63,20209.68,High BMI; Low activity; Dependents,"The premium is moderate mainly because this customer has a BMI of 42.0 (obese range), exercises only 2x per week, has 3 dependents. Combined with a strong Health Score (76/100), this places them in the Medium risk tier."
HW1859,43,female,29.2,78.7,4,yes,west,5.0,1983-05-12,0.0,45.65,80.65,71.43,33.44,Poor,40-49,Overweight,19664.19,Medium,Medium,19872.62,24443.33,Smoker; Raised BMI; Dependents,"The premium is moderate mainly because this customer is a smoker, has a BMI of 29.2 (overweight range), has 4 dependents. Combined with a low Health Score (33/100), this places them in the Medium risk tier."
HW1860,64,female,39.7,114.1,3,no,east,2.0,1962-12-01,100.0,0.0,33.4,28.57,54.38,Fair,50-64,Obese,47672.19,High,High,49216.11,60535.81,High BMI; Age; Low activity,"The premium is high mainly because this customer has a BMI of 39.7 (obese range), is 64 years old, exercises only 2x per week. Combined with a mid-range Health Score (54/100), this places them in the High risk tier."
HW1861,39,male,26.6,80.0,0,yes,north,4.0,1987-05-17,0.0,54.35,92.35,57.14,38.67,Fair,30-39,Overweight,19259.46,Medium,Medium,18309.44,22520.61,Smoker; Raised BMI,"The premium is moderate mainly because this customer is a smoker, has a BMI of 26.6 (overweight range). Combined with a low Health Score (39/100), this places them in the Medium risk tier."
HW1862,64,male,33.7,98.4,0,no,north,3.0,1962-09-23,100.0,0.0,60.4,42.86,61.11,Good,50-64,Obese,40796.83,High,High,44248.79,54426.01,High BMI; Age,"The premium is high mainly because this customer has a BMI of 33.7 (obese range), is 64 years old. Combined with a mid-range Health Score (61/100), this places them in the High risk tier."
HW1863,47,male,34.6,102.5,3,yes,east,4.0,1979-03-25,0.0,36.96,56.35,57.14,24.88,Poor,40-49,Obese,53267.29,High,High,50954.82,62674.43,Smoker; High BMI; Dependents,"The premium is high mainly because this customer is a smoker, has a BMI of 34.6 (obese range), has 3 dependents. Combined with a low Health Score (25/100), this places them in the High risk tier."
HW1864,60,male,25.5,69.6,0,no,south,5.0,1966-02-07,100.0,8.7,97.3,71.43,72.87,Good,50-64,Overweight,17163.04,Medium,Medium,15634.37,19230.28,Raised BMI; Age,"The premium is moderate mainly because this customer has a BMI of 25.5 (overweight range), is 60 years old. Combined with a strong Health Score (73/100), this places them in the Medium risk tier."
HW1865,34,female,23.5,65.4,0,yes,west,5.0,1992-09-22,0.0,65.22,100.0,71.43,43.79,Fair,30-39,Normal,16383.1,Medium,Medium,16972.0,20875.56,Smoker,"The premium is moderate mainly because this customer is a smoker. Combined with a low Health Score (44/100), this places them in the Medium risk tier."
HW1866,43,female,34.9,101.9,3,no,east,2.0,1983-10-21,100.0,45.65,55.0,28.57,72.77,Good,40-49,Obese,17528.42,Medium,Medium,16100.09,19803.11,High BMI; Low activity; Dependents,"The premium is moderate mainly because this customer has a BMI of 34.9 (obese range), exercises only 2x per week, has 3 dependents. Combined with a strong Health Score (73/100), this places them in the Medium risk tier."
HW1867,53,male,24.8,74.8,2,no,east,5.0,1973-12-07,100.0,23.91,100.0,71.43,77.9,Excellent,50-64,Normal,14693.98,Medium,Medium,15501.78,19067.19,Age,"The premium is moderate mainly because this customer is 53 years old. Combined with a strong Health Score (78/100), this places them in the Medium risk tier."
HW1868,18,female,22.6,63.0,2,no,east,5.0,2008-06-21,100.0,100.0,100.0,71.43,99.74,Excellent,18-29,Normal,6895.21,Low,Low,6353.01,7814.21,No elevated risk factors,"The premium is low because this customer is a non-smoker, has a healthy BMI of 22.6, is young (18). With a strong Health Score (100/100) they sit in the Low risk tier."
HW1869,25,male,23.9,68.3,1,no,south,4.0,2001-02-08,100.0,84.78,100.0,57.14,95.25,Excellent,18-29,Normal,6693.15,Low,Low,6976.05,8580.54,No elevated risk factors,"The premium is low because this customer is a non-smoker, has a healthy BMI of 23.9, is young (25). With a strong Health Score (95/100) they sit in the Low risk tier."
HW1870,52,female,24.8,72.5,0,no,south,5.0,1974-07-06,100.0,26.09,100.0,71.43,78.52,Excellent,50-64,Normal,15334.09,Medium,Medium,14481.5,17812.24,Age,"The premium is moderate mainly because this customer is 52 years old. Combined with a strong Health Score (79/100), this places them in the Medium risk tier."
HW1871,32,male,33.1,92.8,3,no,south,3.0,1994-05-05,100.0,69.57,63.1,42.86,81.74,Excellent,30-39,Obese,14104.35,Medium,Medium,15470.57,19028.8,High BMI; Dependents,"The premium is moderate mainly because this customer has a BMI of 33.1 (obese range), has 3 dependents. Combined with a strong Health Score (82/100), this places them in the Medium risk tier."
HW1872,64,female,31.1,90.9,0,yes,west,4.0,1962-09-01,0.0,0.0,72.1,57.14,18.12,Poor,50-64,Obese,51324.13,High,High,49658.41,61079.84,Smoker; High BMI; Age,"The premium is high mainly because this customer is a smoker, has a BMI of 31.1 (obese range), is 64 years old. Combined with a low Health Score (18/100), this places them in the High risk tier."
HW1873,39,male,32.3,88.0,4,yes,north,3.0,1987-09-06,0.0,54.35,66.7,42.86,32.28,Poor,30-39,Obese,50424.45,High,High,48521.33,59681.24,Smoker; High BMI; Dependents,"The premium is high mainly because this customer is a smoker, has a BMI of 32.3 (obese range), has 4 dependents. Combined with a low Health Score (32/100), this places them in the High risk tier."
HW1874,31,male,30.5,89.1,0,yes,west,3.0,1995-04-26,0.0,71.74,74.8,42.86,39.25,Fair,30-39,Obese,40769.77,High,High,43276.49,53230.08,Smoker; High BMI,"The premium is high mainly because this customer is a smoker, has a BMI of 30.5 (obese range). Combined with a low Health Score (39/100), this places them in the High risk tier."
HW1875,43,female,24.4,68.5,0,no,south,4.0,1983-07-09,100.0,45.65,100.0,57.14,84.01,Excellent,40-49,Normal,8322.77,Low,Low,7490.73,9213.59,No elevated risk factors,"The premium is low because this customer is a non-smoker, has a healthy BMI of 24.4. With a strong Health Score (84/100) they sit in the Low risk tier."
HW1876,45,male,32.2,92.2,2,no,north,3.0,1981-05-14,100.0,41.3,67.15,42.86,74.61,Good,40-49,Obese,17087.65,Medium,Medium,16111.86,19817.59,High BMI,"The premium is moderate mainly because this customer has a BMI of 32.2 (obese range). Combined with a strong Health Score (75/100), this places them in the Medium risk tier."
HW1877,40,female,35.1,102.7,3,no,north,3.0,1986-05-08,100.0,52.17,54.1,42.86,74.55,Good,40-49,Obese,14219.81,Medium,Medium,16122.36,19830.51,High BMI; Dependents,"The premium is moderate mainly because this customer has a BMI of 35.1 (obese range), has 3 dependents. Combined with a strong Health Score (75/100), this places them in the Medium risk tier."
HW1878,31,female,31.5,91.9,0,yes,south,3.0,1995-07-13,0.0,71.74,70.3,42.86,38.15,Fair,30-39,Obese,42483.07,High,High,43418.84,53405.18,Smoker; High BMI,"The premium is high mainly because this customer is a smoker, has a BMI of 31.5 (obese range). Combined with a low Health Score (38/100), this places them in the High risk tier."
HW1879,41,male,30.7,88.7,2,no,south,3.0,1985-08-11,100.0,50.0,73.9,42.86,78.76,Excellent,40-49,Obese,16454.84,Medium,Medium,15496.02,19060.1,High BMI,"The premium is moderate mainly because this customer has a BMI of 30.7 (obese range). Combined with a strong Health Score (79/100), this places them in the Medium risk tier."
HW1880,19,female,23.4,69.6,1,yes,west,6.0,2007-12-26,0.0,97.83,100.0,85.71,53.28,Fair,18-29,Normal,16467.8,Medium,Medium,15784.2,19414.57,Smoker,"The premium is moderate mainly because this customer is a smoker. Combined with a mid-range Health Score (53/100), this places them in the Medium risk tier."
HW1881,62,female,29.3,81.3,2,no,south,3.0,1964-02-25,100.0,4.35,80.2,42.86,67.19,Good,50-64,Overweight,16864.61,Medium,Medium,16735.48,20584.64,Raised BMI; Age,"The premium is moderate mainly because this customer has a BMI of 29.3 (overweight range), is 62 years old. Combined with a mid-range Health Score (67/100), this places them in the Medium risk tier."
HW1882,43,female,23.1,67.2,2,no,north,6.0,1983-03-06,100.0,45.65,100.0,85.71,84.27,Excellent,40-49,Normal,8345.58,Low,Low,7867.13,9676.57,No elevated risk factors,"The premium is low because this customer is a non-smoker, has a healthy BMI of 23.1, exercises 6x per week. With a strong Health Score (84/100) they sit in the Low risk tier."
HW1883,31,female,27.9,79.1,2,no,east,3.0,1995-06-02,100.0,71.74,86.5,42.86,88.08,Excellent,30-39,Overweight,7198.69,Low,Low,7475.31,9194.63,Raised BMI,"The premium is low overall. The main factor pushing it up is that this customer has a BMI of 27.9 (overweight range), but with a strong Health Score (88/100) they still sit in the Low risk tier."
HW1884,24,female,18.2,54.4,0,no,south,6.0,2002-12-13,100.0,86.96,97.6,85.71,95.54,Excellent,18-29,Underweight,5917.31,Low,Low,5911.48,7271.12,Low BMI,"The premium is low overall. The main factor pushing it up is that this customer has a BMI of 18.2 (underweight range), but with a strong Health Score (96/100) they still sit in the Low risk tier."
HW1885,20,male,18.2,54.0,0,no,south,5.0,2006-07-25,100.0,95.65,97.6,71.43,97.91,Excellent,18-29,Underweight,5675.49,Low,Low,6031.86,7419.18,Low BMI,"The premium is low overall. The main factor pushing it up is that this customer has a BMI of 18.2 (underweight range), but with a strong Health Score (98/100) they still sit in the Low risk tier."
HW1886,64,female,26.9,79.2,1,yes,west,4.0,1962-12-26,0.0,0.0,91.0,57.14,22.73,Poor,50-64,Overweight,47387.66,High,High,47313.54,58195.66,Smoker; Raised BMI; Age,"The premium is high mainly because this customer is a smoker, has a BMI of 26.9 (overweight range), is 64 years old. Combined with a low Health Score (23/100), this places them in the High risk tier."
HW1887,40,female,24.7,74.7,4,no,west,5.0,1986-11-01,100.0,52.17,100.0,71.43,86.01,Excellent,40-49,Normal,8826.46,Low,Low,8372.91,10298.68,Dependents,"The premium is low overall. The main factor pushing it up is that this customer has 4 dependents, but with a strong Health Score (86/100) they still sit in the Low risk tier."
HW1888,63,female,28.6,84.9,4,yes,south,4.0,1963-08-02,0.0,2.17,83.35,57.14,21.49,Poor,50-64,Overweight,50966.81,High,High,49122.79,60421.03,Smoker; Raised BMI; Age,"The premium is high mainly because this customer is a smoker, has a BMI of 28.6 (overweight range), is 63 years old. Combined with a low Health Score (21/100), this places them in the High risk tier."
HW1889,60,female,27.2,78.3,4,no,north,4.0,1966-01-08,100.0,8.7,89.65,57.14,70.87,Good,50-64,Overweight,16996.6,Medium,Medium,16860.64,20738.58,Raised BMI; Age; Dependents,"The premium is moderate mainly because this customer has a BMI of 27.2 (overweight range), is 60 years old, has 4 dependents. Combined with a strong Health Score (71/100), this places them in the Medium risk tier."
HW1890,64,female,28.2,81.5,1,no,north,3.0,1962-02-06,100.0,0.0,85.15,42.86,67.15,Good,50-64,Overweight,17346.72,Medium,Medium,16482.0,20272.86,Raised BMI; Age,"The premium is moderate mainly because this customer has a BMI of 28.2 (overweight range), is 64 years old. Combined with a mid-range Health Score (67/100), this places them in the Medium risk tier."
HW1891,62,male,31.7,92.8,4,yes,east,2.0,1964-06-05,0.0,4.35,69.4,28.57,18.45,Poor,50-64,Obese,23775.36,Medium,High,52419.12,64475.52,Smoker; High BMI; Age,"The premium is high mainly because this customer is a smoker, has a BMI of 31.7 (obese range), is 62 years old. Combined with a low Health Score (18/100), this places them in the High risk tier."
HW1892,35,female,25.2,73.1,4,yes,south,5.0,1991-08-19,0.0,63.04,98.65,71.43,42.83,Fair,30-39,Overweight,20178.59,Medium,Medium,18624.27,22907.85,Smoker; Raised BMI; Dependents,"The premium is moderate mainly because this customer is a smoker, has a BMI of 25.2 (overweight range), has 4 dependents. Combined with a low Health Score (43/100), this places them in the Medium risk tier."
HW1893,55,male,26.7,78.6,2,no,west,3.0,1971-10-20,100.0,19.57,91.9,42.86,74.42,Good,50-64,Overweight,17181.72,Medium,Medium,16175.73,19896.15,Raised BMI; Age,"The premium is moderate mainly because this customer has a BMI of 26.7 (overweight range), is 55 years old. Combined with a strong Health Score (74/100), this places them in the Medium risk tier."
HW1894,52,male,36.7,101.6,0,no,north,3.0,1974-07-16,100.0,26.09,46.9,42.86,65.3,Good,50-64,Obese,17636.78,Medium,Medium,16837.21,20709.77,High BMI; Age,"The premium is moderate mainly because this customer has a BMI of 36.7 (obese range), is 52 years old. Combined with a mid-range Health Score (65/100), this places them in the Medium risk tier."
HW1895,32,male,28.0,84.7,0,no,east,4.0,1994-07-16,100.0,69.57,86.05,57.14,87.47,Excellent,30-39,Overweight,7980.34,Low,Low,7404.28,9107.26,Raised BMI,"The premium is low overall. The main factor pushing it up is that this customer has a BMI of 28.0 (overweight range), but with a strong Health Score (87/100) they still sit in the Low risk tier."
HW1896,42,male,26.9,77.9,2,yes,south,4.0,1984-12-14,0.0,47.83,91.0,57.14,36.47,Fair,40-49,Overweight,19651.2,Medium,Medium,19222.96,23644.24,Smoker; Raised BMI,"The premium is moderate mainly because this customer is a smoker, has a BMI of 26.9 (overweight range). Combined with a low Health Score (36/100), this places them in the Medium risk tier."
HW1897,54,female,28.5,79.1,2,yes,north,3.0,1972-08-18,0.0,21.74,83.8,42.86,27.09,Poor,50-64,Overweight,46281.09,High,High,47089.18,57919.69,Smoker; Raised BMI; Age,"The premium is high mainly because this customer is a smoker, has a BMI of 28.5 (overweight range), is 54 years old. Combined with a low Health Score (27/100), this places them in the High risk tier."
HW1898,45,male,27.0,76.2,2,no,south,5.0,1981-11-18,100.0,41.3,90.55,71.43,80.58,Excellent,40-49,Overweight,16015.85,Medium,Medium,15217.97,18718.1,Raised BMI,"The premium is moderate mainly because this customer has a BMI of 27.0 (overweight range). Combined with a strong Health Score (81/100), this places them in the Medium risk tier."
HW1899,27,male,23.7,64.2,0,no,south,4.0,1999-04-16,100.0,80.43,100.0,57.14,94.0,Excellent,18-29,Normal,7256.71,Low,Low,6859.91,8437.69,No elevated risk factors,"The premium is low because this customer is a non-smoker, has a healthy BMI of 23.7, is young (27). With a strong Health Score (94/100) they sit in the Low risk tier."
HW1900,56,female,22.0,61.4,4,yes,north,4.0,1970-10-09,0.0,17.39,100.0,57.14,29.93,Poor,50-64,Normal,44465.52,High,High,44092.38,54233.63,Smoker; Age; Dependents,"The premium is high mainly because this customer is a smoker, is 56 years old, has 4 dependents. Combined with a low Health Score (30/100), this places them in the High risk tier."
HW1901,34,female,23.4,67.3,2,no,north,5.0,1992-10-09,100.0,65.22,100.0,71.43,89.76,Excellent,30-39,Normal,7324.43,Low,Low,7422.73,9129.96,No elevated risk factors,"The premium is low because this customer is a non-smoker, has a healthy BMI of 23.4, exercises 5x per week. With a strong Health Score (90/100) they sit in the Low risk tier."
HW1902,56,female,33.2,99.0,1,yes,north,4.0,1970-04-09,0.0,17.39,62.65,57.14,20.8,Poor,50-64,Obese,49269.9,High,High,50070.94,61587.26,Smoker; High BMI; Age,"The premium is high mainly because this customer is a smoker, has a BMI of 33.2 (obese range), is 56 years old. Combined with a low Health Score (21/100), this places them in the High risk tier."
HW1903,39,male,24.2,70.8,2,no,south,4.0,1987-03-12,100.0,54.35,100.0,57.14,86.51,Excellent,30-39,Normal,7992.08,Low,Low,8124.74,9993.43,No elevated risk factors,"The premium is low because this customer is a non-smoker, has a healthy BMI of 24.2. With a strong Health Score (87/100) they sit in the Low risk tier."
HW1904,43,female,27.1,78.8,3,no,south,5.0,1983-05-26,100.0,45.65,90.1,71.43,81.72,Excellent,40-49,Overweight,9063.07,Low,Low,8529.73,10491.57,Raised BMI; Dependents,"The premium is low overall. The main factor pushing it up is that this customer has a BMI of 27.1 (overweight range), has 3 dependents, but with a strong Health Score (82/100) they still sit in the Low risk tier."
HW1905,61,female,32.2,90.8,2,no,east,3.0,1965-09-06,100.0,6.52,67.15,42.86,64.63,Good,50-64,Obese,44641.17,High,High,42713.63,52537.76,High BMI; Age,"The premium is high mainly because this customer has a BMI of 32.2 (obese range), is 61 years old. Combined with a mid-range Health Score (65/100), this places them in the High risk tier."
HW1906,42,male,26.3,74.4,0,no,west,4.0,1984-03-26,100.0,47.83,93.7,57.14,83.1,Excellent,40-49,Overweight,8534.98,Low,Low,7913.53,9733.64,Raised BMI,"The premium is low overall. The main factor pushing it up is that this customer has a BMI of 26.3 (overweight range), but with a strong Health Score (83/100) they still sit in the Low risk tier."
HW1907,34,female,31.8,90.4,2,no,south,3.0,1992-09-22,100.0,65.22,68.95,42.86,81.92,Excellent,30-39,Obese,13607.33,Medium,Medium,14664.28,18037.07,High BMI,"The premium is moderate mainly because this customer has a BMI of 31.8 (obese range). Combined with a strong Health Score (82/100), this places them in the Medium risk tier."
HW1908,30,female,18.8,52.9,3,yes,west,6.0,1996-04-16,0.0,73.91,100.0,85.71,46.41,Fair,30-39,Normal,16310.64,Medium,Medium,16812.79,20679.73,Smoker; Dependents,"The premium is moderate mainly because this customer is a smoker, has 3 dependents. Combined with a mid-range Health Score (46/100), this places them in the Medium risk tier."
HW1909,37,female,27.2,77.9,1,yes,north,4.0,1989-04-24,0.0,58.7,89.65,57.14,39.26,Fair,30-39,Overweight,17979.35,Medium,Medium,18169.57,22348.58,Smoker; Raised BMI,"The premium is moderate mainly because this customer is a smoker, has a BMI of 27.2 (overweight range). Combined with a low Health Score (39/100), this places them in the Medium risk tier."
HW1910,42,female,28.5,81.8,4,no,south,3.0,1984-07-17,100.0,47.83,83.8,42.86,80.55,Excellent,40-49,Overweight,8527.23,Low,Low,8738.54,10748.4,Raised BMI; Dependents,"The premium is low overall. The main factor pushing it up is that this customer has a BMI of 28.5 (overweight range), has 4 dependents, but with a strong Health Score (81/100) they still sit in the Low risk tier."
HW1911,21,male,28.1,80.5,2,no,east,4.0,2005-06-08,100.0,93.48,85.6,57.14,94.23,Excellent,18-29,Overweight,8246.17,Low,Low,7377.64,9074.49,Raised BMI,"The premium is low overall. The main factor pushing it up is that this customer has a BMI of 28.1 (overweight range), but with a strong Health Score (94/100) they still sit in the Low risk tier."
HW1912,27,female,18.1,51.0,3,no,east,4.0,1999-03-25,100.0,80.43,96.8,57.14,93.22,Excellent,18-29,Underweight,6998.21,Low,Low,6826.85,8397.03,Low BMI; Dependents,"The premium is low overall. The main factor pushing it up is that this customer has a BMI of 18.1 (underweight range), has 3 dependents, but with a strong Health Score (93/100) they still sit in the Low risk tier."
HW1913,20,female,35.2,102.0,3,no,west,3.0,2006-10-02,100.0,95.65,53.65,42.86,86.92,Excellent,18-29,Obese,14431.75,Medium,Medium,14306.13,17596.54,High BMI; Dependents,"The premium is moderate mainly because this customer has a BMI of 35.2 (obese range), has 3 dependents. Combined with a strong Health Score (87/100), this places them in the Medium risk tier."
HW1914,58,male,22.9,65.6,1,no,north,5.0,1968-06-12,100.0,13.04,100.0,71.43,74.78,Good,50-64,Normal,15012.67,Medium,Medium,15349.18,18879.49,Age,"The premium is moderate mainly because this customer is 58 years old. Combined with a strong Health Score (75/100), this places them in the Medium risk tier."
HW1915,62,female,30.0,83.5,0,yes,west,2.0,1964-01-27,0.0,4.35,77.05,28.57,20.32,Poor,50-64,Obese,49831.77,High,High,48607.24,59786.9,Smoker; High BMI; Age,"The premium is high mainly because this customer is a smoker, has a BMI of 30.0 (obese range), is 62 years old. Combined with a low Health Score (20/100), this places them in the High risk tier."
HW1916,35,male,28.0,81.0,2,no,north,3.0,1991-02-16,100.0,63.04,86.05,42.86,85.47,Excellent,30-39,Overweight,9226.19,Low,Low,8040.69,9890.05,Raised BMI,"The premium is low overall. The main factor pushing it up is that this customer has a BMI of 28.0 (overweight range), but with a strong Health Score (85/100) they still sit in the Low risk tier."
HW1917,64,female,34.0,98.0,3,no,east,3.0,1962-05-17,100.0,0.0,59.05,42.86,60.78,Good,50-64,Obese,44905.71,High,High,45063.28,55427.84,High BMI; Age; Dependents,"The premium is high mainly because this customer has a BMI of 34.0 (obese range), is 64 years old, has 3 dependents. Combined with a mid-range Health Score (61/100), this places them in the High risk tier."
HW1918,53,male,41.1,115.6,1,no,west,1.0,1973-08-01,100.0,23.91,27.1,14.29,59.58,Good,50-64,Obese,18022.84,Medium,Medium,17923.16,22045.48,High BMI; Age; Low activity,"The premium is moderate mainly because this customer has a BMI of 41.1 (obese range), is 53 years old, exercises only 1x per week. Combined with a mid-range Health Score (60/100), this places them in the Medium risk tier."
HW1919,64,male,20.3,57.5,4,no,east,6.0,1962-09-26,100.0,0.0,100.0,85.71,71.16,Good,50-64,Normal,16352.47,Medium,Medium,16365.51,20129.58,Age; Dependents,"The premium is moderate mainly because this customer is 64 years old, has 4 dependents. Combined with a strong Health Score (71/100), this places them in the Medium risk tier."
HW1920,39,male,24.1,70.8,3,yes,east,5.0,1987-11-03,0.0,54.35,100.0,71.43,40.66,Fair,30-39,Normal,18653.15,Medium,Medium,18748.33,23060.44,Smoker; Dependents,"The premium is moderate mainly because this customer is a smoker, has 3 dependents. Combined with a low Health Score (41/100), this places them in the Medium risk tier."
HW1921,51,male,29.1,81.8,1,no,north,4.0,1975-12-02,100.0,28.26,81.1,57.14,74.4,Good,50-64,Overweight,15880.42,Medium,Medium,15785.94,19416.71,Raised BMI; Age,"The premium is moderate mainly because this customer has a BMI of 29.1 (overweight range), is 51 years old. Combined with a strong Health Score (74/100), this places them in the Medium risk tier."
HW1922,64,female,21.4,59.4,0,no,west,3.0,1962-01-09,100.0,0.0,100.0,42.86,70.78,Good,50-64,Normal,14381.67,Medium,Medium,15105.25,18579.46,Age,"The premium is moderate mainly because this customer is 64 years old. Combined with a strong Health Score (71/100), this places them in the Medium risk tier."
HW1923,25,male,32.7,93.9,0,no,west,3.0,2001-04-12,100.0,84.78,64.9,42.86,86.55,Excellent,18-29,Obese,34109.21,High,Medium,13918.12,17119.29,High BMI,"The premium is moderate mainly because this customer has a BMI of 32.7 (obese range). Combined with a strong Health Score (87/100), this places them in the Medium risk tier."
HW1924,57,female,33.1,96.9,3,yes,east,3.0,1969-01-01,0.0,15.22,63.1,42.86,20.16,Poor,50-64,Obese,50806.77,High,High,51148.92,62913.17,Smoker; High BMI; Age,"The premium is high mainly because this customer is a smoker, has a BMI of 33.1 (obese range), is 57 years old. Combined with a low Health Score (20/100), this places them in the High risk tier."
HW1925,61,male,31.4,94.4,3,yes,east,3.0,1965-07-18,0.0,6.52,70.75,42.86,19.53,Poor,50-64,Obese,51345.98,High,High,51497.19,63341.55,Smoker; High BMI; Age,"The premium is high mainly because this customer is a smoker, has a BMI of 31.4 (obese range), is 61 years old. Combined with a low Health Score (20/100), this places them in the High risk tier."
HW1926,36,male,29.4,86.3,2,yes,north,3.0,1990-07-23,0.0,60.87,79.75,42.86,37.34,Fair,30-39,Overweight,19066.2,Medium,Medium,19135.65,23536.86,Smoker; Raised BMI,"The premium is moderate mainly because this customer is a smoker, has a BMI of 29.4 (overweight range). Combined with a low Health Score (37/100), this places them in the Medium risk tier."
HW1927,59,male,36.2,106.8,1,yes,south,2.0,1967-10-25,0.0,10.87,49.15,28.57,15.38,Poor,50-64,Obese,55562.56,High,High,52627.12,64731.36,Smoker; High BMI; Age,"The premium is high mainly because this customer is a smoker, has a BMI of 36.2 (obese range), is 59 years old. Combined with a low Health Score (15/100), this places them in the High risk tier."
HW1928,58,female,21.1,61.7,3,no,south,5.0,1968-07-16,100.0,13.04,100.0,71.43,74.78,Good,50-64,Normal,15581.94,Medium,Medium,15389.75,18929.39,Age; Dependents,"The premium is moderate mainly because this customer is 58 years old, has 3 dependents. Combined with a strong Health Score (75/100), this places them in the Medium risk tier."
HW1929,54,male,28.4,80.7,2,no,east,4.0,1972-01-12,100.0,21.74,84.25,57.14,73.3,Good,50-64,Overweight,17010.21,Medium,Medium,16291.4,20038.42,Raised BMI; Age,"The premium is moderate mainly because this customer has a BMI of 28.4 (overweight range), is 54 years old. Combined with a strong Health Score (73/100), this places them in the Medium risk tier."
HW1930,23,female,23.6,69.5,2,no,south,5.0,2003-08-24,100.0,89.13,100.0,71.43,96.62,Excellent,18-29,Normal,7114.06,Low,Low,6794.39,8357.1,No elevated risk factors,"The premium is low because this customer is a non-smoker, has a healthy BMI of 23.6, is young (23). With a strong Health Score (97/100) they sit in the Low risk tier."
HW1931,43,female,33.3,96.1,3,no,south,3.0,1983-04-13,100.0,45.65,62.2,42.86,74.65,Good,40-49,Obese,9041.09,Low,Medium,16070.89,19767.19,High BMI; Dependents,"The premium is moderate mainly because this customer has a BMI of 33.3 (obese range), has 3 dependents. Combined with a strong Health Score (75/100), this places them in the Medium risk tier."
HW1932,51,female,17.0,49.9,0,no,south,7.0,1975-08-20,100.0,28.26,88.0,100.0,76.47,Excellent,50-64,Underweight,13101.79,Medium,Medium,12929.12,15902.82,Low BMI; Age,"The premium is moderate mainly because this customer has a BMI of 17.0 (underweight range), is 51 years old. Combined with a strong Health Score (76/100), this places them in the Medium risk tier."
HW1933,62,female,27.8,78.4,1,yes,south,5.0,1964-08-21,0.0,4.35,86.95,71.43,23.12,Poor,50-64,Overweight,45801.7,High,High,47249.06,58116.34,Smoker; Raised BMI; Age,"The premium is high mainly because this customer is a smoker, has a BMI of 27.8 (overweight range), is 62 years old. Combined with a low Health Score (23/100), this places them in the High risk tier."
HW1934,23,female,30.0,87.6,1,no,east,4.0,2003-04-22,100.0,89.13,77.05,57.14,90.89,Excellent,18-29,Obese,13475.38,Medium,Medium,13014.21,16007.48,High BMI,"The premium is moderate mainly because this customer has a BMI of 30.0 (obese range). Combined with a strong Health Score (91/100), this places them in the Medium risk tier."
HW1935,54,female,22.3,64.2,0,no,south,5.0,1972-02-18,100.0,21.74,100.0,71.43,77.27,Excellent,50-64,Normal,13844.02,Medium,Medium,14155.75,17411.57,Age,"The premium is moderate mainly because this customer is 54 years old. Combined with a strong Health Score (77/100), this places them in the Medium risk tier."
HW1936,50,female,24.2,70.4,3,yes,south,6.0,1976-02-25,0.0,30.43,100.0,85.71,33.93,Poor,50-64,Normal,42578.45,High,High,43355.69,53327.5,Smoker; Age; Dependents,"The premium is high mainly because this customer is a smoker, is 50 years old, has 3 dependents. Combined with a low Health Score (34/100), this places them in the High risk tier."
HW1937,39,female,28.1,81.0,1,yes,north,5.0,1987-10-19,0.0,54.35,85.6,71.43,37.15,Fair,30-39,Overweight,19734.77,Medium,Medium,18477.3,22727.08,Smoker; Raised BMI,"The premium is moderate mainly because this customer is a smoker, has a BMI of 28.1 (overweight range). Combined with a low Health Score (37/100), this places them in the Medium risk tier."
HW1938,38,female,33.7,96.8,3,no,east,2.0,1988-10-20,100.0,56.52,60.4,28.57,77.21,Excellent,30-39,Obese,14376.98,Medium,Medium,15641.94,19239.59,High BMI; Low activity; Dependents,"The premium is moderate mainly because this customer has a BMI of 33.7 (obese range), exercises only 2x per week, has 3 dependents. Combined with a strong Health Score (77/100), this places them in the Medium risk tier."
HW1939,23,male,21.8,64.0,3,no,west,6.0,2003-10-24,100.0,89.13,100.0,85.71,96.75,Excellent,18-29,Normal,8047.58,Low,Low,7262.73,8933.16,Dependents,"The premium is low overall. The main factor pushing it up is that this customer has 3 dependents, but with a strong Health Score (97/100) they still sit in the Low risk tier."
HW1940,23,male,22.8,65.1,2,no,west,5.0,2003-04-11,100.0,89.13,100.0,71.43,96.62,Excellent,18-29,Normal,7841.97,Low,Low,7041.81,8661.43,No elevated risk factors,"The premium is low because this customer is a non-smoker, has a healthy BMI of 22.8, is young (23). With a strong Health Score (97/100) they sit in the Low risk tier."
HW1941,21,male,34.8,97.4,0,yes,north,2.0,2005-10-10,0.0,93.48,55.45,28.57,40.64,Fair,18-29,Obese,43909.97,High,High,44716.12,55000.82,Smoker; High BMI; Low activity,"The premium is high mainly because this customer is a smoker, has a BMI of 34.8 (obese range), exercises only 2x per week. Combined with a low Health Score (41/100), this places them in the High risk tier."
HW1942,47,male,26.4,72.5,3,no,north,3.0,1979-07-05,100.0,36.96,93.25,42.86,79.74,Excellent,40-49,Overweight,17223.68,Medium,Medium,15605.55,19194.82,Raised BMI; Dependents,"The premium is moderate mainly because this customer has a BMI of 26.4 (overweight range), has 3 dependents. Combined with a strong Health Score (80/100), this places them in the Medium risk tier."
HW1943,28,male,23.3,67.7,4,no,east,5.0,1998-09-20,100.0,78.26,100.0,71.43,93.5,Excellent,18-29,Normal,7544.25,Low,Low,7910.69,9730.15,Dependents,"The premium is low overall. The main factor pushing it up is that this customer has 4 dependents, but with a strong Health Score (94/100) they still sit in the Low risk tier."
HW1944,47,female,32.4,92.7,0,yes,west,3.0,1979-03-13,0.0,36.96,66.25,42.86,27.17,Poor,40-49,Obese,48779.36,High,High,47031.48,57848.71,Smoker; High BMI,"The premium is high mainly because this customer is a smoker, has a BMI of 32.4 (obese range). Combined with a low Health Score (27/100), this places them in the High risk tier."
HW1945,48,female,25.1,69.1,1,no,south,6.0,1978-02-17,100.0,34.78,99.1,85.71,80.93,Excellent,40-49,Overweight,14393.12,Medium,Medium,14563.28,17912.83,Raised BMI,"The premium is moderate mainly because this customer has a BMI of 25.1 (overweight range). Combined with a strong Health Score (81/100), this places them in the Medium risk tier."
HW1946,41,female,34.2,99.1,2,yes,north,4.0,1985-11-06,0.0,50.0,58.15,57.14,29.07,Poor,40-49,Obese,44768.49,High,High,48254.21,59352.68,Smoker; High BMI,"The premium is high mainly because this customer is a smoker, has a BMI of 34.2 (obese range). Combined with a low Health Score (29/100), this places them in the High risk tier."
HW1947,26,female,24.0,69.2,1,no,west,4.0,2000-10-02,100.0,82.61,100.0,57.14,94.62,Excellent,18-29,Normal,6446.05,Low,Low,6726.61,8273.72,No elevated risk factors,"The premium is low because this customer is a non-smoker, has a healthy BMI of 24.0, is young (26). With a strong Health Score (95/100) they sit in the Low risk tier."
HW1948,20,female,27.0,77.0,1,yes,east,4.0,2006-08-06,0.0,95.65,90.55,57.14,50.09,Fair,18-29,Overweight,16402.95,Medium,Medium,16599.4,20417.26,Smoker; Raised BMI,"The premium is moderate mainly because this customer is a smoker, has a BMI of 27.0 (overweight range). Combined with a mid-range Health Score (50/100), this places them in the Medium risk tier."
HW1949,48,female,33.7,97.9,0,yes,south,4.0,1978-12-21,0.0,34.78,60.4,57.14,25.25,Poor,40-49,Obese,49427.21,High,High,47430.5,58339.51,Smoker; High BMI,"The premium is high mainly because this customer is a smoker, has a BMI of 33.7 (obese range). Combined with a low Health Score (25/100), this places them in the High risk tier."
HW1950,57,female,26.6,79.5,1,yes,east,4.0,1969-02-07,0.0,15.22,92.35,57.14,27.43,Poor,50-64,Overweight,44761.25,High,High,45921.1,56482.95,Smoker; Raised BMI; Age,"The premium is high mainly because this customer is a smoker, has a BMI of 26.6 (overweight range), is 57 years old. Combined with a low Health Score (27/100), this places them in the High risk tier."
HW1951,54,male,32.5,96.5,3,yes,north,3.0,1972-02-14,0.0,21.74,65.8,42.86,22.69,Poor,50-64,Obese,21634.17,Medium,High,50542.11,62166.79,Smoker; High BMI; Age,"The premium is high mainly because this customer is a smoker, has a BMI of 32.5 (obese range), is 54 years old. Combined with a low Health Score (23/100), this places them in the High risk tier."
HW1952,53,male,27.6,80.1,1,no,west,4.0,1973-05-18,100.0,23.91,87.85,57.14,74.8,Good,50-64,Overweight,16289.89,Medium,Medium,15808.93,19444.98,Raised BMI; Age,"The premium is moderate mainly because this customer has a BMI of 27.6 (overweight range), is 53 years old. Combined with a strong Health Score (75/100), this places them in the Medium risk tier."
HW1953,41,male,39.9,115.1,2,yes,west,2.0,1985-11-10,0.0,50.0,32.5,28.57,22.55,Poor,40-49,Obese,53303.57,High,High,52489.95,64562.64,Smoker; High BMI; Low activity,"The premium is high mainly because this customer is a smoker, has a BMI of 39.9 (obese range), exercises only 2x per week. Combined with a low Health Score (23/100), this places them in the High risk tier."
HW1954,48,male,37.4,108.4,2,no,west,3.0,1978-11-27,100.0,34.78,43.75,42.86,67.03,Good,40-49,Obese,17309.45,Medium,Medium,17291.65,21268.73,High BMI,"The premium is moderate mainly because this customer has a BMI of 37.4 (obese range). Combined with a mid-range Health Score (67/100), this places them in the Medium risk tier."
HW1955,23,female,20.0,58.4,4,yes,west,5.0,2003-02-15,0.0,89.13,100.0,71.43,50.65,Fair,18-29,Normal,16212.44,Medium,Medium,16724.0,20570.52,Smoker; Dependents,"The premium is moderate mainly because this customer is a smoker, has 4 dependents. Combined with a mid-range Health Score (51/100), this places them in the Medium risk tier."
HW1956,19,female,31.1,89.3,2,no,south,2.0,2007-07-09,100.0,97.83,72.1,28.57,91.92,Excellent,18-29,Obese,13848.38,Medium,Medium,13200.38,16236.47,High BMI; Low activity,"The premium is moderate mainly because this customer has a BMI of 31.1 (obese range), exercises only 2x per week. Combined with a strong Health Score (92/100), this places them in the Medium risk tier."
HW1957,37,female,23.1,67.1,1,no,south,4.0,1989-05-07,100.0,58.7,100.0,57.14,87.76,Excellent,30-39,Normal,7179.19,Low,Low,7299.21,8978.02,No elevated risk factors,"The premium is low because this customer is a non-smoker, has a healthy BMI of 23.1. With a strong Health Score (88/100) they sit in the Low risk tier."
HW1958,45,male,29.1,81.0,2,yes,east,4.0,1981-04-02,0.0,41.3,81.1,57.14,32.18,Poor,40-49,Overweight,44024.11,High,High,46286.6,56932.52,Smoker; Raised BMI,"The premium is high mainly because this customer is a smoker, has a BMI of 29.1 (overweight range). Combined with a low Health Score (32/100), this places them in the High risk tier."
HW1959,28,female,28.4,82.2,0,no,south,2.0,1998-03-02,100.0,78.26,84.25,28.57,89.27,Excellent,18-29,Overweight,6774.52,Low,Medium,13028.1,16024.56,Raised BMI; Low activity,"The premium is moderate mainly because this customer has a BMI of 28.4 (overweight range), exercises only 2x per week. Combined with a strong Health Score (89/100), this places them in the Medium risk tier."
HW1960,21,female,21.7,63.7,2,yes,north,6.0,2005-05-22,0.0,93.48,100.0,85.71,52.03,Fair,18-29,Normal,16493.14,Medium,Medium,16063.52,19758.12,Smoker,"The premium is moderate mainly because this customer is a smoker. Combined with a mid-range Health Score (52/100), this places them in the Medium risk tier."
HW1961,32,female,34.4,98.4,3,no,north,4.0,1994-07-19,100.0,69.57,57.25,57.14,80.44,Excellent,30-39,Obese,14997.64,Medium,Medium,15244.36,18750.57,High BMI; Dependents,"The premium is moderate mainly because this customer has a BMI of 34.4 (obese range), has 3 dependents. Combined with a strong Health Score (80/100), this places them in the Medium risk tier."
HW1962,23,male,29.2,84.2,0,no,west,4.0,2003-04-24,100.0,89.13,80.65,57.14,91.77,Excellent,18-29,Overweight,6889.76,Low,Low,7018.75,8633.07,Raised BMI,"The premium is low overall. The main factor pushing it up is that this customer has a BMI of 29.2 (overweight range), but with a strong Health Score (92/100) they still sit in the Low risk tier."
HW1963,47,female,26.3,73.8,4,no,north,5.0,1979-04-07,100.0,36.96,93.7,71.43,80.1,Excellent,40-49,Overweight,14269.68,Medium,Medium,15506.09,19072.49,Raised BMI; Dependents,"The premium is moderate mainly because this customer has a BMI of 26.3 (overweight range), has 4 dependents. Combined with a strong Health Score (80/100), this places them in the Medium risk tier."
HW1964,55,male,25.4,70.9,3,no,east,5.0,1971-12-22,100.0,19.57,97.75,71.43,76.1,Excellent,50-64,Overweight,16067.46,Medium,Medium,16090.56,19791.39,Raised BMI; Age; Dependents,"The premium is moderate mainly because this customer has a BMI of 25.4 (overweight range), is 55 years old, has 3 dependents. Combined with a strong Health Score (76/100), this places them in the Medium risk tier."
HW1965,19,male,28.8,83.7,1,no,south,4.0,2007-07-17,100.0,97.83,82.45,57.14,94.71,Excellent,18-29,Overweight,7196.56,Low,Low,6990.8,8598.68,Raised BMI,"The premium is low overall. The main factor pushing it up is that this customer has a BMI of 28.8 (overweight range), but with a strong Health Score (95/100) they still sit in the Low risk tier."
HW1966,32,male,30.4,86.4,1,yes,south,3.0,1994-03-22,0.0,69.57,75.25,42.86,38.73,Fair,30-39,Obese,42226.71,High,High,43588.83,53614.26,Smoker; High BMI,"The premium is high mainly because this customer is a smoker, has a BMI of 30.4 (obese range). Combined with a low Health Score (39/100), this places them in the High risk tier."
HW1967,28,male,27.3,75.3,1,yes,south,5.0,1998-03-15,0.0,78.26,89.2,71.43,44.89,Fair,18-29,Overweight,17703.64,Medium,Medium,17737.24,21816.8,Smoker; Raised BMI,"The premium is moderate mainly because this customer is a smoker, has a BMI of 27.3 (overweight range). Combined with a low Health Score (45/100), this places them in the Medium risk tier."
HW1968,25,female,16.0,44.0,3,no,north,7.0,2001-07-25,100.0,84.78,80.0,100.0,90.75,Excellent,18-29,Underweight,6037.75,Low,Low,6509.32,8006.46,Low BMI; Dependents,"The premium is low overall. The main factor pushing it up is that this customer has a BMI of 16.0 (underweight range), has 3 dependents, but with a strong Health Score (91/100) they still sit in the Low risk tier."
HW1969,43,male,28.1,79.3,3,no,south,3.0,1983-03-17,100.0,45.65,85.6,42.86,80.37,Excellent,40-49,Overweight,15427.1,Medium,Low,8896.97,10943.27,Raised BMI; Dependents,"The premium is low overall. The main factor pushing it up is that this customer has a BMI of 28.1 (overweight range), has 3 dependents, but with a strong Health Score (80/100) they still sit in the Low risk tier."
HW1970,62,male,19.4,57.6,3,no,west,4.0,1964-10-15,100.0,4.35,100.0,57.14,72.15,Good,50-64,Normal,17334.95,Medium,Medium,15845.67,19490.17,Age; Dependents,"The premium is moderate mainly because this customer is 62 years old, has 3 dependents. Combined with a strong Health Score (72/100), this places them in the Medium risk tier."
HW1971,61,female,26.7,77.5,0,no,west,4.0,1965-06-17,100.0,6.52,91.9,57.14,70.8,Good,50-64,Overweight,38254.08,High,Medium,15709.03,19322.11,Raised BMI; Age,"The premium is moderate mainly because this customer has a BMI of 26.7 (overweight range), is 61 years old. Combined with a strong Health Score (71/100), this places them in the Medium risk tier."
HW1972,22,female,19.6,54.9,0,no,west,5.0,2004-01-14,100.0,91.3,100.0,71.43,97.25,Excellent,18-29,Normal,5176.29,Low,Low,5930.07,7293.99,No elevated risk factors,"The premium is low because this customer is a non-smoker, has a healthy BMI of 19.6, is young (22). With a strong Health Score (97/100) they sit in the Low risk tier."
HW1973,23,male,28.0,55.2,1,no,north,6.0,2003-08-25,100.0,89.13,86.05,85.71,93.34,Excellent,18-29,Overweight,6739.01,Low,Low,7098.52,8731.18,Raised BMI,"The premium is low overall. The main factor pushing it up is that this customer has a BMI of 28.0 (overweight range), but with a strong Health Score (93/100) they still sit in the Low risk tier."
HW1974,43,female,35.4,104.9,2,no,south,4.0,1983-02-25,100.0,45.65,52.75,57.14,72.47,Good,40-49,Obese,17237.63,Medium,Medium,16113.07,19819.08,High BMI,"The premium is moderate mainly because this customer has a BMI of 35.4 (obese range). Combined with a strong Health Score (72/100), this places them in the Medium risk tier."
HW1975,21,male,26.1,77.3,1,no,north,3.0,2005-05-08,100.0,93.48,94.6,42.86,96.3,Excellent,18-29,Overweight,6375.17,Low,Low,6909.1,8498.2,Raised BMI,"The premium is low overall. The main factor pushing it up is that this customer has a BMI of 26.1 (overweight range), but with a strong Health Score (96/100) they still sit in the Low risk tier."
HW1976,36,male,25.6,71.7,4,no,south,6.0,1990-07-23,100.0,60.87,96.85,85.71,87.87,Excellent,30-39,Overweight,8137.53,Low,Low,8643.49,10631.49,Raised BMI; Dependents,"The premium is low overall. The main factor pushing it up is that this customer has a BMI of 25.6 (overweight range), has 4 dependents, but with a strong Health Score (88/100) they still sit in the Low risk tier."
HW1977,37,male,30.9,91.6,0,yes,east,3.0,1989-04-18,0.0,58.7,73.0,42.86,35.06,Fair,30-39,Obese,45280.03,High,High,45093.36,55464.83,Smoker; High BMI,"The premium is high mainly because this customer is a smoker, has a BMI of 30.9 (obese range). Combined with a low Health Score (35/100), this places them in the High risk tier."
HW1978,50,male,25.8,74.4,3,yes,east,5.0,1976-05-16,0.0,30.43,95.95,71.43,32.81,Poor,50-64,Overweight,45313.19,High,High,45389.25,55828.78,Smoker; Raised BMI; Age,"The premium is high mainly because this customer is a smoker, has a BMI of 25.8 (overweight range), is 50 years old. Combined with a low Health Score (33/100), this places them in the High risk tier."
HW1979,37,female,40.6,118.9,0,no,north,2.0,1989-11-27,100.0,58.7,29.35,28.57,70.25,Good,30-39,Obese,16913.05,Medium,Medium,15947.67,19615.63,High BMI; Low activity,"The premium is moderate mainly because this customer has a BMI of 40.6 (obese range), exercises only 2x per week. Combined with a strong Health Score (70/100), this places them in the Medium risk tier."
HW1980,29,male,26.4,76.0,3,yes,west,5.0,1997-03-14,0.0,76.09,93.25,71.43,45.26,Fair,18-29,Overweight,18244.43,Medium,Medium,18326.1,22541.1,Smoker; Raised BMI; Dependents,"The premium is moderate mainly because this customer is a smoker, has a BMI of 26.4 (overweight range), has 3 dependents. Combined with a mid-range Health Score (45/100), this places them in the Medium risk tier."
HW1981,64,female,30.2,89.6,4,no,north,4.0,1962-09-06,100.0,0.0,76.15,57.14,65.08,Good,50-64,Obese,44275.81,High,High,43051.6,52953.47,High BMI; Age; Dependents,"The premium is high mainly because this customer has a BMI of 30.2 (obese range), is 64 years old, has 4 dependents. Combined with a mid-range Health Score (65/100), this places them in the High risk tier."
HW1982,18,female,33.8,95.4,4,no,west,3.0,2008-01-19,100.0,100.0,59.95,42.86,89.71,Excellent,18-29,Obese,15369.29,Medium,Medium,14283.43,17568.62,High BMI; Dependents,"The premium is moderate mainly because this customer has a BMI of 33.8 (obese range), has 4 dependents. Combined with a strong Health Score (90/100), this places them in the Medium risk tier."
HW1983,43,female,37.6,108.2,0,no,south,3.0,1983-12-04,100.0,45.65,42.85,42.86,69.93,Good,40-49,Obese,15072.17,Medium,Medium,15961.73,19632.93,High BMI,"The premium is moderate mainly because this customer has a BMI of 37.6 (obese range). Combined with a mid-range Health Score (70/100), this places them in the Medium risk tier."
HW1984,31,female,23.5,70.3,3,no,west,4.0,1995-09-11,100.0,71.74,100.0,57.14,91.5,Excellent,30-39,Normal,7826.45,Low,Low,7489.33,9211.88,Dependents,"The premium is low overall. The main factor pushing it up is that this customer has 3 dependents, but with a strong Health Score (92/100) they still sit in the Low risk tier."
HW1985,55,male,25.5,68.9,4,no,west,3.0,1971-06-04,100.0,19.57,97.3,42.86,75.73,Excellent,50-64,Overweight,16154.22,Medium,Medium,16579.09,20392.29,Raised BMI; Age; Dependents,"The premium is moderate mainly because this customer has a BMI of 25.5 (overweight range), is 55 years old, has 4 dependents. Combined with a strong Health Score (76/100), this places them in the Medium risk tier."
HW1986,54,female,35.6,102.8,1,no,south,2.0,1972-01-08,100.0,21.74,51.85,28.57,65.13,Good,50-64,Obese,14844.29,Medium,Medium,16734.96,20584.01,High BMI; Age; Low activity,"The premium is moderate mainly because this customer has a BMI of 35.6 (obese range), is 54 years old, exercises only 2x per week. Combined with a mid-range Health Score (65/100), this places them in the Medium risk tier."
HW1987,28,male,32.9,94.3,1,no,east,3.0,1998-11-02,100.0,78.26,64.0,42.86,84.45,Excellent,18-29,Obese,14810.74,Medium,Medium,14466.62,17793.95,High BMI,"The premium is moderate mainly because this customer has a BMI of 32.9 (obese range). Combined with a strong Health Score (84/100), this places them in the Medium risk tier."
HW1988,53,female,34.5,101.1,3,no,south,2.0,1973-11-11,100.0,23.91,56.8,28.57,66.96,Good,50-64,Obese,17684.5,Medium,Medium,17179.46,21130.73,High BMI; Age; Low activity,"The premium is moderate mainly because this customer has a BMI of 34.5 (obese range), is 53 years old, exercises only 2x per week. Combined with a mid-range Health Score (67/100), this places them in the Medium risk tier."
HW1989,30,female,19.8,59.4,0,no,north,5.0,1996-08-22,100.0,73.91,100.0,71.43,92.25,Excellent,30-39,Normal,5686.84,Low,Low,6348.17,7808.25,No elevated risk factors,"The premium is low because this customer is a non-smoker, has a healthy BMI of 19.8, is young (30). With a strong Health Score (92/100) they sit in the Low risk tier."
HW1990,60,male,37.3,109.3,4,no,north,4.0,1966-08-06,100.0,8.7,44.2,57.14,59.77,Good,50-64,Obese,46527.93,High,High,47519.6,58449.11,High BMI; Age; Dependents,"The premium is high mainly because this customer has a BMI of 37.3 (obese range), is 60 years old, has 4 dependents. Combined with a mid-range Health Score (60/100), this places them in the High risk tier."
HW1991,20,male,23.4,68.1,0,no,north,5.0,2006-05-21,100.0,95.65,100.0,71.43,98.5,Excellent,18-29,Normal,6191.65,Low,Low,6400.33,7872.41,No elevated risk factors,"The premium is low because this customer is a non-smoker, has a healthy BMI of 23.4, is young (20). With a strong Health Score (98/100) they sit in the Low risk tier."
HW1992,50,male,29.2,84.5,1,no,north,4.0,1976-10-26,100.0,30.43,80.65,57.14,74.92,Good,50-64,Overweight,16534.99,Medium,Medium,15827.19,19467.44,Raised BMI; Age,"The premium is moderate mainly because this customer has a BMI of 29.2 (overweight range), is 50 years old. Combined with a strong Health Score (75/100), this places them in the Medium risk tier."
HW1993,23,female,27.1,77.6,4,no,north,5.0,2003-11-08,100.0,89.13,90.1,71.43,94.21,Excellent,18-29,Overweight,6850.86,Low,Low,7535.09,9268.16,Raised BMI; Dependents,"The premium is low overall. The main factor pushing it up is that this customer has a BMI of 27.1 (overweight range), has 4 dependents, but with a strong Health Score (94/100) they still sit in the Low risk tier."
HW1994,27,female,22.7,66.0,0,no,east,5.0,1999-07-08,100.0,80.43,100.0,71.43,94.13,Excellent,18-29,Normal,6484.04,Low,Low,6461.31,7947.41,No elevated risk factors,"The premium is low because this customer is a non-smoker, has a healthy BMI of 22.7, is young (27). With a strong Health Score (94/100) they sit in the Low risk tier."
HW1995,22,male,19.5,59.3,2,no,east,5.0,2004-12-08,100.0,91.3,100.0,71.43,97.25,Excellent,18-29,Normal,5727.14,Low,Low,6770.22,8327.38,No elevated risk factors,"The premium is low because this customer is a non-smoker, has a healthy BMI of 19.5, is young (22). With a strong Health Score (97/100) they sit in the Low risk tier."
HW1996,40,male,17.5,48.9,3,no,west,6.0,1986-07-02,100.0,52.17,92.0,85.71,84.19,Excellent,40-49,Underweight,8120.78,Low,Low,8025.31,9871.13,Low BMI; Dependents,"The premium is low overall. The main factor pushing it up is that this customer has a BMI of 17.5 (underweight range), has 3 dependents, but with a strong Health Score (84/100) they still sit in the Low risk tier."
HW1997,27,male,28.7,82.1,3,no,north,4.0,1999-11-16,100.0,80.43,82.9,57.14,89.82,Excellent,18-29,Overweight,8122.31,Low,Low,7941.87,9768.5,Raised BMI; Dependents,"The premium is low overall. The main factor pushing it up is that this customer has a BMI of 28.7 (overweight range), has 3 dependents, but with a strong Health Score (90/100) they still sit in the Low risk tier."
HW1998,61,male,18.8,54.2,2,no,south,5.0,1965-09-13,100.0,6.52,100.0,71.43,72.9,Good,50-64,Normal,14819.14,Medium,Medium,15347.46,18877.37,Age,"The premium is moderate mainly because this customer is 61 years old. Combined with a strong Health Score (73/100), this places them in the Medium risk tier."
HW1999,19,female,21.2,63.3,1,no,north,6.0,2007-07-12,100.0,97.83,100.0,85.71,99.25,Excellent,18-29,Normal,12206.47,Medium,Low,6065.02,7459.97,No elevated risk factors,"The premium is low because this customer is a non-smoker, has a healthy BMI of 21.2, is young (19). With a strong Health Score (99/100) they sit in the Low risk tier."
HW2000,30,male,26.7,77.6,4,no,east,5.0,1996-11-22,100.0,73.91,91.9,71.43,90.28,Excellent,30-39,Overweight,7155.58,Low,Low,8384.89,10313.41,Raised BMI; Dependents,"The premium is low overall. The main factor pushing it up is that this customer has a BMI of 26.7 (overweight range), has 4 dependents, but with a strong Health Score (90/100) they still sit in the Low risk tier."
HW2001,57,male,16.0,48.2,3,no,north,4.0,1969-09-17,100.0,15.22,80.0,57.14,70.39,Good,50-64,Underweight,14678.66,Medium,High,31626.84,38901.01,Low BMI; Age; Dependents,"The premium is high mainly because this customer has a BMI of 16.0 (underweight range), is 57 years old, has 3 dependents. Combined with a strong Health Score (70/100), this places them in the High risk tier."
HW2002,19,male,32.7,96.6,2,no,east,3.0,2007-11-02,100.0,97.83,64.9,42.86,90.29,Excellent,18-29,Obese,14868.84,Medium,Medium,13847.79,17032.79,High BMI,"The premium is moderate mainly because this customer has a BMI of 32.7 (obese range). Combined with a strong Health Score (90/100), this places them in the Medium risk tier."
HW2003,37,male,16.0,47.4,2,no,west,5.0,1989-01-26,100.0,58.7,80.0,71.43,83.0,Excellent,30-39,Underweight,7457.96,Low,Low,7349.11,9039.4,Low BMI,"The premium is low overall. The main factor pushing it up is that this customer has a BMI of 16.0 (underweight range), but with a strong Health Score (83/100) they still sit in the Low risk tier."
HW2004,18,female,27.5,77.3,1,yes,west,4.0,2008-12-19,0.0,100.0,88.3,57.14,50.79,Fair,18-29,Overweight,9644.73,Low,Medium,16456.84,20241.92,Smoker; Raised BMI,"The premium is moderate mainly because this customer is a smoker, has a BMI of 27.5 (overweight range). Combined with a mid-range Health Score (51/100), this places them in the Medium risk tier."
HW2005,54,male,28.1,84.5,1,no,west,5.0,1972-11-05,100.0,21.74,85.6,71.43,73.76,Good,50-64,Overweight,15582.48,Medium,Medium,15963.96,19635.67,Raised BMI; Age,"The premium is moderate mainly because this customer has a BMI of 28.1 (overweight range), is 54 years old. Combined with a strong Health Score (74/100), this places them in the Medium risk tier."
HW2006,26,female,31.2,93.0,0,no,east,3.0,2000-01-20,100.0,82.61,71.65,42.86,87.57,Excellent,18-29,Obese,12935.56,Medium,Medium,13320.82,16384.61,High BMI,"The premium is moderate mainly because this customer has a BMI of 31.2 (obese range). Combined with a strong Health Score (88/100), this places them in the Medium risk tier."
HW2007,34,male,27.7,80.2,3,no,north,3.0,1992-08-06,100.0,65.22,87.4,42.86,86.42,Excellent,30-39,Overweight,8960.97,Low,Low,8269.1,10170.99,Raised BMI; Dependents,"The premium is low overall. The main factor pushing it up is that this customer has a BMI of 27.7 (overweight range), has 3 dependents, but with a strong Health Score (86/100) they still sit in the Low risk tier."
HW2008,26,male,40.1,113.1,0,no,north,2.0,2000-01-12,100.0,82.61,31.6,28.57,77.66,Excellent,18-29,Obese,15993.1,Medium,Medium,15108.3,18583.21,High BMI; Low activity,"The premium is moderate mainly because this customer has a BMI of 40.1 (obese range), exercises only 2x per week. Combined with a strong Health Score (78/100), this places them in the Medium risk tier."
HW2009,28,female,29.3,81.6,2,no,south,4.0,1998-01-03,100.0,78.26,80.2,57.14,88.54,Excellent,18-29,Overweight,15693.33,Medium,Low,7519.17,9248.58,Raised BMI,"The premium is low overall. The main factor pushing it up is that this customer has a BMI of 29.3 (overweight range), but with a strong Health Score (89/100) they still sit in the Low risk tier."
HW2010,32,male,34.3,99.6,4,no,east,3.0,1994-10-08,100.0,69.57,57.7,42.86,80.42,Excellent,30-39,Obese,16006.54,Medium,Medium,15934.14,19598.99,High BMI; Dependents,"The premium is moderate mainly because this customer has a BMI of 34.3 (obese range), has 4 dependents. Combined with a strong Health Score (80/100), this places them in the Medium risk tier."
HW2011,41,female,23.7,67.1,4,yes,south,4.0,1985-11-27,0.0,50.0,100.0,57.14,39.29,Fair,40-49,Normal,19041.22,Medium,Medium,18795.4,23118.34,Smoker; Dependents,"The premium is moderate mainly because this customer is a smoker, has 4 dependents. Combined with a low Health Score (39/100), this places them in the Medium risk tier."
HW2012,55,female,28.7,79.5,1,no,west,4.0,1971-08-03,100.0,19.57,82.9,57.14,72.35,Good,50-64,Overweight,15275.74,Medium,Medium,15806.87,19442.45,Raised BMI; Age,"The premium is moderate mainly because this customer has a BMI of 28.7 (overweight range), is 55 years old. Combined with a strong Health Score (72/100), this places them in the Medium risk tier."
HW2013,52,male,37.3,104.6,4,no,north,4.0,1974-07-19,100.0,26.09,44.2,57.14,64.77,Good,50-64,Obese,18170.35,Medium,Medium,18237.04,22431.56,High BMI; Age; Dependents,"The premium is moderate mainly because this customer has a BMI of 37.3 (obese range), is 52 years old, has 4 dependents. Combined with a mid-range Health Score (65/100), this places them in the Medium risk tier."
HW2014,47,female,26.6,75.9,4,yes,east,5.0,1979-04-25,0.0,36.96,92.35,71.43,33.8,Poor,40-49,Overweight,47160.52,High,High,44983.7,55329.95,Smoker; Raised BMI; Dependents,"The premium is high mainly because this customer is a smoker, has a BMI of 26.6 (overweight range), has 4 dependents. Combined with a low Health Score (34/100), this places them in the High risk tier."
HW2015,48,female,29.2,84.8,4,yes,south,5.0,1978-04-19,0.0,34.78,80.65,71.43,30.32,Poor,40-49,Overweight,47099.52,High,High,46886.85,57670.82,Smoker; Raised BMI; Dependents,"The premium is high mainly because this customer is a smoker, has a BMI of 29.2 (overweight range), has 4 dependents. Combined with a low Health Score (30/100), this places them in the High risk tier."
HW2016,22,female,33.9,100.8,2,no,south,3.0,2004-05-23,100.0,91.3,59.5,42.86,87.1,Excellent,18-29,Obese,13065.44,Medium,Medium,14028.43,17254.97,High BMI,"The premium is moderate mainly because this customer has a BMI of 33.9 (obese range). Combined with a strong Health Score (87/100), this places them in the Medium risk tier."
HW2017,61,female,23.5,68.9,4,no,south,5.0,1965-05-20,100.0,6.52,100.0,71.43,72.9,Good,50-64,Normal,15886.55,Medium,Medium,16375.02,20141.27,Age; Dependents,"The premium is moderate mainly because this customer is 61 years old, has 4 dependents. Combined with a strong Health Score (73/100), this places them in the Medium risk tier."
HW2018,31,female,16.0,45.5,4,yes,north,6.0,1995-08-04,0.0,71.74,80.0,85.71,40.9,Fair,30-39,Underweight,16443.7,Medium,Medium,16520.95,20320.77,Smoker; Low BMI; Dependents,"The premium is moderate mainly because this customer is a smoker, has a BMI of 16.0 (underweight range), has 4 dependents. Combined with a low Health Score (41/100), this places them in the Medium risk tier."
HW2019,28,female,29.5,86.0,4,no,north,4.0,1998-02-26,100.0,78.26,79.3,57.14,88.32,Excellent,18-29,Overweight,13501.74,Medium,Low,8005.22,9846.41,Raised BMI; Dependents,"The premium is low overall. The main factor pushing it up is that this customer has a BMI of 29.5 (overweight range), has 4 dependents, but with a strong Health Score (88/100) they still sit in the Low risk tier."
HW2020,26,female,33.9,98.6,0,no,north,3.0,2000-06-02,100.0,82.61,59.5,42.86,84.6,Excellent,18-29,Obese,13159.84,Medium,Medium,13709.67,16862.89,High BMI,"The premium is moderate mainly because this customer has a BMI of 33.9 (obese range). Combined with a strong Health Score (85/100), this places them in the Medium risk tier."
HW2021,51,female,19.9,59.0,2,no,east,4.0,1975-03-17,100.0,28.26,100.0,57.14,79.02,Excellent,50-64,Normal,7702.09,Low,Medium,14056.42,17289.39,Age,"The premium is moderate mainly because this customer is 51 years old. Combined with a strong Health Score (79/100), this places them in the Medium risk tier."
HW2022,29,male,32.0,92.4,1,no,north,4.0,1997-05-25,100.0,76.09,68.05,57.14,84.95,Excellent,18-29,Obese,13934.66,Medium,Medium,14348.08,17648.13,High BMI,"The premium is moderate mainly because this customer has a BMI of 32.0 (obese range). Combined with a strong Health Score (85/100), this places them in the Medium risk tier."
HW2023,52,male,32.1,94.8,0,no,east,2.0,1974-02-23,100.0,26.09,67.6,28.57,70.23,Good,50-64,Obese,17267.59,Medium,Medium,15846.5,19491.2,High BMI; Age; Low activity,"The premium is moderate mainly because this customer has a BMI of 32.1 (obese range), is 52 years old, exercises only 2x per week. Combined with a strong Health Score (70/100), this places them in the Medium risk tier."
HW2024,52,female,16.0,47.9,3,no,south,5.0,1974-05-18,100.0,26.09,80.0,71.43,73.64,Good,50-64,Underweight,13763.55,Medium,Medium,14022.05,17247.12,Low BMI; Age; Dependents,"The premium is moderate mainly because this customer has a BMI of 16.0 (underweight range), is 52 years old, has 3 dependents. Combined with a strong Health Score (74/100), this places them in the Medium risk tier."
HW2025,18,male,22.4,64.9,2,no,south,6.0,2008-08-27,100.0,100.0,100.0,85.71,99.87,Excellent,18-29,Normal,7879.59,Low,Low,6697.41,8237.82,No elevated risk factors,"The premium is low because this customer is a non-smoker, has a healthy BMI of 22.4, is young (18). With a strong Health Score (100/100) they sit in the Low risk tier."
HW2026,57,female,25.6,73.7,2,no,west,4.0,1969-06-20,100.0,15.22,96.85,57.14,74.5,Good,50-64,Overweight,14935.52,Medium,Medium,15769.93,19397.01,Raised BMI; Age,"The premium is moderate mainly because this customer has a BMI of 25.6 (overweight range), is 57 years old. Combined with a strong Health Score (74/100), this places them in the Medium risk tier."
HW2027,39,female,26.9,79.6,3,yes,north,5.0,1987-04-02,0.0,54.35,91.0,71.43,38.47,Fair,30-39,Overweight,19383.95,Medium,Medium,18863.59,23202.22,Smoker; Raised BMI; Dependents,"The premium is moderate mainly because this customer is a smoker, has a BMI of 26.9 (overweight range), has 3 dependents. Combined with a low Health Score (38/100), this places them in the Medium risk tier."
HW2028,46,male,23.5,66.5,3,no,south,6.0,1980-03-15,100.0,39.13,100.0,85.71,82.4,Excellent,40-49,Normal,15199.99,Medium,Medium,15209.44,18707.61,Dependents,"The premium is moderate mainly because this customer has 3 dependents. Combined with a strong Health Score (82/100), this places them in the Medium risk tier."
HW2029,25,female,23.2,64.0,3,yes,north,3.0,2001-07-19,0.0,84.78,100.0,42.86,49.15,Fair,18-29,Normal,17536.4,Medium,Medium,16985.07,20891.64,Smoker; Dependents,"The premium is moderate mainly because this customer is a smoker, has 3 dependents. Combined with a mid-range Health Score (49/100), this places them in the Medium risk tier."
HW2030,28,female,38.0,106.8,1,yes,east,3.0,1998-05-26,0.0,78.26,41.05,42.86,32.88,Poor,18-29,Obese,46429.08,High,High,47888.48,58902.84,Smoker; High BMI,"The premium is high mainly because this customer is a smoker, has a BMI of 38.0 (obese range). Combined with a low Health Score (33/100), this places them in the High risk tier."
HW2031,58,female,27.4,77.6,4,yes,south,5.0,1968-06-06,0.0,13.04,88.75,71.43,26.06,Poor,50-64,Overweight,47166.76,High,High,47669.21,58633.13,Smoker; Raised BMI; Age,"The premium is high mainly because this customer is a smoker, has a BMI of 27.4 (overweight range), is 58 years old. Combined with a low Health Score (26/100), this places them in the High risk tier."
HW2032,54,female,23.8,70.1,2,yes,north,6.0,1972-04-22,0.0,21.74,100.0,85.71,31.43,Poor,50-64,Normal,44463.06,High,High,43589.91,53615.59,Smoker; Age,"The premium is high mainly because this customer is a smoker, is 54 years old. Combined with a low Health Score (31/100), this places them in the High risk tier."
HW2033,31,male,27.8,79.5,4,no,south,3.0,1995-03-23,100.0,71.74,86.95,42.86,88.19,Excellent,30-39,Overweight,8256.9,Low,Low,8406.36,10339.82,Raised BMI; Dependents,"The premium is low overall. The main factor pushing it up is that this customer has a BMI of 27.8 (overweight range), has 4 dependents, but with a strong Health Score (88/100) they still sit in the Low risk tier."
HW2034,47,female,31.2,90.6,4,yes,south,4.0,1979-07-04,0.0,36.96,71.65,57.14,28.62,Poor,40-49,Obese,45017.76,High,High,47784.61,58775.07,Smoker; High BMI; Dependents,"The premium is high mainly because this customer is a smoker, has a BMI of 31.2 (obese range), has 4 dependents. Combined with a low Health Score (29/100), this places them in the High risk tier."
HW2035,52,female,28.3,80.8,3,no,north,3.0,1974-02-27,100.0,26.09,84.7,42.86,74.53,Good,50-64,Overweight,17113.41,Medium,Medium,15951.99,19620.95,Raised BMI; Age; Dependents,"The premium is moderate mainly because this customer has a BMI of 28.3 (overweight range), is 52 years old, has 3 dependents. Combined with a strong Health Score (75/100), this places them in the Medium risk tier."
HW2036,38,female,26.8,76.5,1,no,south,5.0,1988-07-03,100.0,56.52,91.45,71.43,85.17,Excellent,30-39,Overweight,8073.64,Low,Low,7651.11,9410.86,Raised BMI,"The premium is low overall. The main factor pushing it up is that this customer has a BMI of 26.8 (overweight range), but with a strong Health Score (85/100) they still sit in the Low risk tier."
HW2037,54,male,24.1,67.6,0,no,south,5.0,1972-01-02,100.0,21.74,100.0,71.43,77.27,Excellent,50-64,Normal,14592.58,Medium,Medium,14870.2,18290.34,Age,"The premium is moderate mainly because this customer is 54 years old. Combined with a strong Health Score (77/100), this places them in the Medium risk tier."
HW2038,22,female,24.0,69.2,1,yes,south,4.0,2004-10-16,0.0,91.3,100.0,57.14,51.15,Fair,18-29,Normal,16406.49,Medium,Medium,16226.34,19958.4,Smoker,"The premium is moderate mainly because this customer is a smoker. Combined with a mid-range Health Score (51/100), this places them in the Medium risk tier."
HW2039,36,male,24.4,70.2,4,no,south,5.0,1990-09-15,100.0,60.87,100.0,71.43,88.51,Excellent,30-39,Normal,8965.07,Low,Low,8444.13,10386.27,Dependents,"The premium is low overall. The main factor pushing it up is that this customer has 4 dependents, but with a strong Health Score (89/100) they still sit in the Low risk tier."
HW2040,31,male,30.0,87.5,1,no,east,2.0,1995-08-15,100.0,71.74,77.05,28.57,85.64,Excellent,30-39,Obese,15354.8,Medium,Medium,14224.89,17496.61,High BMI; Low activity,"The premium is moderate mainly because this customer has a BMI of 30.0 (obese range), exercises only 2x per week. Combined with a strong Health Score (86/100), this places them in the Medium risk tier."
HW2041,43,female,22.0,64.2,3,no,south,3.0,1983-06-14,100.0,45.65,100.0,42.86,83.88,Excellent,40-49,Normal,8136.92,Low,Low,8098.95,9961.71,Dependents,"The premium is low overall. The main factor pushing it up is that this customer has 3 dependents, but with a strong Health Score (84/100) they still sit in the Low risk tier."
HW2042,21,female,30.4,87.5,0,no,west,4.0,2005-06-14,100.0,93.48,75.25,57.14,91.7,Excellent,18-29,Obese,11940.18,Medium,Medium,12607.36,15507.05,High BMI,"The premium is moderate mainly because this customer has a BMI of 30.4 (obese range). Combined with a strong Health Score (92/100), this places them in the Medium risk tier."
HW2043,42,male,28.0,102.5,3,no,south,2.0,1984-01-18,100.0,47.83,86.05,28.57,80.97,Excellent,40-49,Overweight,18277.84,Medium,Low,8835.67,10867.87,Raised BMI; Low activity; Dependents,"The premium is low overall. The main factor pushing it up is that this customer has a BMI of 28.0 (overweight range), exercises only 2x per week, has 3 dependents, but with a strong Health Score (81/100) they still sit in the Low risk tier."
HW2044,62,female,30.0,88.8,0,no,north,4.0,1964-04-19,100.0,4.35,77.05,57.14,66.55,Good,50-64,Obese,16375.25,Medium,Medium,16274.29,20017.37,High BMI; Age,"The premium is moderate mainly because this customer has a BMI of 30.0 (obese range), is 62 years old. Combined with a mid-range Health Score (67/100), this places them in the Medium risk tier."
HW2045,59,male,25.8,74.4,4,no,west,4.0,1967-01-16,100.0,10.87,95.95,57.14,73.04,Good,50-64,Overweight,16816.52,Medium,Medium,16952.4,20851.46,Raised BMI; Age; Dependents,"The premium is moderate mainly because this customer has a BMI of 25.8 (overweight range), is 59 years old, has 4 dependents. Combined with a strong Health Score (73/100), this places them in the Medium risk tier."
HW2046,42,male,20.2,58.5,0,no,east,7.0,1984-08-07,100.0,47.83,100.0,100.0,85.02,Excellent,40-49,Normal,7654.45,Low,Low,7513.53,9241.64,No elevated risk factors,"The premium is low because this customer is a non-smoker, has a healthy BMI of 20.2, exercises 7x per week. With a strong Health Score (85/100) they sit in the Low risk tier."
HW2047,35,female,37.5,111.6,0,yes,west,3.0,1991-04-12,0.0,63.04,43.3,42.86,29.06,Poor,30-39,Obese,50103.51,High,High,48405.49,59538.75,Smoker; High BMI,"The premium is high mainly because this customer is a smoker, has a BMI of 37.5 (obese range). Combined with a low Health Score (29/100), this places them in the High risk tier."
HW2048,57,female,21.0,62.5,0,no,west,5.0,1969-09-27,100.0,15.22,100.0,71.43,75.4,Excellent,50-64,Normal,14160.08,Medium,Medium,14419.9,17736.48,Age,"The premium is moderate mainly because this customer is 57 years old. Combined with a strong Health Score (75/100), this places them in the Medium risk tier."
HW2049,25,male,33.1,96.6,1,yes,west,3.0,2001-04-01,0.0,84.78,63.1,42.86,40.14,Fair,18-29,Obese,46239.8,High,High,44371.72,54577.22,Smoker; High BMI,"The premium is high mainly because this customer is a smoker, has a BMI of 33.1 (obese range). Combined with a low Health Score (40/100), this places them in the High risk tier."
HW2050,56,male,31.8,91.9,1,no,north,3.0,1970-10-17,100.0,17.39,68.95,42.86,68.19,Good,50-64,Obese,16656.31,Medium,Medium,16821.5,20690.44,High BMI; Age,"The premium is moderate mainly because this customer has a BMI of 31.8 (obese range), is 56 years old. Combined with a mid-range Health Score (68/100), this places them in the Medium risk tier."
HW2051,57,male,26.6,76.9,4,no,north,4.0,1969-01-17,100.0,15.22,92.35,57.14,73.41,Good,50-64,Overweight,17451.15,Medium,Medium,16906.92,20795.51,Raised BMI; Age; Dependents,"The premium is moderate mainly because this customer has a BMI of 26.6 (overweight range), is 57 years old, has 4 dependents. Combined with a strong Health Score (73/100), this places them in the Medium risk tier."
HW2052,31,male,26.4,76.8,0,no,north,3.0,1995-04-17,100.0,71.74,93.25,42.86,89.73,Excellent,30-39,Overweight,6945.36,Low,Low,7321.84,9005.86,Raised BMI,"The premium is low overall. The main factor pushing it up is that this customer has a BMI of 26.4 (overweight range), but with a strong Health Score (90/100) they still sit in the Low risk tier."
HW2053,49,female,17.0,49.9,2,no,east,6.0,1977-02-20,100.0,32.61,88.0,85.71,77.59,Excellent,40-49,Underweight,14277.65,Medium,Medium,13450.79,16544.48,Low BMI,"The premium is moderate mainly because this customer has a BMI of 17.0 (underweight range). Combined with a strong Health Score (78/100), this places them in the Medium risk tier."
HW2054,55,female,30.0,90.1,4,no,north,3.0,1971-07-02,100.0,19.57,77.05,42.86,70.79,Good,50-64,Obese,16216.56,Medium,Medium,16866.56,20745.87,High BMI; Age; Dependents,"The premium is moderate mainly because this customer has a BMI of 30.0 (obese range), is 55 years old, has 4 dependents. Combined with a strong Health Score (71/100), this places them in the Medium risk tier."
HW2055,50,female,31.7,96.6,0,no,north,3.0,1976-08-13,100.0,30.43,69.4,42.86,72.04,Good,50-64,Obese,15869.36,Medium,Medium,15478.81,19038.94,High BMI; Age,"The premium is moderate mainly because this customer has a BMI of 31.7 (obese range), is 50 years old. Combined with a strong Health Score (72/100), this places them in the Medium risk tier."
HW2056,40,female,21.5,62.7,0,no,west,6.0,1986-07-25,100.0,52.17,100.0,85.71,86.14,Excellent,40-49,Normal,6451.04,Low,Low,7116.84,8753.72,No elevated risk factors,"The premium is low because this customer is a non-smoker, has a healthy BMI of 21.5, exercises 6x per week. With a strong Health Score (86/100) they sit in the Low risk tier."
HW2057,32,female,27.1,74.0,1,no,north,3.0,1994-06-20,100.0,69.57,90.1,42.86,88.33,Excellent,30-39,Overweight,13240.33,Medium,Low,7289.22,8965.74,Raised BMI,"The premium is low overall. The main factor pushing it up is that this customer has a BMI of 27.1 (overweight range), but with a strong Health Score (88/100) they still sit in the Low risk tier."
HW2058,50,male,28.2,79.6,4,yes,south,4.0,1976-06-15,0.0,30.43,85.15,57.14,30.04,Poor,50-64,Overweight,47868.62,High,High,47282.68,58157.7,Smoker; Raised BMI; Age,"The premium is high mainly because this customer is a smoker, has a BMI of 28.2 (overweight range), is 50 years old. Combined with a low Health Score (30/100), this places them in the High risk tier."
HW2059,42,female,31.5,94.7,0,no,north,3.0,1984-04-23,100.0,47.83,70.3,42.86,77.26,Excellent,40-49,Obese,14046.81,Medium,Medium,14637.17,18003.72,High BMI,"The premium is moderate mainly because this customer has a BMI of 31.5 (obese range). Combined with a strong Health Score (77/100), this places them in the Medium risk tier."
HW2060,34,female,28.0,82.4,0,no,east,4.0,1992-09-03,100.0,65.22,86.05,57.14,86.22,Excellent,30-39,Overweight,7230.6,Low,Low,7124.47,8763.1,Raised BMI,"The premium is low overall. The main factor pushing it up is that this customer has a BMI of 28.0 (overweight range), but with a strong Health Score (86/100) they still sit in the Low risk tier."
HW2061,50,female,18.2,53.5,4,yes,east,5.0,1976-03-02,0.0,30.43,97.6,71.43,33.21,Poor,50-64,Underweight,40801.78,High,High,40020.56,49225.29,Smoker; Low BMI; Age,"The premium is high mainly because this customer is a smoker, has a BMI of 18.2 (underweight range), is 50 years old. Combined with a low Health Score (33/100), this places them in the High risk tier."
HW2062,64,female,24.8,71.3,2,no,south,5.0,1962-01-14,100.0,0.0,100.0,71.43,71.03,Good,50-64,Normal,16650.94,Medium,Medium,16093.58,19795.1,Age,"The premium is moderate mainly because this customer is 64 years old. Combined with a strong Health Score (71/100), this places them in the Medium risk tier."
HW2063,19,female,28.0,82.3,4,yes,east,5.0,2007-01-13,0.0,97.83,86.05,71.43,49.74,Fair,18-29,Overweight,17869.13,Medium,Medium,17462.03,21478.3,Smoker; Raised BMI; Dependents,"The premium is moderate mainly because this customer is a smoker, has a BMI of 28.0 (overweight range), has 4 dependents. Combined with a mid-range Health Score (50/100), this places them in the Medium risk tier."
HW2064,31,male,33.0,98.7,4,no,east,3.0,1995-03-23,100.0,71.74,63.55,42.86,82.47,Excellent,30-39,Obese,16784.2,Medium,Medium,15462.32,19018.66,High BMI; Dependents,"The premium is moderate mainly because this customer has a BMI of 33.0 (obese range), has 4 dependents. Combined with a strong Health Score (82/100), this places them in the Medium risk tier."
HW2065,57,male,24.3,68.6,2,no,west,5.0,1969-11-25,100.0,15.22,100.0,71.43,75.4,Excellent,50-64,Normal,16931.44,Medium,Medium,15936.95,19602.45,Age,"The premium is moderate mainly because this customer is 57 years old. Combined with a strong Health Score (75/100), this places them in the Medium risk tier."
HW2066,57,male,41.1,120.2,4,no,south,2.0,1969-02-07,100.0,15.22,27.1,28.57,57.22,Good,50-64,Obese,19485.44,Medium,Medium,19268.57,23700.34,High BMI; Age; Low activity,"The premium is moderate mainly because this customer has a BMI of 41.1 (obese range), is 57 years old, exercises only 2x per week. Combined with a mid-range Health Score (57/100), this places them in the Medium risk tier."
HW2067,56,female,16.6,45.4,0,yes,west,7.0,1970-01-18,0.0,17.39,84.8,100.0,26.6,Poor,50-64,Underweight,36035.4,High,High,38638.54,47525.41,Smoker; Low BMI; Age,"The premium is high mainly because this customer is a smoker, has a BMI of 16.6 (underweight range), is 56 years old. Combined with a low Health Score (27/100), this places them in the High risk tier."
HW2068,23,male,24.6,70.7,4,yes,west,6.0,2003-06-27,0.0,89.13,100.0,85.71,50.78,Fair,18-29,Normal,17374.63,Medium,Medium,17794.68,21887.46,Smoker; Dependents,"The premium is moderate mainly because this customer is a smoker, has 4 dependents. Combined with a mid-range Health Score (51/100), this places them in the Medium risk tier."
HW2069,23,male,27.5,81.5,2,yes,north,4.0,2003-05-08,0.0,89.13,88.3,57.14,47.67,Fair,18-29,Overweight,15728.79,Medium,Medium,17658.55,21720.02,Smoker; Raised BMI,"The premium is moderate mainly because this customer is a smoker, has a BMI of 27.5 (overweight range). Combined with a mid-range Health Score (48/100), this places them in the Medium risk tier."
HW2070,20,female,26.8,77.0,3,no,south,3.0,2006-12-27,100.0,95.65,91.45,42.86,96.15,Excellent,18-29,Overweight,7011.59,Low,Low,7014.38,8627.69,Raised BMI; Dependents,"The premium is low overall. The main factor pushing it up is that this customer has a BMI of 26.8 (overweight range), has 3 dependents, but with a strong Health Score (96/100) they still sit in the Low risk tier."
HW2071,24,female,20.6,58.8,4,no,north,6.0,2002-02-01,100.0,86.96,100.0,85.71,96.13,Excellent,18-29,Normal,7718.79,Low,Low,7119.76,8757.31,Dependents,"The premium is low overall. The main factor pushing it up is that this customer has 4 dependents, but with a strong Health Score (96/100) they still sit in the Low risk tier."
HW2072,25,female,30.7,88.7,1,no,north,4.0,2001-07-22,100.0,84.78,73.9,57.14,88.87,Excellent,18-29,Obese,13912.91,Medium,Medium,13267.61,16319.16,High BMI,"The premium is moderate mainly because this customer has a BMI of 30.7 (obese range). Combined with a strong Health Score (89/100), this places them in the Medium risk tier."
HW2073,59,male,30.2,84.6,0,no,west,4.0,1967-08-11,100.0,10.87,76.15,57.14,68.2,Good,50-64,Obese,40690.32,High,High,40663.12,50015.64,High BMI; Age,"The premium is high mainly because this customer has a BMI of 30.2 (obese range), is 59 years old. Combined with a mid-range Health Score (68/100), this places them in the High risk tier."
HW2074,32,male,28.0,78.7,0,no,east,4.0,1994-08-02,100.0,69.57,86.05,57.14,87.47,Excellent,30-39,Overweight,7256.64,Low,Low,7560.73,9299.7,Raised BMI,"The premium is low overall. The main factor pushing it up is that this customer has a BMI of 28.0 (overweight range), but with a strong Health Score (87/100) they still sit in the Low risk tier."
HW2075,64,female,30.0,88.1,1,no,south,3.0,1962-08-06,100.0,0.0,77.05,42.86,65.17,Good,50-64,Obese,41380.15,High,Medium,16852.24,20728.25,High BMI; Age,"The premium is moderate mainly because this customer has a BMI of 30.0 (obese range), is 64 years old. Combined with a mid-range Health Score (65/100), this places them in the Medium risk tier."
HW2076,46,female,25.5,72.9,1,no,east,5.0,1980-09-07,100.0,39.13,97.3,71.43,81.61,Excellent,40-49,Overweight,16178.1,Medium,Medium,14237.51,17512.14,Raised BMI,"The premium is moderate mainly because this customer has a BMI of 25.5 (overweight range). Combined with a strong Health Score (82/100), this places them in the Medium risk tier."
HW2077,50,male,18.3,54.3,4,no,west,6.0,1976-02-24,100.0,30.43,98.4,85.71,79.51,Excellent,50-64,Underweight,16082.93,Medium,Medium,14838.51,18251.36,Low BMI; Age; Dependents,"The premium is moderate mainly because this customer has a BMI of 18.3 (underweight range), is 50 years old, has 4 dependents. Combined with a strong Health Score (80/100), this places them in the Medium risk tier."
HW2078,47,male,23.7,70.7,1,no,west,4.0,1979-09-23,100.0,36.96,100.0,57.14,81.52,Excellent,40-49,Normal,14395.73,Medium,Medium,14583.84,17938.12,No elevated risk factors,"The premium is moderate because this customer is a non-smoker, has a healthy BMI of 23.7. With a strong Health Score (82/100) they sit in the Medium risk tier."
HW2079,56,female,28.9,85.9,3,yes,west,4.0,1970-04-09,0.0,17.39,82.0,57.14,25.53,Poor,50-64,Overweight,45257.5,High,High,47916.64,58937.47,Smoker; Raised BMI; Age,"The premium is high mainly because this customer is a smoker, has a BMI of 28.9 (overweight range), is 56 years old. Combined with a low Health Score (26/100), this places them in the High risk tier."
HW2080,44,female,29.0,80.6,2,yes,west,4.0,1982-04-12,0.0,43.48,81.55,57.14,32.91,Poor,40-49,Overweight,21487.29,Medium,Medium,19347.21,23797.07,Smoker; Raised BMI,"The premium is moderate mainly because this customer is a smoker, has a BMI of 29.0 (overweight range). Combined with a low Health Score (33/100), this places them in the Medium risk tier."
HW2081,53,male,28.2,80.1,1,no,west,4.0,1973-04-25,100.0,23.91,85.15,57.14,74.14,Good,50-64,Overweight,15255.04,Medium,Medium,15911.59,19571.26,Raised BMI; Age,"The premium is moderate mainly because this customer has a BMI of 28.2 (overweight range), is 53 years old. Combined with a strong Health Score (74/100), this places them in the Medium risk tier."
HW2082,46,female,31.3,91.5,1,yes,west,5.0,1980-08-20,0.0,39.13,71.2,71.43,29.26,Poor,40-49,Obese,47539.14,High,High,46845.7,57620.21,Smoker; High BMI,"The premium is high mainly because this customer is a smoker, has a BMI of 31.3 (obese range). Combined with a low Health Score (29/100), this places them in the High risk tier."
HW2083,55,male,24.5,71.9,3,no,east,4.0,1971-08-24,100.0,19.57,100.0,57.14,76.52,Excellent,50-64,Normal,14632.15,Medium,Medium,16027.02,19713.24,Age; Dependents,"The premium is moderate mainly because this customer is 55 years old, has 3 dependents. Combined with a strong Health Score (77/100), this places them in the Medium risk tier."
HW2084,50,male,28.2,86.0,0,no,north,4.0,1976-07-26,100.0,30.43,85.15,57.14,76.02,Excellent,50-64,Overweight,15035.22,Medium,Medium,15213.94,18713.15,Raised BMI; Age,"The premium is moderate mainly because this customer has a BMI of 28.2 (overweight range), is 50 years old. Combined with a strong Health Score (76/100), this places them in the Medium risk tier."
HW2085,54,male,31.4,88.9,0,no,east,4.0,1972-06-08,100.0,21.74,70.75,57.14,70.0,Good,50-64,Obese,14875.49,Medium,Medium,16099.9,19802.88,High BMI; Age,"The premium is moderate mainly because this customer has a BMI of 31.4 (obese range), is 54 years old. Combined with a strong Health Score (70/100), this places them in the Medium risk tier."
HW2086,44,male,27.5,81.8,4,no,south,4.0,1982-07-05,100.0,43.48,88.3,57.14,80.53,Excellent,40-49,Overweight,8717.15,Low,Low,9285.77,11421.49,Raised BMI; Dependents,"The premium is low overall. The main factor pushing it up is that this customer has a BMI of 27.5 (overweight range), has 4 dependents, but with a strong Health Score (81/100) they still sit in the Low risk tier."
HW2087,50,female,20.5,60.0,3,yes,east,4.0,1976-12-13,0.0,30.43,100.0,57.14,33.67,Poor,50-64,Normal,39660.51,High,Medium,18787.18,23108.23,Smoker; Age; Dependents,"The premium is moderate mainly because this customer is a smoker, is 50 years old, has 3 dependents. Combined with a low Health Score (34/100), this places them in the Medium risk tier."
HW2088,21,female,22.2,60.9,2,no,west,5.0,2005-04-14,100.0,93.48,100.0,71.43,97.87,Excellent,18-29,Normal,6750.65,Low,Low,6595.49,8112.45,No elevated risk factors,"The premium is low because this customer is a non-smoker, has a healthy BMI of 22.2, is young (21). With a strong Health Score (98/100) they sit in the Low risk tier."
HW2089,39,male,33.0,94.3,2,no,east,3.0,1987-12-18,100.0,54.35,63.55,42.86,77.48,Excellent,30-39,Obese,15658.52,Medium,Medium,15697.19,19307.54,High BMI,"The premium is moderate mainly because this customer has a BMI of 33.0 (obese range). Combined with a strong Health Score (77/100), this places them in the Medium risk tier."
HW2090,19,male,36.4,105.7,3,no,north,3.0,2007-11-24,100.0,97.83,48.25,42.86,86.23,Excellent,18-29,Obese,17198.03,Medium,Medium,14804.31,18209.3,High BMI; Dependents,"The premium is moderate mainly because this customer has a BMI of 36.4 (obese range), has 3 dependents. Combined with a strong Health Score (86/100), this places them in the Medium risk tier."
HW2091,27,male,35.1,98.0,2,no,south,3.0,1999-09-20,100.0,80.43,54.1,42.86,82.66,Excellent,18-29,Obese,16003.42,Medium,Medium,15097.45,18569.86,High BMI,"The premium is moderate mainly because this customer has a BMI of 35.1 (obese range). Combined with a strong Health Score (83/100), this places them in the Medium risk tier."
HW2092,22,male,29.4,80.8,0,no,east,4.0,2004-04-21,100.0,91.3,79.75,57.14,92.17,Excellent,18-29,Overweight,7591.97,Low,Low,6986.91,8593.9,Raised BMI,"The premium is low overall. The main factor pushing it up is that this customer has a BMI of 29.4 (overweight range), but with a strong Health Score (92/100) they still sit in the Low risk tier."
HW2093,27,male,20.8,56.6,2,no,north,4.0,1999-02-07,100.0,80.43,100.0,57.14,94.0,Excellent,18-29,Normal,7410.65,Low,Low,7098.91,8731.66,No elevated risk factors,"The premium is low because this customer is a non-smoker, has a healthy BMI of 20.8, is young (27). With a strong Health Score (94/100) they sit in the Low risk tier."
HW2094,50,female,28.0,81.4,2,no,east,4.0,1976-05-06,100.0,30.43,86.05,57.14,76.24,Excellent,50-64,Overweight,15638.45,Medium,Medium,15482.56,19043.54,Raised BMI; Age,"The premium is moderate mainly because this customer has a BMI of 28.0 (overweight range), is 50 years old. Combined with a strong Health Score (76/100), this places them in the Medium risk tier."
HW2095,55,female,37.4,107.1,3,yes,south,3.0,1971-04-24,0.0,19.57,43.75,42.86,16.69,Poor,50-64,Obese,55400.3,High,High,53128.8,65348.42,Smoker; High BMI; Age,"The premium is high mainly because this customer is a smoker, has a BMI of 37.4 (obese range), is 55 years old. Combined with a low Health Score (17/100), this places them in the High risk tier."
HW2096,30,female,31.7,90.4,3,no,east,3.0,1996-08-21,100.0,73.91,69.4,42.86,84.53,Excellent,30-39,Obese,12312.9,Medium,Medium,14651.57,18021.43,High BMI; Dependents,"The premium is moderate mainly because this customer has a BMI of 31.7 (obese range), has 3 dependents. Combined with a strong Health Score (85/100), this places them in the Medium risk tier."
HW2097,48,female,26.8,76.3,2,no,west,4.0,1978-12-22,100.0,34.78,91.45,57.14,78.8,Excellent,40-49,Overweight,14424.01,Medium,Medium,15166.38,18654.65,Raised BMI,"The premium is moderate mainly because this customer has a BMI of 26.8 (overweight range). Combined with a strong Health Score (79/100), this places them in the Medium risk tier."
HW2098,64,male,31.8,89.1,1,no,east,3.0,1962-03-17,100.0,0.0,68.95,42.86,63.19,Good,50-64,Obese,40581.11,High,High,43614.37,53645.67,High BMI; Age,"The premium is high mainly because this customer has a BMI of 31.8 (obese range), is 64 years old. Combined with a mid-range Health Score (63/100), this places them in the High risk tier."
HW2099,53,male,20.4,58.0,3,no,north,4.0,1973-09-25,100.0,23.91,100.0,57.14,77.77,Excellent,50-64,Normal,13411.14,Medium,Medium,15171.28,18660.68,Age; Dependents,"The premium is moderate mainly because this customer is 53 years old, has 3 dependents. Combined with a strong Health Score (78/100), this places them in the Medium risk tier."
HW2100,62,male,23.8,65.1,4,no,east,5.0,1964-03-20,100.0,4.35,100.0,71.43,72.28,Good,50-64,Normal,16182.17,Medium,Medium,16790.42,20652.21,Age; Dependents,"The premium is moderate mainly because this customer is 62 years old, has 4 dependents. Combined with a strong Health Score (72/100), this places them in the Medium risk tier."
HW2101,41,male,21.5,64.5,4,no,north,4.0,1985-07-18,100.0,50.0,100.0,57.14,85.26,Excellent,40-49,Normal,8063.5,Low,Low,8619.88,10602.46,Dependents,"The premium is low overall. The main factor pushing it up is that this customer has 4 dependents, but with a strong Health Score (85/100) they still sit in the Low risk tier."
HW2102,32,male,28.0,92.4,0,no,south,5.0,1994-12-19,100.0,69.57,86.05,71.43,87.6,Excellent,30-39,Overweight,15158.78,Medium,Low,7494.86,9218.68,Raised BMI,"The premium is low overall. The main factor pushing it up is that this customer has a BMI of 28.0 (overweight range), but with a strong Health Score (88/100) they still sit in the Low risk tier."
HW2103,46,female,32.3,88.7,2,yes,east,3.0,1980-06-27,0.0,39.13,66.7,42.86,27.91,Poor,40-49,Obese,47899.94,High,High,48011.75,59054.46,Smoker; High BMI,"The premium is high mainly because this customer is a smoker, has a BMI of 32.3 (obese range). Combined with a low Health Score (28/100), this places them in the High risk tier."
HW2104,25,male,27.1,77.4,1,no,south,4.0,2001-08-17,100.0,84.78,90.1,57.14,92.83,Excellent,18-29,Overweight,6413.52,Low,Low,7220.7,8881.46,Raised BMI,"The premium is low overall. The main factor pushing it up is that this customer has a BMI of 27.1 (overweight range), but with a strong Health Score (93/100) they still sit in the Low risk tier."
HW2105,22,female,22.8,65.1,0,yes,south,4.0,2004-04-15,0.0,91.3,100.0,57.14,51.15,Fair,18-29,Normal,15976.64,Medium,Medium,15710.6,19324.04,Smoker,"The premium is moderate mainly because this customer is a smoker. Combined with a mid-range Health Score (51/100), this places them in the Medium risk tier."
HW2106,46,female,27.9,80.3,2,yes,east,4.0,1980-01-02,0.0,39.13,86.5,57.14,32.87,Poor,40-49,Overweight,43053.05,High,High,45272.91,55685.68,Smoker; Raised BMI,"The premium is high mainly because this customer is a smoker, has a BMI of 27.9 (overweight range). Combined with a low Health Score (33/100), this places them in the High risk tier."
HW2107,64,female,25.1,74.5,3,no,north,5.0,1962-08-22,100.0,0.0,99.1,71.43,70.81,Good,50-64,Overweight,16554.07,Medium,Medium,16406.71,20180.25,Raised BMI; Age; Dependents,"The premium is moderate mainly because this customer has a BMI of 25.1 (overweight range), is 64 years old, has 3 dependents. Combined with a strong Health Score (71/100), this places them in the Medium risk tier."
HW2108,21,female,23.2,66.1,4,no,south,6.0,2005-09-02,100.0,93.48,100.0,85.71,98.0,Excellent,18-29,Normal,7293.17,Low,Low,7077.92,8705.85,Dependents,"The premium is low overall. The main factor pushing it up is that this customer has 4 dependents, but with a strong Health Score (98/100) they still sit in the Low risk tier."
HW2109,29,male,30.0,86.5,1,no,south,4.0,1997-03-09,100.0,76.09,77.05,57.14,87.15,Excellent,18-29,Obese,13279.57,Medium,Medium,13971.58,17185.05,High BMI,"The premium is moderate mainly because this customer has a BMI of 30.0 (obese range). Combined with a strong Health Score (87/100), this places them in the Medium risk tier."
HW2110,62,female,23.5,73.9,4,yes,east,5.0,1964-09-13,0.0,4.35,100.0,71.43,26.31,Poor,50-64,Normal,46446.25,High,High,46266.99,56908.4,Smoker; Age; Dependents,"The premium is high mainly because this customer is a smoker, is 62 years old, has 4 dependents. Combined with a low Health Score (26/100), this places them in the High risk tier."
HW2111,19,female,18.6,53.5,3,no,east,5.0,2007-06-15,100.0,97.83,100.0,71.43,99.12,Excellent,18-29,Normal,6558.93,Low,Low,6413.19,7888.22,Dependents,"The premium is low overall. The main factor pushing it up is that this customer has 3 dependents, but with a strong Health Score (99/100) they still sit in the Low risk tier."
HW2112,44,female,19.9,61.0,2,no,east,5.0,1982-03-21,100.0,43.48,100.0,71.43,83.52,Excellent,40-49,Normal,7658.08,Low,Low,7727.45,9504.77,No elevated risk factors,"The premium is low because this customer is a non-smoker, has a healthy BMI of 19.9, exercises 5x per week. With a strong Health Score (84/100) they sit in the Low risk tier."
HW2113,48,male,18.4,54.2,3,no,east,6.0,1978-02-07,100.0,34.78,99.2,85.71,80.95,Excellent,40-49,Underweight,13624.34,Medium,Medium,14298.62,17587.3,Low BMI; Dependents,"The premium is moderate mainly because this customer has a BMI of 18.4 (underweight range), has 3 dependents. Combined with a strong Health Score (81/100), this places them in the Medium risk tier."
HW2114,53,male,29.5,84.1,3,no,east,4.0,1973-10-11,100.0,23.91,79.3,57.14,72.72,Good,50-64,Overweight,16747.83,Medium,Medium,16570.35,20381.53,Raised BMI; Age; Dependents,"The premium is moderate mainly because this customer has a BMI of 29.5 (overweight range), is 53 years old, has 3 dependents. Combined with a strong Health Score (73/100), this places them in the Medium risk tier."
HW2115,53,male,28.9,82.1,4,no,west,4.0,1973-08-06,100.0,23.91,82.0,57.14,73.37,Good,50-64,Overweight,16811.46,Medium,Medium,16929.61,20823.41,Raised BMI; Age; Dependents,"The premium is moderate mainly because this customer has a BMI of 28.9 (overweight range), is 53 years old, has 4 dependents. Combined with a strong Health Score (73/100), this places them in the Medium risk tier."
HW2116,43,female,28.6,82.6,1,no,east,4.0,1983-08-02,100.0,45.65,83.35,57.14,79.95,Excellent,40-49,Overweight,8260.43,Low,Low,8052.54,9904.62,Raised BMI,"The premium is low overall. The main factor pushing it up is that this customer has a BMI of 28.6 (overweight range), but with a strong Health Score (80/100) they still sit in the Low risk tier."
HW2117,60,female,31.5,88.8,3,no,north,2.0,1966-03-16,100.0,8.7,70.3,28.57,65.89,Good,50-64,Obese,41900.21,High,High,42921.92,52793.96,High BMI; Age; Low activity,"The premium is high mainly because this customer has a BMI of 31.5 (obese range), is 60 years old, exercises only 2x per week. Combined with a mid-range Health Score (66/100), this places them in the High risk tier."
HW2118,44,male,35.2,100.0,4,yes,south,4.0,1982-07-10,0.0,43.48,53.65,57.14,26.1,Poor,40-49,Obese,48794.36,High,High,51012.25,62745.06,Smoker; High BMI; Dependents,"The premium is high mainly because this customer is a smoker, has a BMI of 35.2 (obese range), has 4 dependents. Combined with a low Health Score (26/100), this places them in the High risk tier."
HW2119,22,female,24.4,69.7,1,no,north,5.0,2004-12-17,100.0,91.3,100.0,71.43,97.25,Excellent,18-29,Normal,11629.89,Medium,Low,6487.14,7979.18,No elevated risk factors,"The premium is low because this customer is a non-smoker, has a healthy BMI of 24.4, is young (22). With a strong Health Score (97/100) they sit in the Low risk tier."
HW2120,37,male,30.4,88.4,2,no,north,3.0,1989-07-22,100.0,58.7,75.25,42.86,81.58,Excellent,30-39,Obese,15381.01,Medium,Medium,15101.01,18574.24,High BMI,"The premium is moderate mainly because this customer has a BMI of 30.4 (obese range). Combined with a strong Health Score (82/100), this places them in the Medium risk tier."
HW2121,28,male,18.5,57.1,2,no,west,6.0,1998-08-07,100.0,78.26,100.0,85.71,93.63,Excellent,18-29,Normal,7143.31,Low,Low,7146.0,8789.58,No elevated risk factors,"The premium is low because this customer is a non-smoker, has a healthy BMI of 18.5, is young (28). With a strong Health Score (94/100) they sit in the Low risk tier."
HW2122,27,female,36.3,103.9,0,yes,east,3.0,1999-04-03,0.0,80.43,48.7,42.86,35.37,Fair,18-29,Obese,45525.33,High,High,46103.36,56707.13,Smoker; High BMI,"The premium is high mainly because this customer is a smoker, has a BMI of 36.3 (obese range). Combined with a low Health Score (35/100), this places them in the High risk tier."
HW2123,57,female,20.5,60.2,4,no,south,6.0,1969-03-15,100.0,15.22,100.0,85.71,75.53,Excellent,50-64,Normal,14867.05,Medium,Medium,15497.79,19062.29,Age; Dependents,"The premium is moderate mainly because this customer is 57 years old, has 4 dependents. Combined with a strong Health Score (76/100), this places them in the Medium risk tier."
HW2124,55,female,23.7,65.2,1,no,north,3.0,1971-04-25,100.0,19.57,100.0,42.86,76.39,Excellent,50-64,Normal,14306.49,Medium,Medium,14936.03,18371.32,Age,"The premium is moderate mainly because this customer is 55 years old. Combined with a strong Health Score (76/100), this places them in the Medium risk tier."
HW2125,23,female,24.4,72.6,3,no,east,4.0,2003-09-13,100.0,89.13,100.0,57.14,96.5,Excellent,18-29,Normal,12085.91,Medium,Low,7113.67,8749.81,Dependents,"The premium is low overall. The main factor pushing it up is that this customer has 3 dependents, but with a strong Health Score (96/100) they still sit in the Low risk tier."
HW2126,25,male,18.8,50.9,2,yes,east,7.0,2001-02-21,0.0,84.78,100.0,100.0,49.66,Fair,18-29,Normal,17327.54,Medium,Medium,16241.06,19976.5,Smoker,"The premium is moderate mainly because this customer is a smoker. Combined with a mid-range Health Score (50/100), this places them in the Medium risk tier."
HW2127,40,male,28.2,83.1,1,no,west,4.0,1986-01-04,100.0,52.17,85.15,57.14,82.26,Excellent,40-49,Overweight,7879.47,Low,Low,8243.43,10139.41,Raised BMI,"The premium is low overall. The main factor pushing it up is that this customer has a BMI of 28.2 (overweight range), but with a strong Health Score (82/100) they still sit in the Low risk tier."
HW2128,64,male,29.3,84.5,4,no,west,5.0,1962-02-08,100.0,0.0,80.2,71.43,66.2,Good,50-64,Overweight,18135.89,Medium,Medium,18062.66,22217.07,Raised BMI; Age; Dependents,"The premium is moderate mainly because this customer has a BMI of 29.3 (overweight range), is 64 years old, has 4 dependents. Combined with a mid-range Health Score (66/100), this places them in the Medium risk tier."
HW2129,43,male,26.9,77.5,0,no,west,3.0,1983-04-16,100.0,45.65,91.0,42.86,81.69,Excellent,40-49,Overweight,7565.9,Low,Low,8065.65,9920.75,Raised BMI,"The premium is low overall. The main factor pushing it up is that this customer has a BMI of 26.9 (overweight range), but with a strong Health Score (82/100) they still sit in the Low risk tier."
HW2130,63,male,18.8,53.7,2,yes,south,6.0,1963-05-11,0.0,2.17,100.0,85.71,25.81,Poor,50-64,Normal,44266.52,High,High,42198.34,51903.96,Smoker; Age,"The premium is high mainly because this customer is a smoker, is 63 years old. Combined with a low Health Score (26/100), this places them in the High risk tier."
HW2131,60,female,39.9,112.7,1,no,north,3.0,1966-04-21,100.0,8.7,32.5,42.86,56.79,Good,50-64,Obese,45869.96,High,High,47208.89,58066.94,High BMI; Age,"The premium is high mainly because this customer has a BMI of 39.9 (obese range), is 60 years old. Combined with a mid-range Health Score (57/100), this places them in the High risk tier."
HW2132,29,male,31.3,88.0,1,no,west,2.0,1997-05-21,100.0,76.09,71.2,28.57,85.46,Excellent,18-29,Obese,13445.95,Medium,Medium,14365.27,17669.28,High BMI; Low activity,"The premium is moderate mainly because this customer has a BMI of 31.3 (obese range), exercises only 2x per week. Combined with a strong Health Score (85/100), this places them in the Medium risk tier."
HW2133,43,male,43.8,128.3,1,yes,west,1.0,1983-11-19,0.0,45.65,14.95,14.29,16.89,Poor,40-49,Obese,55227.81,High,High,55675.68,68481.08,Smoker; High BMI; Low activity,"The premium is high mainly because this customer is a smoker, has a BMI of 43.8 (obese range), exercises only 1x per week. Combined with a low Health Score (17/100), this places them in the High risk tier."
HW2134,30,male,23.2,67.1,4,yes,west,5.0,1996-07-19,0.0,73.91,100.0,71.43,46.28,Fair,30-39,Normal,16011.33,Medium,Medium,18177.62,22358.47,Smoker; Dependents,"The premium is moderate mainly because this customer is a smoker, has 4 dependents. Combined with a mid-range Health Score (46/100), this places them in the Medium risk tier."
HW2135,57,female,33.7,96.8,4,no,north,2.0,1969-02-19,100.0,15.22,60.4,28.57,65.35,Good,50-64,Obese,16511.47,Medium,Medium,17760.75,21845.72,High BMI; Age; Low activity,"The premium is moderate mainly because this customer has a BMI of 33.7 (obese range), is 57 years old, exercises only 2x per week. Combined with a mid-range Health Score (65/100), this places them in the Medium risk tier."
HW2136,35,female,32.7,95.4,4,yes,north,3.0,1991-11-03,0.0,63.04,64.9,42.86,34.33,Poor,30-39,Obese,47554.64,High,High,47024.21,57839.78,Smoker; High BMI; Dependents,"The premium is high mainly because this customer is a smoker, has a BMI of 32.7 (obese range), has 4 dependents. Combined with a low Health Score (34/100), this places them in the High risk tier."
HW2137,42,female,26.3,76.2,3,yes,west,5.0,1984-08-20,0.0,47.83,93.7,71.43,37.25,Fair,40-49,Overweight,20037.15,Medium,Medium,19023.44,23398.83,Smoker; Raised BMI; Dependents,"The premium is moderate mainly because this customer is a smoker, has a BMI of 26.3 (overweight range), has 3 dependents. Combined with a low Health Score (37/100), this places them in the Medium risk tier."
HW2138,50,female,36.5,103.9,1,no,west,2.0,1976-03-10,100.0,30.43,47.8,28.57,66.64,Good,50-64,Obese,17025.84,Medium,Medium,16571.74,20383.24,High BMI; Age; Low activity,"The premium is moderate mainly because this customer has a BMI of 36.5 (obese range), is 50 years old, exercises only 2x per week. Combined with a mid-range Health Score (67/100), this places them in the Medium risk tier."
HW2139,64,male,25.6,78.9,2,no,east,5.0,1962-05-20,100.0,0.0,96.85,71.43,70.26,Good,50-64,Overweight,16913.49,Medium,Medium,16682.99,20520.07,Raised BMI; Age,"The premium is moderate mainly because this customer has a BMI of 25.6 (overweight range), is 64 years old. Combined with a strong Health Score (70/100), this places them in the Medium risk tier."
HW2140,57,male,25.8,76.0,4,yes,west,5.0,1969-09-08,0.0,15.22,95.95,71.43,28.44,Poor,50-64,Overweight,51638.69,High,High,46922.23,57714.34,Smoker; Raised BMI; Age,"The premium is high mainly because this customer is a smoker, has a BMI of 25.8 (overweight range), is 57 years old. Combined with a low Health Score (28/100), this places them in the High risk tier."
HW2141,60,female,16.0,46.5,4,no,south,6.0,1966-11-16,100.0,8.7,80.0,85.71,68.77,Good,50-64,Underweight,15222.26,Medium,Medium,14923.09,18355.4,Low BMI; Age; Dependents,"The premium is moderate mainly because this customer has a BMI of 16.0 (underweight range), is 60 years old, has 4 dependents. Combined with a mid-range Health Score (69/100), this places them in the Medium risk tier."
HW2142,29,female,30.5,87.1,1,yes,south,3.0,1997-07-15,0.0,76.09,74.8,42.86,40.5,Fair,18-29,Obese,40954.88,High,High,42973.66,52857.6,Smoker; High BMI,"The premium is high mainly because this customer is a smoker, has a BMI of 30.5 (obese range). Combined with a low Health Score (40/100), this places them in the High risk tier."
HW2143,61,male,20.0,59.7,4,yes,west,6.0,1965-08-21,0.0,6.52,100.0,85.71,27.06,Poor,50-64,Normal,46134.39,High,High,43481.31,53482.01,Smoker; Age; Dependents,"The premium is high mainly because this customer is a smoker, is 61 years old, has 4 dependents. Combined with a low Health Score (27/100), this places them in the High risk tier."
HW2144,53,male,24.7,69.8,3,yes,north,3.0,1973-04-23,0.0,23.91,100.0,42.86,31.67,Poor,50-64,Normal,44171.14,High,High,45372.09,55807.67,Smoker; Age; Dependents,"The premium is high mainly because this customer is a smoker, is 53 years old, has 3 dependents. Combined with a low Health Score (32/100), this places them in the High risk tier."
HW2145,21,female,21.8,61.3,3,no,east,5.0,2005-01-06,100.0,93.48,100.0,71.43,97.87,Excellent,18-29,Normal,6435.29,Low,Low,6757.69,8311.96,Dependents,"The premium is low overall. The main factor pushing it up is that this customer has 3 dependents, but with a strong Health Score (98/100) they still sit in the Low risk tier."
HW2146,22,female,25.8,77.9,4,yes,north,5.0,2004-08-07,0.0,91.3,95.95,71.43,50.29,Fair,18-29,Overweight,16191.16,Medium,Medium,17526.38,21557.45,Smoker; Raised BMI; Dependents,"The premium is moderate mainly because this customer is a smoker, has a BMI of 25.8 (overweight range), has 4 dependents. Combined with a mid-range Health Score (50/100), this places them in the Medium risk tier."
HW2147,54,female,30.7,88.8,1,yes,west,3.0,1972-02-13,0.0,21.74,73.9,42.86,24.67,Poor,50-64,Obese,46974.45,High,High,47939.65,58965.77,Smoker; High BMI; Age,"The premium is high mainly because this customer is a smoker, has a BMI of 30.7 (obese range), is 54 years old. Combined with a low Health Score (25/100), this places them in the High risk tier."
HW2148,25,female,28.1,79.7,1,no,south,3.0,2001-07-06,100.0,84.78,85.6,42.86,91.6,Excellent,18-29,Overweight,11626.45,Medium,Low,6986.21,8593.03,Raised BMI,"The premium is low overall. The main factor pushing it up is that this customer has a BMI of 28.1 (overweight range), but with a strong Health Score (92/100) they still sit in the Low risk tier."
HW2149,59,male,32.3,93.4,1,no,east,4.0,1967-05-20,100.0,10.87,66.7,57.14,65.89,Good,50-64,Obese,43408.36,High,High,42596.43,52393.61,High BMI; Age,"The premium is high mainly because this customer has a BMI of 32.3 (obese range), is 59 years old. Combined with a mid-range Health Score (66/100), this places them in the High risk tier."
HW2150,45,male,35.6,104.6,0,yes,north,3.0,1981-01-18,0.0,41.3,51.85,42.86,24.91,Poor,40-49,Obese,49164.25,High,High,49749.35,61191.7,Smoker; High BMI,"The premium is high mainly because this customer is a smoker, has a BMI of 35.6 (obese range). Combined with a low Health Score (25/100), this places them in the High risk tier."
HW2151,48,male,25.8,75.8,4,no,north,5.0,1978-07-10,100.0,34.78,95.95,71.43,80.03,Excellent,40-49,Overweight,14679.14,Medium,Medium,15946.77,19614.53,Raised BMI; Dependents,"The premium is moderate mainly because this customer has a BMI of 25.8 (overweight range), has 4 dependents. Combined with a strong Health Score (80/100), this places them in the Medium risk tier."
HW2152,26,female,25.1,74.5,1,yes,west,5.0,2000-03-05,0.0,82.61,99.1,71.43,48.56,Fair,18-29,Overweight,16715.06,Medium,Medium,16884.63,20768.09,Smoker; Raised BMI,"The premium is moderate mainly because this customer is a smoker, has a BMI of 25.1 (overweight range). Combined with a mid-range Health Score (49/100), this places them in the Medium risk tier."
HW2153,46,female,33.7,94.9,3,no,east,4.0,1980-08-13,100.0,39.13,60.4,57.14,72.47,Good,40-49,Obese,17230.45,Medium,Medium,16268.7,20010.5,High BMI; Dependents,"The premium is moderate mainly because this customer has a BMI of 33.7 (obese range), has 3 dependents. Combined with a strong Health Score (72/100), this places them in the Medium risk tier."
HW2154,31,male,34.2,100.7,2,no,south,4.0,1995-08-22,100.0,71.74,58.15,57.14,81.28,Excellent,30-39,Obese,16661.04,Medium,Medium,15235.74,18739.96,High BMI,"The premium is moderate mainly because this customer has a BMI of 34.2 (obese range). Combined with a strong Health Score (81/100), this places them in the Medium risk tier."
HW2155,57,male,32.4,93.3,2,no,west,5.0,1969-05-02,100.0,15.22,66.25,71.43,67.16,Good,50-64,Obese,15736.35,Medium,Medium,17201.73,21158.12,High BMI; Age,"The premium is moderate mainly because this customer has a BMI of 32.4 (obese range), is 57 years old. Combined with a mid-range Health Score (67/100), this places them in the Medium risk tier."
HW2156,58,male,22.3,64.6,1,no,east,6.0,1968-09-17,100.0,13.04,100.0,85.71,74.91,Good,50-64,Normal,14623.49,Medium,Medium,15256.76,18765.81,Age,"The premium is moderate mainly because this customer is 58 years old. Combined with a strong Health Score (75/100), this places them in the Medium risk tier."
HW2157,39,male,30.5,90.6,2,no,north,1.0,1987-11-18,100.0,54.35,74.8,14.29,79.97,Excellent,30-39,Obese,14134.58,Medium,Medium,15335.79,18863.03,High BMI; Low activity,"The premium is moderate mainly because this customer has a BMI of 30.5 (obese range), exercises only 1x per week. Combined with a strong Health Score (80/100), this places them in the Medium risk tier."
HW2158,28,female,28.7,84.3,2,yes,west,4.0,1998-01-12,0.0,78.26,82.9,57.14,43.23,Fair,18-29,Overweight,18244.2,Medium,Medium,17862.43,21970.79,Smoker; Raised BMI,"The premium is moderate mainly because this customer is a smoker, has a BMI of 28.7 (overweight range). Combined with a low Health Score (43/100), this places them in the Medium risk tier."
HW2159,40,male,34.3,99.8,0,no,north,3.0,1986-04-20,100.0,52.17,57.7,42.86,75.43,Excellent,40-49,Obese,14205.98,Medium,Medium,15411.11,18955.67,High BMI,"The premium is moderate mainly because this customer has a BMI of 34.3 (obese range). Combined with a strong Health Score (75/100), this places them in the Medium risk tier."
HW2160,18,male,24.6,67.1,3,yes,north,4.0,2008-05-05,0.0,100.0,100.0,57.14,53.64,Fair,18-29,Normal,17991.31,Medium,Medium,17040.69,20960.05,Smoker; Dependents,"The premium is moderate mainly because this customer is a smoker, has 3 dependents. Combined with a mid-range Health Score (54/100), this places them in the Medium risk tier."
HW2161,63,male,18.0,51.9,3,no,west,6.0,1963-08-27,100.0,2.17,96.0,85.71,70.81,Good,50-64,Underweight,16708.32,Medium,Medium,15796.13,19429.24,Low BMI; Age; Dependents,"The premium is moderate mainly because this customer has a BMI of 18.0 (underweight range), is 63 years old, has 3 dependents. Combined with a strong Health Score (71/100), this places them in the Medium risk tier."
HW2162,54,male,32.1,91.2,0,no,west,3.0,1972-11-03,100.0,21.74,67.6,42.86,69.11,Good,50-64,Obese,17144.31,Medium,Medium,16318.9,20072.25,High BMI; Age,"The premium is moderate mainly because this customer has a BMI of 32.1 (obese range), is 54 years old. Combined with a mid-range Health Score (69/100), this places them in the Medium risk tier."
HW2163,38,male,16.0,47.7,0,no,west,6.0,1988-06-13,100.0,56.52,80.0,85.71,82.5,Excellent,30-39,Underweight,6637.22,Low,Low,7004.41,8615.43,Low BMI,"The premium is low overall. The main factor pushing it up is that this customer has a BMI of 16.0 (underweight range), but with a strong Health Score (82/100) they still sit in the Low risk tier."
HW2164,43,male,23.6,70.2,2,no,west,5.0,1983-12-19,100.0,45.65,100.0,71.43,84.14,Excellent,40-49,Normal,8073.56,Low,Low,8382.65,10310.66,No elevated risk factors,"The premium is low because this customer is a non-smoker, has a healthy BMI of 23.6, exercises 5x per week. With a strong Health Score (84/100) they sit in the Low risk tier."
HW2165,63,male,21.9,62.7,4,no,west,4.0,1963-02-24,100.0,2.17,100.0,57.14,71.53,Good,50-64,Normal,16216.02,Medium,Medium,16664.7,20497.58,Age; Dependents,"The premium is moderate mainly because this customer is 63 years old, has 4 dependents. Combined with a strong Health Score (72/100), this places them in the Medium risk tier."
HW2166,53,female,21.8,61.7,2,no,north,5.0,1973-01-25,100.0,23.91,100.0,71.43,77.9,Excellent,50-64,Normal,15553.57,Medium,Medium,14565.56,17915.64,Age,"The premium is moderate mainly because this customer is 53 years old. Combined with a strong Health Score (78/100), this places them in the Medium risk tier."
HW2167,40,female,23.5,71.0,0,yes,south,4.0,1986-11-07,0.0,52.17,100.0,57.14,39.91,Fair,40-49,Normal,16001.77,Medium,Medium,17536.17,21569.49,Smoker,"The premium is moderate mainly because this customer is a smoker. Combined with a low Health Score (40/100), this places them in the Medium risk tier."
HW2168,18,female,35.3,100.8,3,no,south,2.0,2008-12-10,100.0,100.0,53.2,28.57,87.93,Excellent,18-29,Obese,14311.51,Medium,Medium,14215.12,17484.6,High BMI; Low activity; Dependents,"The premium is moderate mainly because this customer has a BMI of 35.3 (obese range), exercises only 2x per week, has 3 dependents. Combined with a strong Health Score (88/100), this places them in the Medium risk tier."
HW2169,57,female,32.9,92.7,2,no,west,2.0,1969-12-11,100.0,15.22,64.0,28.57,66.23,Good,50-64,Obese,9131.95,Low,Medium,16881.15,20763.81,High BMI; Age; Low activity,"The premium is moderate mainly because this customer has a BMI of 32.9 (obese range), is 57 years old, exercises only 2x per week. Combined with a mid-range Health Score (66/100), this places them in the Medium risk tier."
HW2170,32,male,26.5,74.9,4,no,north,4.0,1994-04-19,100.0,69.57,92.8,57.14,89.12,Excellent,30-39,Overweight,8251.26,Low,Low,8453.51,10397.81,Raised BMI; Dependents,"The premium is low overall. The main factor pushing it up is that this customer has a BMI of 26.5 (overweight range), has 4 dependents, but with a strong Health Score (89/100) they still sit in the Low risk tier."
HW2171,38,female,28.0,99.5,2,no,south,4.0,1988-06-25,100.0,56.52,86.05,57.14,83.73,Excellent,30-39,Overweight,16136.53,Medium,Low,7970.07,9803.18,Raised BMI,"The premium is low overall. The main factor pushing it up is that this customer has a BMI of 28.0 (overweight range), but with a strong Health Score (84/100) they still sit in the Low risk tier."
HW2172,64,female,21.6,60.7,1,yes,south,5.0,1962-09-20,0.0,0.0,100.0,71.43,25.06,Poor,50-64,Normal,40972.2,High,High,43461.25,53457.33,Smoker; Age,"The premium is high mainly because this customer is a smoker, is 64 years old. Combined with a low Health Score (25/100), this places them in the High risk tier."
HW2173,26,male,20.8,61.8,2,no,south,5.0,2000-10-05,100.0,82.61,100.0,71.43,94.75,Excellent,18-29,Normal,6999.02,Low,Low,7080.53,8709.05,No elevated risk factors,"The premium is low because this customer is a non-smoker, has a healthy BMI of 20.8, is young (26). With a strong Health Score (95/100) they sit in the Low risk tier."
HW2174,26,male,33.2,91.6,0,no,north,2.0,2000-11-13,100.0,82.61,62.65,28.57,85.25,Excellent,18-29,Obese,13830.05,Medium,Medium,13986.94,17203.93,High BMI; Low activity,"The premium is moderate mainly because this customer has a BMI of 33.2 (obese range), exercises only 2x per week. Combined with a strong Health Score (85/100), this places them in the Medium risk tier."
HW2175,27,female,31.5,89.3,3,yes,west,3.0,1999-09-02,0.0,80.43,70.3,42.86,40.65,Fair,18-29,Obese,44037.69,High,High,44149.0,54303.27,Smoker; High BMI; Dependents,"The premium is high mainly because this customer is a smoker, has a BMI of 31.5 (obese range), has 3 dependents. Combined with a low Health Score (41/100), this places them in the High risk tier."
HW2176,43,female,25.2,72.7,3,no,west,5.0,1983-02-21,100.0,45.65,98.65,71.43,83.81,Excellent,40-49,Overweight,8299.57,Low,Low,8318.61,10231.89,Raised BMI; Dependents,"The premium is low overall. The main factor pushing it up is that this customer has a BMI of 25.2 (overweight range), has 3 dependents, but with a strong Health Score (84/100) they still sit in the Low risk tier."
HW2177,58,male,21.2,61.7,0,no,west,7.0,1968-01-24,100.0,13.04,100.0,100.0,75.03,Excellent,50-64,Normal,15326.99,Medium,Medium,14762.28,18157.6,Age,"The premium is moderate mainly because this customer is 58 years old. Combined with a strong Health Score (75/100), this places them in the Medium risk tier."
HW2178,52,female,36.8,109.7,1,no,east,3.0,1974-05-12,100.0,26.09,46.45,42.86,65.19,Good,50-64,Obese,16457.21,Medium,Medium,16818.92,20687.27,High BMI; Age,"The premium is moderate mainly because this customer has a BMI of 36.8 (obese range), is 52 years old. Combined with a mid-range Health Score (65/100), this places them in the Medium risk tier."
HW2179,42,male,17.7,54.2,0,no,east,6.0,1984-10-02,100.0,47.83,93.6,85.71,83.33,Excellent,40-49,Underweight,7500.42,Low,Low,7308.28,8989.19,Low BMI,"The premium is low overall. The main factor pushing it up is that this customer has a BMI of 17.7 (underweight range), but with a strong Health Score (83/100) they still sit in the Low risk tier."
HW2180,43,male,24.4,67.3,2,yes,east,4.0,1983-12-09,0.0,45.65,100.0,57.14,38.04,Fair,40-49,Normal,19373.85,Medium,Medium,18878.56,23220.63,Smoker,"The premium is moderate mainly because this customer is a smoker. Combined with a low Health Score (38/100), this places them in the Medium risk tier."
HW2181,28,male,29.4,81.1,0,no,north,4.0,1998-02-23,100.0,78.26,79.75,57.14,88.43,Excellent,18-29,Overweight,7560.73,Low,Low,7272.38,8945.03,Raised BMI,"The premium is low overall. The main factor pushing it up is that this customer has a BMI of 29.4 (overweight range), but with a strong Health Score (88/100) they still sit in the Low risk tier."
HW2182,55,male,38.8,112.2,0,no,south,3.0,1971-08-22,100.0,19.57,37.45,42.86,61.12,Good,50-64,Obese,18184.05,Medium,Medium,17454.3,21468.78,High BMI; Age,"The premium is moderate mainly because this customer has a BMI of 38.8 (obese range), is 55 years old. Combined with a mid-range Health Score (61/100), this places them in the Medium risk tier."
HW2183,19,female,30.3,86.2,1,no,south,3.0,2007-11-23,100.0,97.83,75.7,42.86,92.93,Excellent,18-29,Obese,12812.87,Medium,Medium,12818.34,15766.55,High BMI,"The premium is moderate mainly because this customer has a BMI of 30.3 (obese range). Combined with a strong Health Score (93/100), this places them in the Medium risk tier."
HW2184,24,male,30.9,86.9,2,no,north,3.0,2002-11-17,100.0,86.96,73.0,42.86,89.15,Excellent,18-29,Obese,13861.29,Medium,Medium,14023.83,17249.32,High BMI,"The premium is moderate mainly because this customer has a BMI of 30.9 (obese range). Combined with a strong Health Score (89/100), this places them in the Medium risk tier."
HW2185,35,male,24.6,71.1,4,yes,north,5.0,1991-04-13,0.0,63.04,100.0,71.43,43.16,Fair,30-39,Normal,17810.95,Medium,Medium,18824.98,23154.73,Smoker; Dependents,"The premium is moderate mainly because this customer is a smoker, has 4 dependents. Combined with a low Health Score (43/100), this places them in the Medium risk tier."
HW2186,44,female,31.4,91.2,4,yes,west,3.0,1982-07-16,0.0,43.48,70.75,42.86,30.14,Poor,40-49,Obese,50212.94,High,High,47333.2,58219.83,Smoker; High BMI; Dependents,"The premium is high mainly because this customer is a smoker, has a BMI of 31.4 (obese range), has 4 dependents. Combined with a low Health Score (30/100), this places them in the High risk tier."
HW2187,51,male,28.6,81.0,3,no,west,4.0,1975-01-13,100.0,28.26,83.35,57.14,74.95,Good,50-64,Overweight,17918.16,Medium,Medium,16404.64,20177.71,Raised BMI; Age; Dependents,"The premium is moderate mainly because this customer has a BMI of 28.6 (overweight range), is 51 years old, has 3 dependents. Combined with a strong Health Score (75/100), this places them in the Medium risk tier."
HW2188,44,female,18.5,52.2,0,no,east,4.0,1982-01-11,100.0,43.48,100.0,57.14,83.39,Excellent,40-49,Normal,12186.53,Medium,Low,7130.74,8770.81,No elevated risk factors,"The premium is low because this customer is a non-smoker, has a healthy BMI of 18.5. With a strong Health Score (83/100) they sit in the Low risk tier."
HW2189,34,female,32.8,93.3,3,no,east,4.0,1992-06-20,100.0,65.22,64.45,57.14,80.95,Excellent,30-39,Obese,15444.77,Medium,Medium,15120.71,18598.47,High BMI; Dependents,"The premium is moderate mainly because this customer has a BMI of 32.8 (obese range), has 3 dependents. Combined with a strong Health Score (81/100), this places them in the Medium risk tier."
HW2190,60,female,33.8,96.9,1,yes,north,5.0,1966-03-12,0.0,8.7,59.95,71.43,17.78,Poor,50-64,Obese,49884.3,High,High,50912.2,62622.01,Smoker; High BMI; Age,"The premium is high mainly because this customer is a smoker, has a BMI of 33.8 (obese range), is 60 years old. Combined with a low Health Score (18/100), this places them in the High risk tier."
HW2191,61,male,32.8,95.9,4,no,east,3.0,1965-05-09,100.0,6.52,64.45,42.86,63.97,Good,50-64,Obese,43313.6,High,High,45076.08,55443.58,High BMI; Age; Dependents,"The premium is high mainly because this customer has a BMI of 32.8 (obese range), is 61 years old, has 4 dependents. Combined with a mid-range Health Score (64/100), this places them in the High risk tier."
HW2192,41,female,28.2,79.3,0,no,south,4.0,1985-10-26,100.0,50.0,85.15,57.14,81.63,Excellent,40-49,Overweight,7740.89,Low,Low,7669.44,9433.41,Raised BMI,"The premium is low overall. The main factor pushing it up is that this customer has a BMI of 28.2 (overweight range), but with a strong Health Score (82/100) they still sit in the Low risk tier."
HW2193,42,female,22.3,63.2,1,no,north,6.0,1984-12-27,100.0,47.83,100.0,85.71,84.89,Excellent,40-49,Normal,8817.36,Low,Low,7500.26,9225.32,No elevated risk factors,"The premium is low because this customer is a non-smoker, has a healthy BMI of 22.3, exercises 6x per week. With a strong Health Score (85/100) they sit in the Low risk tier."
HW2194,24,male,16.0,45.4,1,yes,north,4.0,2002-10-19,0.0,86.96,80.0,57.14,45.01,Fair,18-29,Underweight,16895.81,Medium,Medium,15453.27,19007.53,Smoker; Low BMI,"The premium is moderate mainly because this customer is a smoker, has a BMI of 16.0 (underweight range). Combined with a mid-range Health Score (45/100), this places them in the Medium risk tier."
HW2195,23,female,28.9,83.5,0,no,south,4.0,2003-05-26,100.0,89.13,82.0,57.14,92.1,Excellent,18-29,Overweight,7342.49,Low,Low,6677.02,8212.74,Raised BMI,"The premium is low overall. The main factor pushing it up is that this customer has a BMI of 28.9 (overweight range), but with a strong Health Score (92/100) they still sit in the Low risk tier."
HW2196,41,female,34.5,100.3,1,no,west,2.0,1985-05-09,100.0,50.0,56.8,28.57,74.45,Good,40-49,Obese,15871.89,Medium,Medium,15570.62,19151.87,High BMI; Low activity,"The premium is moderate mainly because this customer has a BMI of 34.5 (obese range), exercises only 2x per week. Combined with a strong Health Score (74/100), this places them in the Medium risk tier."
HW2197,50,female,34.0,102.3,0,no,west,3.0,1976-11-26,100.0,30.43,59.05,42.86,69.51,Good,50-64,Obese,38948.45,High,Medium,15824.52,19464.16,High BMI; Age,"The premium is moderate mainly because this customer has a BMI of 34.0 (obese range), is 50 years old. Combined with a mid-range Health Score (70/100), this places them in the Medium risk tier."
HW2198,46,female,32.9,96.2,0,no,south,3.0,1980-11-20,100.0,39.13,64.0,42.86,73.22,Good,40-49,Obese,16225.13,Medium,Medium,15278.24,18792.23,High BMI,"The premium is moderate mainly because this customer has a BMI of 32.9 (obese range). Combined with a strong Health Score (73/100), this places them in the Medium risk tier."
HW2199,60,female,27.6,81.0,2,no,south,4.0,1966-01-10,100.0,8.7,87.85,57.14,70.43,Good,50-64,Overweight,13710.01,Medium,Medium,16382.25,20150.17,Raised BMI; Age,"The premium is moderate mainly because this customer has a BMI of 27.6 (overweight range), is 60 years old. Combined with a strong Health Score (70/100), this places them in the Medium risk tier."
